rental_id,date_key,rental_duration_days,is_late,late_days,customer_key,film_key,store_key,staff_key
1,20050524,1,0,0,48,80,1,1
2,20050524,3,0,0,257,333,2,1
3,20050524,7,0,0,483,373,2,1
4,20050524,9,1,3,26,535,1,2
5,20050524,8,1,3,431,450,2,1
6,20050524,2,0,0,482,613,1,1
7,20050524,4,0,0,573,870,2,2
8,20050524,3,0,0,240,510,1,2
9,20050525,3,0,0,54,565,1,1
10,20050525,6,1,1,384,396,2,2
11,20050525,8,1,4,535,971,1,2
12,20050525,5,0,0,412,347,1,2
13,20050525,5,1,2,27,499,1,1
14,20050525,1,0,0,233,593,2,1
15,20050525,9,1,5,342,670,1,1
16,20050525,1,0,0,211,86,1,2
17,20050525,1,0,0,327,181,2,1
18,20050525,6,0,0,466,741,1,2
19,20050525,6,0,0,460,422,2,1
20,20050525,2,0,0,258,770,2,2
21,20050525,0,0,0,397,31,1,2
22,20050525,1,0,0,193,159,1,2
23,20050525,4,0,0,599,971,1,1
24,20050525,1,0,0,451,721,1,1
25,20050525,2,0,0,107,863,2,2
26,20050525,5,1,2,396,953,1,1
27,20050525,4,0,0,433,271,2,2
28,20050525,1,0,0,377,887,1,2
29,20050525,4,0,0,440,132,2,2
30,20050525,4,1,1,428,819,1,1
31,20050525,5,0,0,334,979,2,1
32,20050525,0,0,0,423,839,2,1
33,20050525,1,0,0,125,367,1,1
34,20050525,3,0,0,392,573,1,2
35,20050525,2,0,0,126,284,2,2
36,20050525,3,0,0,473,288,2,1
37,20050525,3,0,0,76,89,2,1
38,20050525,6,1,1,117,557,1,1
39,20050525,5,0,0,175,976,1,2
40,20050525,2,0,0,185,579,1,1
41,20050525,7,1,4,583,382,2,1
42,20050525,5,0,0,591,84,1,2
43,20050525,1,0,0,586,564,2,2
44,20050525,4,0,0,175,681,1,2
45,20050525,8,1,3,75,403,2,2
46,20050525,8,1,5,597,730,1,2
47,20050525,4,0,0,161,478,2,1
48,20050525,7,0,0,422,387,1,1
49,20050525,5,1,2,380,650,1,2
50,20050525,3,0,0,371,432,2,2
51,20050525,0,0,0,355,278,1,1
52,20050525,5,0,0,512,875,1,2
53,20050525,1,0,0,104,277,1,2
54,20050525,6,0,0,570,611,1,2
55,20050525,5,0,0,527,252,2,1
56,20050525,1,0,0,115,298,2,1
57,20050525,3,0,0,565,858,2,2
58,20050525,3,0,0,326,670,1,1
59,20050525,7,1,1,483,633,2,1
60,20050525,5,0,0,594,73,2,1
61,20050525,7,0,0,375,915,1,2
62,20050525,5,0,0,209,58,2,1
63,20050525,1,0,0,7,873,1,1
64,20050525,9,1,3,256,16,2,1
65,20050525,4,0,0,442,776,2,1
66,20050525,3,0,0,505,257,2,2
67,20050525,2,0,0,153,54,1,2
68,20050525,6,1,3,134,878,2,2
69,20050525,2,0,0,544,705,1,2
70,20050525,1,0,0,491,468,1,2
71,20050525,2,0,0,432,525,2,1
72,20050525,2,0,0,445,489,1,2
73,20050525,7,1,4,282,114,2,2
74,20050525,1,0,0,141,379,2,2
75,20050525,9,1,4,434,745,1,1
76,20050525,9,1,2,298,663,2,2
77,20050525,1,0,0,328,287,2,2
78,20050525,6,1,1,220,887,1,2
79,20050525,8,1,1,477,726,2,2
80,20050525,6,1,1,61,543,1,2
81,20050525,8,1,4,367,572,2,2
82,20050525,6,1,3,47,304,2,1
83,20050525,2,0,0,527,103,1,1
84,20050525,4,0,0,207,397,2,1
85,20050525,4,0,0,319,103,2,1
86,20050525,5,1,1,25,491,2,1
87,20050525,3,0,0,19,348,2,2
88,20050525,3,0,0,291,480,2,2
89,20050525,4,0,0,269,471,2,1
90,20050525,6,1,2,385,654,2,1
91,20050525,7,1,2,103,28,1,1
92,20050525,5,1,2,117,169,2,2
93,20050525,9,1,3,346,951,1,1
94,20050525,4,1,1,83,366,1,1
95,20050525,8,1,3,554,39,2,2
96,20050525,4,0,0,458,748,2,2
97,20050525,2,0,0,404,284,1,2
98,20050525,1,0,0,573,651,1,2
99,20050525,3,0,0,440,117,1,1
100,20050525,8,1,2,184,571,1,1
101,20050525,6,1,2,191,134,2,1
102,20050525,6,1,3,337,82,1,1
103,20050525,9,1,2,95,735,1,1
104,20050525,1,0,0,49,932,1,1
105,20050525,4,0,0,332,173,2,2
106,20050525,9,1,6,169,791,2,2
107,20050525,9,1,4,156,621,2,2
108,20050525,5,0,0,109,724,2,1
109,20050525,4,1,1,302,233,1,2
110,20050525,8,1,4,466,893,2,2
111,20050525,2,0,0,170,814,2,1
112,20050525,8,1,4,245,465,2,1
113,20050525,2,0,0,130,649,2,2
114,20050525,7,1,3,248,982,2,1
115,20050525,4,0,0,34,164,1,1
116,20050525,0,0,0,371,973,1,1
117,20050525,6,0,0,597,931,2,2
118,20050525,5,0,0,250,191,2,1
119,20050525,4,0,0,557,300,1,2
120,20050525,7,1,1,293,8,2,2
121,20050525,4,0,0,20,234,2,1
122,20050525,7,0,0,341,638,2,1
123,20050525,0,0,0,163,390,1,1
124,20050525,4,1,1,53,48,1,2
125,20050525,8,1,1,256,212,1,1
126,20050525,2,0,0,267,445,1,1
127,20050525,8,1,2,395,440,2,1
128,20050525,4,0,0,350,941,2,1
129,20050525,9,1,3,310,902,1,2
130,20050525,5,1,1,164,869,2,2
131,20050525,5,1,1,45,177,2,2
132,20050525,5,1,2,543,738,2,1
133,20050525,4,0,0,475,89,1,2
134,20050525,7,1,3,431,491,2,1
135,20050525,8,1,5,389,21,1,1
136,20050525,5,0,0,562,500,1,1
137,20050525,6,0,0,10,569,1,2
138,20050525,3,0,0,499,898,1,2
139,20050525,3,0,0,352,73,1,1
140,20050525,1,0,0,58,142,1,1
141,20050525,7,1,1,15,176,2,1
142,20050525,3,0,0,589,963,2,2
143,20050525,1,0,0,180,186,1,2
144,20050525,6,0,0,461,368,1,2
145,20050525,5,1,1,529,852,1,1
146,20050526,9,1,4,353,313,1,2
147,20050526,3,0,0,208,138,1,2
148,20050526,6,0,0,535,924,2,2
149,20050526,7,1,3,342,242,1,2
150,20050526,6,1,1,301,202,1,2
151,20050526,4,0,0,551,646,1,1
152,20050526,8,1,5,311,575,1,1
153,20050526,1,0,0,494,849,2,1
154,20050526,3,0,0,258,299,1,2
155,20050526,5,1,2,36,65,2,1
156,20050526,1,0,0,452,702,1,1
157,20050526,0,0,0,506,197,1,2
158,20050526,7,0,0,58,523,1,2
159,20050526,3,0,0,408,757,1,1
160,20050526,6,0,0,585,410,2,1
161,20050526,1,0,0,553,646,1,1
162,20050526,1,0,0,218,272,1,2
163,20050526,9,1,6,160,501,1,1
164,20050526,1,0,0,101,239,1,1
165,20050526,7,1,2,266,600,1,1
166,20050526,4,0,0,11,850,2,1
167,20050526,1,0,0,286,190,2,1
168,20050526,6,0,0,481,595,2,2
169,20050526,0,0,0,8,382,1,2
170,20050526,7,1,3,16,806,2,1
171,20050526,7,1,1,554,979,2,2
172,20050526,3,0,0,4,630,2,2
173,20050526,1,0,0,82,786,1,2
174,20050526,2,0,0,92,862,2,2
175,20050526,8,1,3,50,947,1,2
176,20050526,5,0,0,375,187,2,2
177,20050526,6,1,2,411,775,1,2
178,20050526,9,1,3,169,326,2,2
179,20050526,8,1,2,466,563,2,1
180,20050526,6,0,0,490,603,2,1
181,20050526,3,0,0,322,527,2,2
182,20050526,6,0,0,475,961,1,2
183,20050526,6,1,2,55,631,1,1
184,20050526,2,0,0,540,429,2,1
185,20050526,7,1,1,462,571,1,2
186,20050526,8,1,2,191,391,1,2
187,20050526,8,1,5,78,872,2,1
188,20050526,0,0,0,18,734,2,1
189,20050526,1,0,0,323,219,1,1
190,20050526,6,1,1,82,863,2,1
191,20050526,1,0,0,201,951,2,1
192,20050526,7,0,0,142,413,1,1
193,20050526,3,0,0,416,851,2,2
194,20050526,3,0,0,299,295,1,2
195,20050526,4,0,0,123,112,2,2
196,20050526,1,0,0,363,43,1,1
197,20050526,7,0,0,111,915,2,2
198,20050526,9,1,4,280,388,2,1
199,20050526,2,0,0,393,462,1,1
200,20050526,5,0,0,358,856,2,1
201,20050526,8,1,5,154,169,2,2
202,20050526,6,1,1,383,147,1,1
203,20050526,8,1,3,467,740,2,1
204,20050526,4,0,0,6,401,1,1
205,20050526,3,0,0,166,68,2,2
206,20050526,0,0,0,388,374,2,1
207,20050526,1,0,0,50,21,1,2
208,20050526,0,0,0,208,803,1,1
209,20050526,1,0,0,186,159,2,1
210,20050526,1,0,0,282,391,2,2
211,20050526,2,0,0,232,872,2,1
212,20050526,4,0,0,213,167,1,2
213,20050526,5,1,1,480,329,2,2
214,20050526,4,0,0,532,319,1,2
215,20050526,2,0,0,83,149,1,2
216,20050526,7,1,4,64,306,1,1
217,20050526,4,0,0,195,961,1,2
218,20050526,9,1,6,268,496,2,2
219,20050526,1,0,0,292,676,2,1
220,20050526,5,0,0,246,279,1,1
221,20050526,2,0,0,515,783,1,1
222,20050526,4,0,0,472,602,2,2
223,20050526,4,0,0,135,686,1,1
224,20050526,8,1,4,413,933,1,1
225,20050526,5,0,0,325,141,1,2
226,20050526,5,0,0,271,911,1,2
227,20050526,3,0,0,433,48,2,1
228,20050526,8,1,4,418,113,2,1
229,20050526,5,0,0,459,251,1,2
230,20050526,4,0,0,316,242,1,1
231,20050526,0,0,0,293,878,2,1
232,20050526,0,0,0,355,646,2,2
233,20050526,2,0,0,288,156,2,2
234,20050526,7,1,4,521,292,1,2
235,20050526,8,1,2,153,773,2,1
236,20050526,2,0,0,233,280,2,1
237,20050526,3,0,0,476,54,2,1
238,20050526,0,0,0,90,112,1,1
239,20050526,6,1,3,458,26,1,2
240,20050526,8,1,2,370,749,1,1
241,20050526,1,0,0,477,970,2,2
242,20050526,7,1,1,576,454,1,1
243,20050526,8,1,4,349,375,1,2
244,20050526,4,0,0,352,232,2,1
245,20050526,0,0,0,561,668,1,2
246,20050526,2,0,0,279,621,1,2
247,20050526,1,0,0,262,892,1,2
248,20050526,4,0,0,526,416,2,2
249,20050526,2,0,0,589,530,1,2
250,20050526,0,0,0,584,81,1,1
251,20050526,3,0,0,522,948,2,1
252,20050526,7,1,3,530,267,1,1
253,20050526,0,0,0,381,650,2,1
254,20050526,4,0,0,503,398,2,2
255,20050526,0,0,0,166,719,1,1
256,20050526,5,1,1,75,702,1,1
257,20050526,3,0,0,409,563,1,2
258,20050526,4,0,0,230,773,1,2
259,20050526,8,1,5,324,6,2,2
260,20050526,4,0,0,31,96,1,2
261,20050526,6,1,2,319,301,2,2
262,20050526,2,0,0,410,927,1,2
263,20050526,3,0,0,259,256,2,2
264,20050526,0,0,0,168,449,2,2
265,20050526,5,0,0,595,492,1,1
266,20050526,0,0,0,404,727,2,2
267,20050526,4,0,0,457,268,2,2
268,20050526,0,0,0,490,374,1,1
269,20050526,0,0,0,11,767,1,2
270,20050526,7,1,4,523,46,2,2
271,20050526,8,1,1,46,521,1,2
272,20050526,7,1,4,393,216,2,2
273,20050526,3,0,0,306,349,1,2
274,20050526,8,1,5,439,142,1,1
275,20050526,9,1,6,344,374,2,1
276,20050526,7,1,2,316,271,1,1
277,20050526,2,0,0,77,308,2,1
278,20050526,6,1,2,576,40,2,2
279,20050526,8,1,2,95,143,1,2
280,20050526,1,0,0,192,413,1,1
281,20050526,0,0,0,331,269,1,2
282,20050526,5,1,1,422,980,1,2
283,20050526,5,1,1,109,772,2,1
284,20050526,8,1,3,9,77,2,2
285,20050526,4,0,0,159,545,1,2
286,20050526,8,1,1,396,70,2,2
287,20050526,6,0,0,429,792,2,1
288,20050526,8,1,4,529,775,2,2
289,20050526,1,0,0,313,534,2,1
290,20050526,3,0,0,301,609,2,1
291,20050526,7,1,4,497,109,1,2
292,20050526,9,1,3,78,927,1,1
293,20050526,7,1,2,561,397,1,2
294,20050526,1,0,0,334,603,1,1
295,20050526,0,0,0,162,878,2,2
296,20050526,8,1,5,191,848,1,2
297,20050526,0,0,0,445,349,2,2
298,20050526,3,0,0,135,241,1,2
299,20050526,1,0,0,167,956,1,2
300,20050526,9,1,3,50,56,1,2
301,20050526,5,0,0,208,756,2,2
302,20050526,7,1,3,139,641,2,2
303,20050526,1,0,0,174,246,2,2
304,20050526,6,1,2,183,370,2,1
305,20050526,7,1,3,79,585,2,2
306,20050526,1,0,0,285,610,2,1
307,20050526,9,1,4,140,244,1,1
308,20050526,8,1,3,372,42,2,2
309,20050526,6,0,0,168,424,1,2
310,20050526,6,1,3,366,129,2,1
311,20050526,5,0,0,172,621,1,1
312,20050526,6,0,0,515,437,2,2
313,20050526,2,0,0,97,902,2,2
314,20050526,1,0,0,242,625,1,2
315,20050526,3,0,0,228,624,2,1
316,20050526,3,0,0,116,838,2,2
317,20050526,5,1,2,282,6,1,2
318,20050526,7,1,1,203,561,1,2
319,20050526,3,0,0,40,664,1,1
320,20050527,1,0,0,574,243,1,2
322,20050527,5,0,0,110,994,1,1
323,20050527,3,0,0,33,514,2,1
324,20050527,3,0,0,533,738,2,1
325,20050527,4,1,1,259,551,2,2
326,20050527,8,1,3,468,867,1,2
327,20050527,8,1,4,524,588,2,1
328,20050527,5,0,0,328,554,2,1
329,20050527,4,1,1,234,583,2,2
330,20050527,8,1,3,577,336,1,2
331,20050527,8,1,4,122,408,2,1
332,20050527,6,0,0,277,334,2,2
333,20050527,4,0,0,201,871,2,2
334,20050527,2,0,0,276,865,2,1
335,20050527,8,1,2,539,309,1,2
336,20050527,2,0,0,569,393,1,1
337,20050527,6,1,2,466,164,2,1
338,20050527,5,0,0,93,570,2,2
339,20050527,8,1,1,67,526,2,2
340,20050527,8,1,5,187,210,2,2
341,20050527,9,1,5,164,906,2,1
342,20050527,1,0,0,584,875,2,2
343,20050527,1,0,0,34,727,1,1
344,20050527,2,0,0,410,505,2,2
345,20050527,4,0,0,33,305,2,1
346,20050527,8,1,4,551,941,1,2
347,20050527,1,0,0,114,355,2,2
348,20050527,4,0,0,244,396,2,1
349,20050527,1,0,0,253,641,2,2
350,20050527,8,1,4,379,604,2,2
351,20050527,5,1,1,560,739,2,1
352,20050527,2,0,0,378,953,1,1
353,20050527,6,1,2,302,869,2,2
354,20050527,5,0,0,531,447,1,1
355,20050527,4,0,0,233,28,1,2
356,20050527,2,0,0,567,628,2,2
357,20050527,3,0,0,369,966,1,2
358,20050527,2,0,0,262,418,1,2
359,20050527,1,0,0,214,255,1,1
360,20050527,6,1,3,97,764,2,1
361,20050527,4,0,0,322,1,2,1
362,20050527,5,0,0,303,504,2,1
363,20050527,1,0,0,388,932,1,2
364,20050527,4,0,0,428,182,1,2
365,20050527,7,1,1,192,634,2,1
366,20050527,7,1,2,151,79,1,2
367,20050527,2,0,0,267,753,2,2
368,20050527,8,1,5,70,275,2,2
369,20050527,4,0,0,237,209,1,2
370,20050527,8,1,1,351,735,2,2
371,20050527,8,1,2,436,273,2,2
372,20050527,7,1,4,434,891,1,2
373,20050527,5,1,1,79,360,1,1
374,20050527,8,1,5,295,966,2,1
375,20050527,8,1,1,317,394,1,1
376,20050527,5,1,1,246,702,2,1
377,20050527,5,0,0,232,661,1,2
378,20050527,2,0,0,291,484,2,1
379,20050527,5,1,1,165,759,2,1
380,20050527,8,1,2,4,385,2,1
381,20050527,4,0,0,396,603,1,1
382,20050527,4,0,0,52,949,2,1
383,20050527,7,1,3,157,213,1,1
384,20050527,5,0,0,396,202,1,2
385,20050527,3,0,0,596,344,1,2
386,20050527,2,0,0,467,285,1,1
387,20050527,5,1,2,248,589,2,2
388,20050527,2,0,0,212,96,1,1
389,20050527,8,1,3,245,151,1,2
390,20050527,6,1,2,445,823,1,2
391,20050527,5,0,0,83,474,2,2
392,20050527,5,0,0,9,58,2,2
393,20050527,0,0,0,168,30,1,2
394,20050527,7,1,1,208,412,1,2
395,20050527,4,0,0,327,164,2,1
396,20050527,1,0,0,564,228,2,1
397,20050527,1,0,0,59,912,2,2
398,20050527,5,0,0,102,367,2,1
399,20050527,2,0,0,522,120,1,1
400,20050527,3,0,0,116,57,2,2
401,20050527,2,0,0,443,471,1,2
402,20050527,2,0,0,58,101,2,2
403,20050527,1,0,0,112,868,1,2
404,20050527,3,0,0,96,285,2,1
405,20050527,9,1,6,125,891,2,2
406,20050527,2,0,0,8,462,2,1
407,20050527,4,0,0,440,240,2,1
408,20050527,0,0,0,320,314,2,1
409,20050527,5,0,0,502,797,2,2
410,20050527,6,1,3,248,873,1,2
411,20050527,7,1,4,397,314,1,1
412,20050527,2,0,0,140,307,1,2
413,20050527,6,1,1,37,770,2,1
414,20050527,3,0,0,21,228,2,2
415,20050527,1,0,0,389,809,2,2
416,20050527,1,0,0,431,517,2,2
417,20050527,2,0,0,528,487,2,2
418,20050527,7,1,4,101,673,1,2
419,20050527,5,0,0,40,552,2,1
420,20050527,6,1,3,130,135,1,2
421,20050527,7,1,3,53,654,2,2
422,20050527,4,0,0,330,254,2,2
423,20050527,6,0,0,365,387,2,1
424,20050527,8,1,5,161,618,2,1
425,20050527,7,1,1,553,331,2,2
426,20050527,8,1,4,406,245,1,1
427,20050527,8,1,5,346,366,1,2
428,20050527,4,0,0,265,735,2,2
429,20050527,9,1,6,380,25,2,2
430,20050527,8,1,3,501,417,1,1
431,20050527,8,1,5,27,984,1,1
432,20050527,1,0,0,443,248,2,1
433,20050527,3,0,0,273,951,2,2
434,20050527,8,1,5,53,738,1,1
435,20050527,5,0,0,173,732,1,2
436,20050527,3,0,0,103,941,1,2
437,20050527,8,1,2,272,391,1,2
438,20050527,9,1,4,116,926,2,2
439,20050527,6,0,0,342,78,2,2
440,20050527,1,0,0,61,973,1,1
441,20050527,3,0,0,280,346,2,1
442,20050527,2,0,0,235,319,2,2
443,20050527,8,1,4,285,439,2,1
444,20050527,4,0,0,240,158,2,1
445,20050527,3,0,0,479,382,1,2
446,20050527,6,0,0,286,426,2,2
447,20050527,8,1,1,344,850,1,1
448,20050527,7,1,3,323,586,2,2
449,20050527,7,0,0,510,540,1,2
450,20050527,9,1,4,323,296,1,1
451,20050527,1,0,0,137,45,2,2
452,20050527,3,0,0,449,656,2,2
453,20050527,2,0,0,188,967,2,1
454,20050527,2,0,0,327,767,1,1
455,20050527,8,1,1,337,735,1,2
456,20050527,6,1,2,46,370,1,1
457,20050527,5,0,0,216,516,2,2
458,20050527,9,1,5,390,736,1,1
459,20050527,2,0,0,191,130,2,1
460,20050527,0,0,0,279,921,2,1
461,20050527,4,0,0,444,450,2,1
462,20050527,7,1,3,329,502,2,2
463,20050527,8,1,1,31,181,1,1
464,20050527,2,0,0,306,290,1,2
465,20050527,5,0,0,412,4,2,1
466,20050527,1,0,0,119,388,1,1
467,20050527,4,0,0,312,75,2,1
468,20050527,7,1,4,455,583,1,2
469,20050527,9,1,3,128,975,2,1
470,20050527,7,1,3,562,352,2,1
471,20050527,3,0,0,187,629,2,2
472,20050527,1,0,0,6,295,1,1
473,20050527,8,1,2,524,174,2,1
474,20050527,3,0,0,208,322,2,1
475,20050527,0,0,0,24,554,1,1
476,20050527,6,0,0,349,535,1,1
477,20050527,5,1,2,265,531,2,2
478,20050527,3,0,0,312,93,2,2
479,20050527,9,1,4,234,447,1,2
480,20050527,7,1,2,502,457,2,2
481,20050527,2,0,0,13,15,1,2
482,20050527,5,1,2,111,908,2,2
483,20050527,0,0,0,204,330,1,1
484,20050527,1,0,0,150,684,2,2
485,20050527,0,0,0,524,522,2,2
486,20050527,0,0,0,41,396,2,1
487,20050528,0,0,0,104,826,2,2
488,20050528,6,0,0,96,86,2,2
489,20050528,3,0,0,71,422,2,2
490,20050528,2,0,0,217,771,2,2
491,20050528,0,0,0,169,293,1,2
492,20050528,0,0,0,68,435,1,1
493,20050528,2,0,0,417,40,2,1
494,20050528,5,0,0,85,403,1,1
495,20050528,1,0,0,550,226,1,1
496,20050528,7,1,2,164,388,1,1
497,20050528,6,1,2,383,578,2,2
498,20050528,2,0,0,231,101,1,2
499,20050528,8,1,5,587,519,2,2
500,20050528,3,0,0,471,982,2,1
501,20050528,2,0,0,159,131,1,2
502,20050528,2,0,0,435,688,2,2
503,20050528,0,0,0,346,659,2,2
504,20050528,2,0,0,232,452,2,1
505,20050528,1,0,0,580,15,1,1
506,20050528,8,1,3,481,145,2,1
507,20050528,5,0,0,219,790,2,2
508,20050528,8,1,5,405,910,2,1
509,20050528,3,0,0,303,748,2,1
510,20050528,2,0,0,581,945,2,2
511,20050528,6,1,1,218,838,2,1
512,20050528,7,1,3,234,470,1,2
513,20050528,1,0,0,292,50,2,1
514,20050528,7,1,3,392,369,2,2
515,20050528,6,1,2,88,739,1,2
516,20050528,6,0,0,554,949,2,1
517,20050528,1,0,0,235,52,2,1
518,20050528,2,0,0,513,891,1,1
519,20050528,6,1,3,477,778,2,1
520,20050528,7,1,3,265,842,1,1
521,20050528,0,0,0,63,524,1,1
522,20050528,3,0,0,567,702,1,1
523,20050528,3,0,0,94,415,1,2
524,20050528,3,0,0,382,428,1,1
525,20050528,8,1,4,551,395,1,1
526,20050528,2,0,0,483,304,1,1
527,20050528,5,1,1,108,59,1,1
528,20050528,6,1,1,9,361,2,2
529,20050528,1,0,0,481,575,2,1
530,20050528,4,0,0,459,733,1,2
531,20050528,1,0,0,145,247,1,2
532,20050528,4,0,0,134,613,1,1
533,20050528,4,1,1,6,938,1,2
534,20050528,9,1,2,363,220,2,1
535,20050528,2,0,0,37,915,1,1
536,20050528,6,1,2,131,649,2,2
537,20050528,8,1,4,264,680,2,2
538,20050528,4,0,0,88,489,1,2
539,20050528,1,0,0,265,751,2,1
540,20050528,8,1,5,153,730,2,1
541,20050528,5,1,2,76,363,1,2
542,20050528,6,1,2,412,971,1,1
543,20050528,9,1,5,519,116,2,2
544,20050528,8,1,5,439,650,1,1
545,20050528,6,1,2,280,242,2,2
546,20050528,4,1,1,383,109,1,1
547,20050528,8,1,5,248,448,1,2
548,20050528,7,1,2,251,810,2,2
549,20050528,5,1,1,24,395,1,1
550,20050528,9,1,3,468,793,1,2
551,20050528,5,0,0,264,686,1,2
552,20050528,7,1,1,430,5,2,2
553,20050528,4,0,0,4,298,1,2
554,20050528,2,0,0,438,425,2,2
555,20050528,1,0,0,427,961,1,2
556,20050528,8,1,1,351,394,1,2
557,20050528,6,0,0,154,34,2,2
558,20050528,9,1,2,119,905,1,1
559,20050528,7,1,2,414,272,1,2
560,20050528,7,1,1,72,140,1,2
561,20050528,7,1,1,40,206,1,1
562,20050528,4,0,0,262,744,2,2
563,20050528,9,1,3,129,11,1,1
564,20050528,0,0,0,422,651,2,1
565,20050528,3,0,0,346,327,1,1
566,20050528,7,1,1,290,944,2,1
567,20050528,3,0,0,363,728,1,2
568,20050528,3,0,0,488,483,1,1
569,20050528,5,1,1,164,989,2,2
570,20050528,1,0,0,31,249,1,1
571,20050528,7,0,0,67,924,1,1
572,20050528,4,1,1,295,414,1,2
573,20050528,5,0,0,298,875,2,1
574,20050528,7,1,1,304,849,1,1
575,20050528,8,1,5,535,973,1,1
576,20050528,7,1,2,120,407,1,2
577,20050528,4,0,0,565,83,1,2
578,20050528,4,0,0,23,645,2,1
579,20050528,5,1,2,568,763,1,1
580,20050528,3,0,0,429,770,2,2
581,20050528,7,1,1,199,303,1,2
582,20050528,0,0,0,369,1000,2,1
583,20050528,6,1,2,525,588,2,2
584,20050528,4,0,0,3,398,2,1
585,20050528,6,1,2,138,775,1,2
586,20050528,1,0,0,40,200,1,1
587,20050528,2,0,0,85,309,2,2
588,20050528,1,0,0,15,19,1,2
589,20050528,5,1,2,563,920,1,2
590,20050528,4,0,0,452,104,2,1
591,20050528,1,0,0,466,83,2,2
592,20050528,1,0,0,403,139,1,1
593,20050528,2,0,0,539,393,1,2
594,20050528,1,0,0,80,608,1,1
595,20050528,8,1,1,555,130,1,1
596,20050528,1,0,0,145,179,1,1
597,20050528,9,1,3,116,976,2,2
598,20050528,6,0,0,24,130,2,2
599,20050528,4,0,0,437,898,2,2
600,20050528,5,1,2,29,344,1,2
601,20050528,6,1,2,301,708,2,1
602,20050528,8,1,3,28,287,1,2
603,20050528,0,0,0,547,715,1,1
604,20050528,5,0,0,221,348,2,2
605,20050528,3,0,0,417,920,1,2
606,20050528,6,1,3,277,768,1,2
607,20050528,1,0,0,223,561,1,2
608,20050528,7,1,4,147,925,1,2
609,20050528,7,1,1,330,646,2,2
610,20050528,4,0,0,245,795,1,2
611,20050528,3,0,0,401,273,1,2
612,20050528,1,0,0,265,471,1,2
613,20050528,5,1,2,98,60,1,1
614,20050528,6,0,0,37,63,1,2
615,20050528,6,1,1,82,745,2,2
616,20050528,4,0,0,465,220,2,1
617,20050528,2,0,0,249,900,1,2
618,20050528,4,0,0,577,972,1,1
619,20050528,9,1,5,470,544,2,2
620,20050528,7,1,3,358,533,1,1
621,20050528,2,0,0,240,253,1,1
622,20050528,6,0,0,467,514,2,1
623,20050528,1,0,0,81,271,1,1
624,20050528,9,1,2,104,800,1,1
625,20050528,3,0,0,174,634,2,1
626,20050528,3,0,0,165,100,1,2
627,20050528,7,1,3,121,93,2,2
628,20050528,8,1,3,23,552,2,2
629,20050528,5,0,0,395,334,1,2
630,20050528,8,1,4,457,277,1,2
631,20050528,5,0,0,302,539,1,2
632,20050528,5,0,0,119,284,2,1
633,20050528,6,0,0,421,11,2,2
634,20050528,7,1,3,450,577,1,2
635,20050528,9,1,5,504,360,1,1
636,20050528,6,1,3,240,916,1,1
637,20050528,1,0,0,375,347,1,2
638,20050528,5,1,2,249,589,2,2
639,20050528,0,0,0,369,914,2,1
640,20050528,1,0,0,347,110,1,1
641,20050528,6,0,0,281,776,1,1
642,20050528,4,0,0,378,28,1,2
643,20050528,2,0,0,279,682,1,2
644,20050528,6,1,3,211,938,1,1
645,20050528,7,1,1,408,687,2,1
646,20050528,2,0,0,258,417,2,2
647,20050528,3,0,0,104,753,2,1
648,20050528,5,0,0,290,762,2,2
649,20050528,7,0,0,83,387,2,1
650,20050528,1,0,0,91,958,1,1
651,20050528,1,0,0,25,162,1,1
652,20050528,0,0,0,163,267,1,2
653,20050528,6,1,3,508,25,1,2
654,20050528,2,0,0,310,502,1,2
655,20050528,2,0,0,231,73,2,2
656,20050528,1,0,0,142,624,2,1
657,20050528,3,0,0,162,186,1,1
658,20050528,8,1,4,370,708,2,2
659,20050528,2,0,0,175,303,2,2
660,20050528,1,0,0,321,309,2,1
661,20050528,4,0,0,557,486,1,2
662,20050528,3,0,0,314,650,2,2
663,20050528,4,0,0,4,870,2,2
664,20050528,4,0,0,591,18,1,2
665,20050528,0,0,0,359,227,1,1
666,20050528,7,0,0,142,676,2,2
667,20050528,2,0,0,174,174,1,1
668,20050528,1,0,0,126,772,1,1
669,20050528,5,0,0,89,804,2,1
670,20050528,9,1,4,172,51,1,2
671,20050528,5,0,0,551,230,1,2
672,20050528,8,1,3,317,152,1,2
673,20050528,4,0,0,191,383,2,1
674,20050528,4,0,0,137,254,2,2
675,20050528,3,0,0,469,282,1,2
676,20050528,0,0,0,138,506,1,2
677,20050528,7,1,2,276,995,1,2
678,20050528,5,1,1,573,818,1,2
679,20050528,8,1,1,550,201,1,2
680,20050528,4,1,1,324,901,1,2
681,20050528,3,0,0,288,735,2,1
682,20050528,0,0,0,425,694,1,2
683,20050529,4,0,0,83,443,2,1
684,20050529,6,1,2,399,711,2,2
685,20050529,7,1,4,510,304,1,2
686,20050529,1,0,0,239,532,2,1
687,20050529,2,0,0,375,377,1,1
688,20050529,4,0,0,159,898,1,1
689,20050529,5,1,1,418,162,2,2
690,20050529,7,1,4,534,580,1,1
691,20050529,9,1,6,353,879,1,1
692,20050529,4,0,0,371,174,2,2
693,20050529,5,0,0,501,138,2,2
694,20050529,7,1,4,384,129,2,1
695,20050529,5,1,1,6,930,2,1
696,20050529,3,0,0,466,450,2,1
697,20050529,5,1,2,139,861,2,2
698,20050529,3,0,0,467,309,2,1
699,20050529,6,1,3,53,26,1,2
700,20050529,1,0,0,197,111,2,1
701,20050529,5,1,2,564,82,1,1
702,20050529,0,0,0,528,560,1,2
703,20050529,5,0,0,573,249,2,2
704,20050529,7,0,0,546,576,2,2
705,20050529,1,0,0,352,616,2,1
706,20050529,6,1,1,203,493,2,1
707,20050529,0,0,0,536,179,1,1
708,20050529,2,0,0,449,688,2,2
709,20050529,8,1,5,543,537,2,1
710,20050529,5,0,0,518,43,2,1
711,20050529,2,0,0,66,1000,2,2
712,20050529,0,0,0,89,912,1,2
713,20050529,9,1,2,512,800,2,1
714,20050529,3,0,0,531,437,2,2
715,20050529,7,1,1,526,442,1,1
716,20050529,3,0,0,253,17,2,2
717,20050529,1,0,0,201,303,2,2
718,20050529,3,0,0,380,378,1,1
719,20050529,3,0,0,477,59,2,2
720,20050529,7,1,3,513,806,2,2
721,20050529,2,0,0,440,247,2,1
722,20050529,7,1,3,200,991,2,1
723,20050529,1,0,0,268,747,1,1
724,20050529,6,0,0,381,825,1,2
725,20050529,5,1,2,477,891,1,2
726,20050529,6,0,0,531,206,2,2
727,20050529,1,0,0,126,356,1,1
728,20050529,5,0,0,36,55,1,1
729,20050529,5,0,0,326,368,1,2
730,20050529,7,0,0,83,761,2,1
731,20050529,0,0,0,496,896,2,1
732,20050529,1,0,0,444,555,2,2
733,20050529,7,1,3,307,647,2,1
734,20050529,5,1,2,80,678,1,2
735,20050529,9,1,3,345,749,2,1
736,20050529,7,1,3,578,807,1,2
737,20050529,6,0,0,145,167,2,2
738,20050529,8,1,4,355,494,1,2
739,20050529,8,1,2,320,263,2,2
740,20050529,6,1,1,15,131,1,2
741,20050529,6,1,2,81,700,2,1
742,20050529,7,1,2,511,61,1,1
743,20050529,8,1,4,411,555,2,2
744,20050529,2,0,0,556,814,1,2
745,20050529,2,0,0,214,127,1,1
746,20050529,3,0,0,48,930,1,2
747,20050529,6,1,3,570,434,1,1
748,20050529,4,0,0,597,615,2,1
749,20050529,2,0,0,140,253,2,2
750,20050529,1,0,0,573,159,2,1
751,20050529,3,0,0,291,595,2,1
752,20050529,5,1,1,54,375,1,1
753,20050529,6,1,2,220,228,2,2
754,20050529,5,1,1,91,160,2,2
755,20050529,2,0,0,493,679,2,2
756,20050529,6,1,3,172,692,2,1
757,20050529,9,1,5,99,238,1,1
758,20050529,3,0,0,424,265,1,2
759,20050529,9,1,2,435,515,2,2
760,20050529,4,1,1,40,715,2,1
761,20050529,5,0,0,316,509,2,2
762,20050529,7,1,2,575,805,2,1
763,20050529,2,0,0,485,439,2,1
764,20050529,2,0,0,549,239,1,1
765,20050529,4,1,1,3,114,1,1
766,20050529,7,1,3,7,465,2,1
767,20050529,4,0,0,122,150,2,2
768,20050529,8,1,3,521,636,1,2
769,20050529,3,0,0,327,333,1,1
770,20050529,9,1,2,20,546,2,2
771,20050529,3,0,0,71,78,1,2
772,20050529,7,1,4,540,730,2,1
773,20050529,9,1,3,424,55,1,1
774,20050529,3,0,0,327,265,1,1
775,20050529,0,0,0,516,266,2,2
776,20050529,5,0,0,581,945,2,1
777,20050529,4,0,0,421,100,1,2
778,20050529,7,1,3,76,395,1,1
779,20050529,8,1,2,524,117,1,1
780,20050529,8,1,3,216,417,1,1
781,20050529,1,0,0,89,18,1,1
782,20050529,3,0,0,174,488,1,2
783,20050529,7,0,0,291,668,2,2
784,20050529,3,0,0,69,645,1,2
785,20050529,1,0,0,407,8,2,1
786,20050529,8,1,4,267,578,2,2
787,20050529,8,1,1,398,855,2,2
788,20050529,2,0,0,376,166,2,1
789,20050529,8,1,2,598,154,2,1
790,20050529,4,0,0,558,626,2,2
791,20050529,3,0,0,365,341,1,1
792,20050529,2,0,0,412,623,2,1
793,20050529,8,1,1,6,84,1,2
794,20050529,6,1,3,485,434,2,1
795,20050529,2,0,0,36,132,1,2
796,20050529,4,0,0,176,592,1,2
797,20050529,4,0,0,403,317,1,1
798,20050529,2,0,0,151,245,1,2
799,20050529,6,1,3,301,374,1,1
800,20050529,0,0,0,589,97,2,1
801,20050529,5,0,0,158,358,1,2
802,20050529,2,0,0,451,172,1,2
803,20050529,0,0,0,204,350,2,2
804,20050529,8,1,5,315,853,1,1
805,20050529,8,1,2,377,688,2,2
806,20050529,1,0,0,99,521,1,2
807,20050529,4,0,0,133,474,2,2
808,20050529,8,1,3,160,418,2,2
809,20050529,6,1,2,431,458,2,2
810,20050529,6,0,0,442,556,1,2
811,20050529,3,0,0,286,966,2,2
812,20050529,0,0,0,182,244,2,2
813,20050529,7,1,1,506,994,1,1
814,20050529,8,1,5,151,345,1,1
815,20050529,4,0,0,551,822,2,1
816,20050529,8,1,5,362,137,2,2
817,20050529,1,0,0,223,42,2,1
818,20050529,4,0,0,358,893,2,2
819,20050529,3,0,0,115,135,2,2
820,20050529,8,1,5,351,567,1,2
821,20050529,6,0,0,494,741,2,1
822,20050529,8,1,4,513,578,1,1
823,20050529,1,0,0,2,715,1,1
824,20050529,1,0,0,461,771,1,1
825,20050529,5,0,0,396,155,2,2
826,20050529,9,1,5,175,489,1,1
827,20050529,7,1,1,305,12,1,1
828,20050529,0,0,0,226,540,1,1
829,20050529,7,1,1,396,367,1,1
830,20050529,2,0,0,173,759,2,1
831,20050529,7,1,3,193,854,2,1
832,20050529,8,1,2,24,303,1,2
833,20050529,3,0,0,457,637,2,1
834,20050529,0,0,0,320,791,2,2
835,20050529,4,0,0,8,67,2,1
836,20050529,1,0,0,256,690,1,2
837,20050530,3,0,0,510,218,1,2
838,20050530,7,1,2,562,626,2,2
839,20050530,9,1,4,295,411,1,1
840,20050530,1,0,0,284,881,2,2
841,20050530,3,0,0,139,941,1,1
842,20050530,2,0,0,228,505,2,1
843,20050530,1,0,0,89,479,1,2
844,20050530,1,0,0,301,117,2,1
845,20050530,8,1,4,407,436,1,1
846,20050530,1,0,0,458,208,1,2
847,20050530,7,1,1,419,958,2,2
848,20050530,6,1,1,75,300,2,1
849,20050530,8,1,5,259,529,1,1
850,20050530,1,0,0,492,521,2,1
851,20050530,7,0,0,14,610,1,1
852,20050530,2,0,0,482,354,1,1
853,20050530,2,0,0,391,807,2,1
854,20050530,2,0,0,334,204,2,2
855,20050530,4,0,0,592,555,1,2
856,20050530,8,1,5,291,865,1,1
857,20050530,3,0,0,522,563,1,2
858,20050530,2,0,0,225,279,1,1
859,20050530,3,0,0,284,665,2,2
860,20050530,9,1,6,578,126,2,1
861,20050530,7,0,0,230,812,1,1
862,20050530,4,0,0,241,264,2,1
863,20050530,6,0,0,186,871,1,2
864,20050530,7,0,0,59,609,2,1
865,20050530,8,1,5,128,698,1,2
866,20050530,9,1,4,364,628,2,1
867,20050530,2,0,0,474,744,1,1
868,20050530,0,0,0,212,788,1,1
869,20050530,4,0,0,218,745,2,2
870,20050530,7,0,0,282,638,1,1
871,20050530,5,0,0,595,999,2,2
872,20050530,7,1,3,411,852,1,1
873,20050530,7,1,1,140,998,2,2
874,20050530,2,0,0,478,79,2,1
875,20050530,6,1,1,454,313,1,2
876,20050530,8,1,3,124,322,1,2
877,20050530,3,0,0,379,196,1,1
878,20050530,7,1,2,326,928,1,1
879,20050530,5,0,0,324,875,2,2
880,20050530,2,0,0,135,395,2,2
881,20050530,3,0,0,109,131,1,1
882,20050530,3,0,0,541,841,2,1
883,20050530,7,1,3,384,491,1,2
884,20050530,1,0,0,429,889,1,1
885,20050530,4,0,0,572,140,2,2
886,20050530,1,0,0,437,949,1,2
887,20050530,1,0,0,539,598,1,2
888,20050530,7,1,1,415,86,1,1
889,20050530,1,0,0,166,286,2,2
890,20050530,2,0,0,402,320,2,1
891,20050530,9,1,5,282,572,2,1
892,20050530,6,0,0,208,103,2,1
893,20050530,8,1,2,230,717,2,2
894,20050530,8,1,5,554,247,2,1
895,20050530,6,1,1,196,602,1,1
896,20050530,5,1,2,175,619,1,2
897,20050530,8,1,3,468,294,2,1
898,20050530,2,0,0,95,766,1,2
899,20050530,7,1,2,373,244,1,2
900,20050530,8,1,4,499,775,1,1
901,20050530,3,0,0,200,166,1,1
902,20050530,8,1,2,559,331,1,1
903,20050530,3,0,0,83,529,1,1
904,20050530,5,0,0,440,539,1,2
905,20050530,6,1,3,485,953,1,1
906,20050530,7,1,2,482,406,2,2
907,20050530,2,0,0,248,730,2,1
908,20050530,3,0,0,534,968,1,1
909,20050530,9,1,4,318,827,1,1
910,20050530,5,0,0,63,571,2,1
911,20050530,8,1,2,509,307,2,2
912,20050530,0,0,0,503,703,2,2
913,20050530,8,1,3,334,706,2,2
914,20050530,4,0,0,174,305,1,2
915,20050530,3,0,0,339,406,1,1
916,20050530,0,0,0,565,285,1,1
917,20050530,2,0,0,300,792,2,1
918,20050530,0,0,0,83,178,1,2
919,20050530,3,0,0,63,882,1,2
920,20050530,2,0,0,165,845,1,2
921,20050530,3,0,0,237,397,1,2
922,20050530,8,1,4,132,533,1,2
923,20050530,5,0,0,107,410,2,1
924,20050530,5,1,2,479,723,1,1
925,20050530,3,0,0,360,704,1,2
926,20050530,1,0,0,304,942,2,2
927,20050530,1,0,0,192,255,2,2
928,20050530,6,0,0,284,55,2,2
929,20050530,6,1,3,476,936,2,1
930,20050530,4,0,0,274,621,2,2
931,20050530,1,0,0,219,743,2,1
932,20050530,0,0,0,369,158,1,2
933,20050530,2,0,0,486,804,1,1
934,20050530,9,1,2,203,786,1,2
935,20050530,2,0,0,355,528,1,1
936,20050530,8,1,1,481,200,2,1
937,20050530,5,0,0,389,234,2,2
938,20050530,4,0,0,443,331,2,2
939,20050530,2,0,0,179,290,1,1
940,20050530,2,0,0,183,283,1,1
941,20050530,2,0,0,376,792,2,1
942,20050530,9,1,2,244,931,2,2
943,20050530,7,0,0,311,817,1,1
944,20050530,8,1,3,527,31,2,2
945,20050530,2,0,0,461,315,2,2
946,20050530,8,1,1,318,280,2,1
947,20050530,5,0,0,572,979,1,1
948,20050530,9,1,4,477,127,2,2
949,20050530,3,0,0,256,476,2,1
950,20050530,1,0,0,472,109,2,1
951,20050530,1,0,0,213,305,2,2
952,20050530,2,0,0,439,958,2,2
953,20050530,1,0,0,593,474,2,1
954,20050530,8,1,2,180,273,1,2
955,20050530,0,0,0,433,899,1,2
956,20050530,7,1,1,218,140,2,2
957,20050530,3,0,0,194,968,1,2
958,20050530,2,0,0,199,119,2,2
959,20050530,2,0,0,76,683,1,2
960,20050530,4,1,1,13,429,1,2
961,20050530,5,0,0,120,725,1,2
962,20050530,6,1,2,590,989,2,1
963,20050530,7,1,2,182,417,2,2
964,20050530,5,1,2,231,142,2,2
965,20050530,0,0,0,230,738,1,2
966,20050530,1,0,0,110,285,2,1
967,20050530,9,1,2,546,426,2,2
968,20050530,0,0,0,493,23,2,2
969,20050530,1,0,0,36,98,1,1
970,20050530,9,1,3,37,331,2,1
971,20050530,7,0,0,559,639,2,1
972,20050530,6,0,0,239,1,1,1
973,20050530,9,1,3,244,416,2,2
974,20050530,9,1,6,174,574,1,2
975,20050530,3,0,0,597,683,1,2
976,20050530,6,1,3,333,496,2,2
977,20050530,5,0,0,480,442,1,2
978,20050530,7,1,4,128,90,1,1
979,20050530,8,1,1,260,855,1,2
980,20050530,1,0,0,341,906,2,1
981,20050530,1,0,0,454,640,2,2
982,20050530,2,0,0,250,778,1,1
983,20050530,3,0,0,339,12,2,1
984,20050530,1,0,0,146,501,1,2
985,20050530,5,1,2,123,345,2,1
986,20050530,1,0,0,290,880,2,1
987,20050530,7,1,1,297,86,1,1
988,20050530,7,1,3,238,301,1,1
989,20050530,3,0,0,472,958,2,2
990,20050530,6,1,2,439,907,1,2
991,20050530,7,1,3,558,627,2,1
992,20050530,5,0,0,236,782,1,1
993,20050530,4,0,0,357,451,1,1
994,20050530,4,0,0,589,614,2,2
995,20050531,6,1,1,330,4,1,2
996,20050531,0,0,0,19,450,1,2
997,20050531,2,0,0,39,922,2,2
998,20050531,1,0,0,87,745,1,1
999,20050531,3,0,0,185,969,1,2
1000,20050531,8,1,2,29,385,1,2
1001,20050531,6,0,0,85,328,2,2
1002,20050531,6,0,0,426,155,1,1
1003,20050531,2,0,0,265,26,2,2
1004,20050531,1,0,0,390,348,2,1
1005,20050531,4,1,1,36,872,2,2
1006,20050531,2,0,0,431,759,2,1
1007,20050531,7,1,4,12,698,2,2
1008,20050531,1,0,0,118,203,2,2
1009,20050531,3,0,0,113,554,2,1
1010,20050531,1,0,0,458,879,2,2
1011,20050531,4,1,1,520,23,2,2
1012,20050531,3,0,0,570,150,2,1
1013,20050531,2,0,0,95,987,1,2
1014,20050531,1,0,0,374,167,1,2
1015,20050531,7,1,2,550,810,1,2
1016,20050531,4,1,1,522,750,1,1
1017,20050531,3,0,0,539,274,2,1
1018,20050531,2,0,0,97,418,2,2
1019,20050531,3,0,0,260,866,2,1
1020,20050531,2,0,0,94,746,1,2
1021,20050531,8,1,3,270,597,2,2
1022,20050531,8,1,5,240,184,2,1
1023,20050531,5,1,1,170,544,2,2
1024,20050531,9,1,5,571,502,1,2
1025,20050531,8,1,2,130,353,2,2
1026,20050531,6,1,3,16,137,2,2
1027,20050531,9,1,5,427,596,2,1
1028,20050531,1,0,0,557,979,1,1
1029,20050531,6,0,0,485,451,2,1
1030,20050531,1,0,0,103,861,2,1
1031,20050531,6,1,2,381,204,1,1
1032,20050531,1,0,0,410,645,1,2
1033,20050531,1,0,0,385,3,2,1
1034,20050531,9,1,6,479,895,1,2
1035,20050531,1,0,0,42,211,1,1
1036,20050531,3,0,0,599,467,2,1
1037,20050531,8,1,2,104,176,2,1
1038,20050531,1,0,0,300,277,1,2
1039,20050531,1,0,0,516,543,1,2
1040,20050531,8,1,1,416,559,1,1
1041,20050531,6,1,2,125,969,1,2
1042,20050531,0,0,0,248,693,1,1
1043,20050531,8,1,3,201,504,1,2
1044,20050531,2,0,0,456,563,2,1
1045,20050531,8,1,3,97,760,2,1
1046,20050531,2,0,0,435,103,1,2
1047,20050531,4,0,0,407,301,1,2
1048,20050531,2,0,0,427,617,1,1
1049,20050531,2,0,0,459,854,2,2
1050,20050531,3,0,0,595,159,1,2
1051,20050531,2,0,0,53,229,2,1
1052,20050531,5,0,0,373,466,1,1
1053,20050531,4,1,1,169,816,2,1
1054,20050531,1,0,0,54,346,1,2
1055,20050531,2,0,0,332,358,1,1
1056,20050531,5,1,1,278,349,1,2
1057,20050531,5,1,2,516,111,2,1
1058,20050531,3,0,0,247,8,2,2
1059,20050531,4,1,1,121,667,1,2
1060,20050531,8,1,2,338,587,1,2
1061,20050531,6,1,2,467,215,1,1
1062,20050531,8,1,4,4,481,1,2
1063,20050531,8,1,4,597,545,1,1
1064,20050531,2,0,0,135,518,1,2
1065,20050531,8,1,1,211,741,1,1
1066,20050531,8,1,1,270,520,1,2
1067,20050531,0,0,0,204,510,1,1
1068,20050531,1,0,0,60,31,2,1
1069,20050531,8,1,1,168,672,1,2
1070,20050531,5,0,0,68,696,2,1
1071,20050531,1,0,0,583,103,2,2
1072,20050531,4,0,0,125,560,2,1
1073,20050531,6,1,1,575,115,2,1
1074,20050531,2,0,0,302,551,2,2
1075,20050531,8,1,3,379,493,2,1
1076,20050531,4,0,0,576,559,2,2
1077,20050531,2,0,0,12,433,1,1
1078,20050531,3,0,0,423,805,2,2
1079,20050531,8,1,4,459,59,2,1
1080,20050531,3,0,0,66,764,2,2
1081,20050531,6,1,3,294,987,2,1
1082,20050531,4,0,0,240,985,1,1
1083,20050531,5,1,1,540,522,2,1
1084,20050531,1,0,0,238,1000,1,1
1085,20050531,7,1,2,496,68,1,1
1086,20050531,6,0,0,482,639,2,2
1087,20050531,3,0,0,108,95,2,1
1088,20050531,6,1,2,227,869,2,2
1089,20050531,1,0,0,179,828,2,1
1090,20050531,2,0,0,310,732,1,2
1091,20050531,3,0,0,168,843,2,1
1092,20050531,3,0,0,514,964,2,2
1093,20050531,2,0,0,576,473,2,2
1094,20050531,5,1,1,285,834,2,2
1095,20050531,4,0,0,536,992,2,1
1096,20050531,9,1,6,210,237,1,1
1097,20050531,1,0,0,150,494,2,2
1098,20050531,9,1,3,343,234,1,2
1099,20050531,4,1,1,573,205,1,2
1100,20050531,6,1,3,542,71,2,1
1101,20050531,7,1,4,84,260,2,1
1102,20050531,4,0,0,339,445,2,2
1103,20050531,8,1,3,340,693,1,1
1104,20050531,4,0,0,86,353,2,1
1105,20050531,6,0,0,176,373,1,1
1106,20050531,0,0,0,467,911,2,2
1107,20050531,7,0,0,291,756,2,2
1108,20050531,9,1,3,55,561,1,2
1109,20050531,9,1,3,500,442,1,1
1110,20050531,6,1,2,289,452,2,1
1111,20050531,8,1,2,216,252,1,1
1112,20050531,2,0,0,576,535,1,1
1113,20050531,5,0,0,328,450,2,2
1114,20050531,1,0,0,197,496,1,1
1115,20050531,4,0,0,467,463,1,1
1116,20050531,1,0,0,355,299,1,2
1117,20050531,4,1,1,73,897,1,1
1118,20050531,3,0,0,434,48,1,1
1119,20050531,1,0,0,481,962,1,1
1120,20050531,3,0,0,70,637,1,1
1121,20050531,6,1,2,56,369,1,1
1122,20050531,4,0,0,136,305,1,1
1123,20050531,2,0,0,167,29,1,2
1124,20050531,4,0,0,151,995,1,2
1125,20050531,0,0,0,308,260,2,1
1126,20050531,4,0,0,35,608,1,2
1127,20050531,8,1,1,139,526,2,2
1128,20050531,5,1,2,439,327,2,2
1129,20050531,4,0,0,318,85,2,1
1130,20050531,6,1,3,516,698,2,2
1131,20050531,1,0,0,415,582,2,1
1132,20050531,7,1,4,369,382,2,2
1133,20050531,2,0,0,491,929,1,1
1134,20050531,1,0,0,446,29,1,2
1135,20050531,0,0,0,391,685,2,2
1136,20050531,8,1,3,485,864,1,2
1137,20050531,6,0,0,453,717,1,1
1138,20050531,5,1,2,599,859,2,1
1139,20050531,5,0,0,376,145,2,1
1140,20050531,6,1,3,254,816,1,2
1141,20050531,6,1,3,226,897,1,2
1142,20050531,4,0,0,496,870,2,1
1143,20050531,6,1,2,187,577,1,2
1144,20050531,8,1,2,175,535,1,1
1145,20050531,7,1,1,365,251,2,1
1146,20050531,2,0,0,375,689,1,2
1147,20050531,5,1,2,200,135,2,2
1148,20050531,1,0,0,133,728,1,2
1149,20050531,7,0,0,454,78,1,2
1150,20050531,2,0,0,202,356,2,2
1151,20050531,3,0,0,333,284,1,1
1152,20050531,3,0,0,446,47,2,2
1153,20050531,9,1,3,248,598,1,2
1154,20050531,7,1,4,213,599,2,1
1155,20050531,3,0,0,168,445,1,2
1156,20050531,1,0,0,430,101,1,2
1157,20050531,1,0,0,487,317,2,1
1158,20050614,3,0,0,381,356,2,2
1159,20050614,2,0,0,67,961,1,1
1160,20050614,3,0,0,240,614,1,2
1161,20050614,6,1,2,296,369,1,1
1162,20050614,8,1,1,49,220,1,1
1163,20050614,8,1,1,178,915,1,1
1164,20050614,1,0,0,458,807,1,1
1165,20050614,5,1,2,275,625,2,2
1166,20050614,0,0,0,443,551,2,1
1167,20050614,3,0,0,326,875,2,2
1168,20050614,4,0,0,500,952,1,1
1169,20050614,1,0,0,498,236,2,2
1170,20050614,2,0,0,98,533,1,2
1171,20050614,2,0,0,365,890,1,2
1172,20050614,1,0,0,317,589,2,1
1173,20050614,4,0,0,446,234,1,2
1174,20050615,6,1,2,217,581,1,2
1175,20050615,5,0,0,83,716,2,2
1176,20050615,6,1,2,537,596,1,1
1177,20050615,1,0,0,593,413,1,2
1178,20050615,5,0,0,260,559,2,2
1179,20050615,7,1,3,153,177,2,1
1180,20050615,6,1,1,468,686,1,2
1181,20050615,4,1,1,111,651,2,2
1182,20050615,7,1,3,169,236,2,1
1183,20050615,5,0,0,30,154,2,1
1184,20050615,7,1,3,436,104,2,2
1185,20050615,8,1,1,298,611,1,2
1186,20050615,1,0,0,256,341,2,1
1187,20050615,8,1,4,27,245,2,1
1188,20050615,4,0,0,23,55,2,1
1189,20050615,9,1,4,403,29,1,1
1190,20050615,8,1,2,198,563,1,2
1191,20050615,2,0,0,570,480,2,2
1192,20050615,4,0,0,199,898,1,1
1193,20050615,6,0,0,559,983,1,2
1194,20050615,5,0,0,158,826,2,2
1195,20050615,2,0,0,320,491,2,1
1196,20050615,3,0,0,478,222,1,1
1197,20050615,4,0,0,402,835,1,1
1198,20050615,4,0,0,150,252,1,2
1199,20050615,1,0,0,228,57,1,2
1200,20050615,6,1,1,67,732,1,1
1201,20050615,1,0,0,187,588,2,2
1202,20050615,1,0,0,328,619,2,1
1203,20050615,5,1,1,531,481,1,1
1204,20050615,5,0,0,116,535,1,2
1205,20050615,7,0,0,588,103,2,1
1206,20050615,3,0,0,275,244,1,2
1207,20050615,4,0,0,428,492,1,2
1208,20050615,2,0,0,438,164,2,1
1209,20050615,6,1,3,575,327,1,1
1210,20050615,4,0,0,388,1,2,2
1211,20050615,3,0,0,391,738,1,2
1212,20050615,2,0,0,396,789,1,1
1213,20050615,0,0,0,395,700,2,2
1214,20050615,5,0,0,443,979,2,1
1215,20050615,4,0,0,262,55,1,1
1216,20050615,3,0,0,432,865,2,1
1217,20050615,3,0,0,242,131,1,2
1218,20050615,6,1,1,396,54,1,2
1219,20050615,4,1,1,546,659,2,1
1220,20050615,8,1,2,585,354,1,1
1221,20050615,2,0,0,235,460,2,1
1222,20050615,2,0,0,96,614,2,1
1223,20050615,4,0,0,485,286,2,2
1224,20050615,2,0,0,334,345,1,2
1225,20050615,3,0,0,405,418,2,1
1226,20050615,7,1,4,366,496,2,1
1227,20050615,6,1,3,450,142,1,2
1228,20050615,2,0,0,41,977,2,1
1229,20050615,3,0,0,191,463,1,1
1230,20050615,0,0,0,444,504,2,1
1231,20050615,5,0,0,117,658,2,2
1232,20050615,2,0,0,282,602,1,2
1233,20050615,6,1,3,132,916,1,1
1234,20050615,6,0,0,188,155,1,1
1235,20050615,7,0,0,400,223,2,1
1236,20050615,3,0,0,486,698,1,1
1237,20050615,8,1,5,458,715,1,2
1238,20050615,4,0,0,387,773,1,1
1239,20050615,1,0,0,154,816,1,1
1240,20050615,2,0,0,212,841,2,1
1241,20050615,8,1,1,572,956,1,2
1242,20050615,6,1,2,274,179,1,1
1243,20050615,6,0,0,16,576,2,2
1244,20050615,5,0,0,78,229,2,1
1245,20050615,7,1,3,308,290,1,2
1246,20050615,5,0,0,461,95,2,1
1247,20050615,8,1,3,231,881,2,1
1248,20050615,4,1,1,59,848,1,2
1249,20050615,7,1,4,235,460,1,1
1250,20050615,7,1,1,348,951,1,2
1251,20050615,7,1,4,119,728,1,2
1252,20050615,9,1,4,15,253,2,1
1253,20050615,5,1,1,380,711,2,2
1254,20050615,6,1,2,418,869,1,2
1255,20050615,0,0,0,550,313,2,2
1256,20050615,1,0,0,594,314,2,2
1257,20050615,5,0,0,103,421,2,2
1258,20050615,2,0,0,5,989,1,2
1259,20050615,7,1,3,338,974,1,2
1260,20050615,1,0,0,499,73,2,2
1261,20050615,5,0,0,217,534,2,2
1262,20050615,7,0,0,410,981,2,2
1263,20050615,1,0,0,65,900,2,1
1264,20050615,3,0,0,267,908,1,2
1265,20050615,4,0,0,283,219,1,1
1266,20050615,5,1,2,545,482,1,2
1267,20050615,2,0,0,193,923,2,2
1268,20050615,8,1,1,535,795,1,1
1269,20050615,1,0,0,213,22,1,2
1270,20050615,3,0,0,484,12,1,2
1271,20050615,5,0,0,10,84,1,1
1272,20050615,3,0,0,220,687,2,1
1273,20050615,5,0,0,14,79,2,1
1274,20050615,5,0,0,428,608,1,1
1275,20050615,4,0,0,576,212,1,1
1276,20050615,8,1,1,397,330,1,2
1277,20050615,6,1,1,79,15,2,2
1278,20050615,1,0,0,446,976,2,2
1279,20050615,3,0,0,52,153,1,2
1280,20050615,5,0,0,25,570,2,2
1281,20050615,2,0,0,115,649,2,1
1282,20050615,5,0,0,584,42,2,1
1283,20050615,1,0,0,594,697,2,2
1284,20050615,1,0,0,72,304,1,1
1285,20050615,3,0,0,55,234,2,1
1286,20050615,8,1,5,435,169,1,2
1287,20050615,7,1,1,160,914,2,1
1288,20050615,3,0,0,460,181,2,2
1289,20050615,5,0,0,406,693,1,1
1290,20050615,9,1,4,65,417,2,2
1291,20050615,8,1,2,4,679,2,1
1292,20050615,5,1,1,57,989,2,1
1293,20050615,2,0,0,449,632,1,1
1294,20050615,3,0,0,508,75,2,1
1295,20050615,3,0,0,259,637,1,2
1296,20050615,3,0,0,523,382,1,2
1297,20050615,3,0,0,356,239,2,1
1298,20050615,1,0,0,27,905,1,2
1299,20050615,6,0,0,64,347,1,1
1300,20050615,2,0,0,199,554,2,2
1301,20050615,8,1,5,266,324,2,2
1302,20050615,6,0,0,296,72,2,1
1303,20050615,5,1,1,293,436,1,2
1304,20050615,8,1,1,109,288,1,1
1305,20050615,3,0,0,364,42,2,2
1306,20050615,3,0,0,250,461,2,2
1307,20050615,4,0,0,512,81,1,2
1308,20050615,9,1,3,410,49,2,1
1309,20050615,1,0,0,523,512,2,1
1310,20050615,1,0,0,398,444,2,1
1311,20050615,1,0,0,454,683,2,2
1312,20050615,4,0,0,89,789,1,1
1313,20050615,7,1,2,167,361,2,1
1314,20050615,6,1,1,80,300,1,1
1315,20050615,6,1,2,20,842,1,1
1316,20050615,5,0,0,94,850,1,2
1317,20050615,8,1,3,211,809,2,1
1318,20050615,5,1,2,361,606,1,1
1319,20050615,2,0,0,501,936,2,1
1320,20050615,2,0,0,320,979,2,1
1321,20050615,1,0,0,522,770,2,1
1322,20050615,3,0,0,226,450,2,2
1323,20050615,8,1,1,530,721,1,1
1324,20050615,1,0,0,480,167,1,1
1325,20050615,4,0,0,306,10,2,1
1326,20050615,6,0,0,411,11,2,2
1327,20050615,6,0,0,584,89,2,1
1328,20050615,4,0,0,436,800,2,2
1329,20050615,2,0,0,9,255,1,2
1330,20050615,9,1,2,322,270,2,2
1331,20050615,5,0,0,372,679,1,1
1332,20050615,2,0,0,247,309,2,1
1333,20050615,0,0,0,49,99,2,2
1334,20050615,5,1,1,573,274,2,2
1335,20050615,1,0,0,85,374,1,2
1336,20050615,8,1,4,585,369,2,1
1337,20050615,5,1,2,347,873,2,2
1338,20050615,3,0,0,385,268,2,2
1339,20050615,3,0,0,159,93,2,1
1340,20050615,7,1,1,432,56,2,1
1341,20050615,5,1,2,506,738,1,2
1342,20050615,6,0,0,47,968,1,1
1343,20050615,6,1,2,381,522,2,1
1344,20050615,7,0,0,17,355,2,2
1345,20050615,9,1,2,416,232,2,1
1346,20050615,9,1,5,17,991,2,1
1347,20050615,0,0,0,501,83,1,1
1348,20050615,2,0,0,169,450,2,1
1349,20050615,2,0,0,103,251,1,1
1350,20050615,7,1,1,211,927,1,1
1351,20050615,6,0,0,126,514,2,1
1352,20050615,2,0,0,578,948,2,1
1353,20050615,5,0,0,513,595,2,2
1354,20050615,7,1,4,472,285,2,2
1355,20050615,4,0,0,269,914,2,1
1356,20050615,4,0,0,548,291,1,1
1357,20050615,8,1,4,387,494,2,1
1358,20050615,6,0,0,119,440,2,1
1359,20050615,2,0,0,340,690,1,1
1360,20050615,2,0,0,551,893,2,2
1361,20050615,4,0,0,339,945,2,1
1362,20050615,4,1,1,532,987,2,1
1363,20050615,2,0,0,83,168,1,2
1364,20050615,1,0,0,554,23,1,1
1365,20050615,4,0,0,385,835,1,2
1366,20050615,9,1,2,493,921,2,1
1367,20050615,6,1,2,395,329,2,1
1368,20050615,8,1,4,431,439,1,2
1369,20050615,0,0,0,271,149,1,1
1370,20050615,7,1,1,281,140,1,2
1371,20050615,8,1,2,150,166,1,1
1372,20050615,2,0,0,332,818,1,2
1373,20050615,6,0,0,557,64,2,1
1374,20050615,6,1,2,134,736,1,1
1375,20050615,5,0,0,245,777,1,2
1376,20050615,4,0,0,66,929,1,1
1377,20050615,6,1,1,477,747,2,2
1378,20050615,4,1,1,290,953,1,1
1379,20050615,2,0,0,548,176,2,1
1380,20050615,2,0,0,561,741,1,2
1381,20050615,5,0,0,216,718,2,2
1382,20050615,6,0,0,34,688,2,2
1383,20050615,9,1,4,186,284,1,2
1384,20050615,3,0,0,109,922,2,1
1385,20050615,3,0,0,281,888,1,1
1386,20050615,5,0,0,11,286,1,2
1387,20050615,1,0,0,514,114,1,1
1388,20050615,7,1,3,245,869,1,1
1389,20050615,3,0,0,589,215,1,2
1390,20050615,3,0,0,55,982,2,1
1391,20050615,7,1,4,341,916,1,1
1392,20050615,1,0,0,135,79,2,2
1393,20050615,3,0,0,336,608,2,2
1394,20050615,6,0,0,215,615,2,2
1395,20050615,7,0,0,536,165,1,2
1396,20050615,1,0,0,370,226,1,2
1397,20050615,6,1,1,154,397,2,1
1398,20050615,0,0,0,32,962,1,1
1399,20050615,2,0,0,481,314,1,1
1400,20050615,5,0,0,418,51,2,2
1401,20050615,5,0,0,509,890,1,2
1402,20050615,9,1,3,8,425,2,1
1403,20050615,6,0,0,111,741,2,2
1404,20050615,1,0,0,140,609,2,1
1405,20050615,6,1,3,18,698,2,1
1406,20050615,5,0,0,587,685,2,2
1407,20050615,7,1,2,15,284,2,1
1408,20050615,7,1,4,281,582,2,1
1409,20050615,5,1,2,180,306,1,2
1410,20050615,5,0,0,227,176,1,1
1411,20050615,5,0,0,590,492,1,1
1412,20050615,2,0,0,314,921,1,2
1413,20050615,5,1,2,545,791,2,2
1414,20050615,7,1,4,389,872,2,1
1415,20050615,1,0,0,19,410,2,2
1416,20050615,7,1,1,192,835,2,2
1417,20050615,3,0,0,338,294,2,2
1418,20050615,3,0,0,51,651,2,2
1419,20050615,2,0,0,459,269,1,2
1420,20050615,8,1,5,400,901,2,2
1421,20050615,6,1,1,82,532,2,2
1422,20050615,3,0,0,298,228,2,2
1423,20050615,9,1,3,178,305,2,1
1424,20050615,9,1,5,205,197,1,2
1425,20050615,3,0,0,332,288,2,2
1426,20050615,3,0,0,307,964,2,2
1427,20050615,0,0,0,432,3,2,1
1428,20050615,7,1,3,538,807,1,2
1429,20050615,2,0,0,42,895,1,1
1430,20050615,0,0,0,276,748,1,1
1431,20050615,5,1,1,599,702,1,1
1432,20050615,5,0,0,124,115,2,2
1433,20050615,0,0,0,473,502,1,1
1434,20050615,8,1,5,59,919,1,1
1435,20050615,8,1,2,434,608,2,2
1436,20050615,5,1,2,165,205,1,1
1437,20050615,4,0,0,545,718,2,1
1438,20050615,2,0,0,529,395,1,1
1439,20050615,6,1,1,145,693,1,2
1440,20050615,8,1,4,176,641,2,1
1441,20050615,7,1,1,154,454,1,2
1442,20050615,7,1,3,391,854,2,2
1443,20050615,2,0,0,99,545,1,2
1444,20050615,8,1,3,584,287,2,2
1445,20050615,4,0,0,547,700,2,2
1446,20050615,8,1,4,248,433,2,2
1447,20050615,6,0,0,465,219,1,1
1448,20050615,8,1,1,53,610,2,2
1449,20050615,2,0,0,465,333,2,2
1450,20050615,0,0,0,215,897,2,2
1451,20050615,3,0,0,371,778,1,2
1452,20050615,0,0,0,18,948,1,1
1453,20050615,3,0,0,571,721,1,2
1454,20050615,1,0,0,157,21,1,2
1455,20050615,3,0,0,225,474,2,2
1456,20050615,7,1,4,28,137,2,2
1457,20050615,3,0,0,388,159,2,1
1458,20050615,5,1,1,57,775,2,1
1459,20050615,7,1,2,1,406,2,2
1460,20050615,0,0,0,390,307,2,1
1461,20050615,7,1,1,39,979,1,1
1462,20050615,2,0,0,530,141,2,2
1463,20050615,5,1,1,104,654,2,2
1464,20050615,1,0,0,139,894,2,2
1465,20050615,3,0,0,139,132,1,1
1466,20050615,9,1,3,346,235,2,1
1467,20050615,6,0,0,248,150,2,1
1468,20050615,5,0,0,423,51,1,1
1469,20050615,5,0,0,401,535,1,1
1470,20050615,9,1,3,297,880,2,1
1471,20050615,8,1,1,450,122,2,2
1472,20050615,9,1,6,409,920,2,2
1473,20050615,5,0,0,116,518,2,2
1474,20050615,3,0,0,190,35,2,2
1475,20050615,3,0,0,506,398,2,2
1476,20050615,9,1,6,298,308,1,1
1477,20050615,3,0,0,557,91,2,1
1478,20050615,3,0,0,224,96,1,2
1479,20050615,1,0,0,178,37,2,2
1480,20050615,8,1,2,398,571,1,1
1481,20050615,2,0,0,462,667,1,2
1482,20050615,0,0,0,203,867,1,1
1483,20050615,8,1,3,109,418,1,2
1484,20050615,4,0,0,5,349,1,2
1485,20050615,9,1,3,91,43,2,1
1486,20050615,0,0,0,572,186,1,1
1487,20050615,6,0,0,304,830,2,2
1488,20050615,0,0,0,289,241,1,1
1489,20050615,6,0,0,596,153,1,1
1490,20050615,6,1,1,236,770,2,2
1491,20050615,4,0,0,58,186,1,1
1492,20050615,1,0,0,421,901,1,1
1493,20050615,1,0,0,133,1000,2,2
1494,20050615,3,0,0,327,55,1,1
1495,20050615,3,0,0,181,401,1,2
1496,20050615,1,0,0,585,854,2,2
1497,20050615,4,0,0,440,649,1,1
1498,20050615,1,0,0,69,807,1,1
1499,20050615,6,1,2,140,35,2,2
1500,20050615,2,0,0,475,581,1,2
1501,20050615,7,0,0,425,387,1,1
1502,20050615,7,1,2,496,722,2,2
1503,20050615,5,0,0,83,166,2,1
1504,20050615,8,1,2,152,790,2,2
1505,20050615,1,0,0,559,649,2,2
1506,20050615,6,1,1,294,890,2,1
1507,20050615,3,0,0,510,552,2,1
1508,20050615,2,0,0,115,252,2,2
1509,20050615,7,1,4,192,142,1,2
1510,20050615,8,1,1,469,220,2,2
1511,20050615,7,1,1,546,251,2,1
1512,20050615,7,1,2,531,356,1,1
1513,20050615,7,1,4,256,260,2,1
1514,20050615,3,0,0,74,645,1,1
1515,20050615,4,0,0,339,714,2,2
1516,20050615,1,0,0,14,810,1,1
1517,20050615,8,1,4,425,815,1,1
1518,20050615,0,0,0,475,990,2,2
1519,20050615,5,0,0,488,341,1,2
1520,20050615,8,1,2,361,749,1,1
1521,20050615,2,0,0,549,937,1,1
1522,20050616,6,1,1,344,53,1,1
1523,20050616,1,0,0,402,149,2,2
1524,20050616,3,0,0,336,754,2,1
1525,20050616,3,0,0,389,321,1,2
1526,20050616,2,0,0,269,422,2,1
1527,20050616,5,0,0,394,67,2,1
1528,20050616,9,1,6,88,936,2,2
1529,20050616,6,0,0,42,368,1,2
1530,20050616,8,1,4,155,528,1,2
1531,20050616,6,1,3,78,304,2,1
1532,20050616,4,0,0,585,830,2,1
1533,20050616,1,0,0,247,535,1,1
1534,20050616,2,0,0,504,687,1,1
1535,20050616,4,0,0,190,244,1,2
1536,20050616,1,0,0,124,715,1,1
1537,20050616,4,1,1,97,1000,1,2
1538,20050616,2,0,0,428,154,2,1
1539,20050616,7,1,3,503,59,2,2
1540,20050616,4,0,0,499,595,1,2
1541,20050616,6,0,0,73,416,1,2
1542,20050616,6,1,3,553,374,1,1
1543,20050616,2,0,0,212,265,1,2
1544,20050616,1,0,0,163,60,1,2
1545,20050616,8,1,2,424,166,2,1
1546,20050616,8,1,4,173,854,2,1
1547,20050616,2,0,0,337,639,2,1
1548,20050616,7,1,1,63,454,1,2
1549,20050616,2,0,0,3,59,1,1
1550,20050616,2,0,0,388,436,2,1
1551,20050616,6,1,3,215,891,1,1
1552,20050616,4,0,0,518,179,1,2
1553,20050616,3,0,0,381,877,1,1
1554,20050616,6,1,3,488,156,2,1
1555,20050616,6,1,2,355,906,2,1
1556,20050616,1,0,0,280,117,1,2
1557,20050616,0,0,0,267,574,1,2
1558,20050616,3,0,0,383,948,2,2
1559,20050616,3,0,0,273,157,2,1
1560,20050616,8,1,4,240,748,2,2
1561,20050616,6,1,2,35,489,1,1
1562,20050616,6,0,0,484,130,1,2
1563,20050616,1,0,0,146,331,1,1
1564,20050616,8,1,4,337,30,1,1
1565,20050616,0,0,0,248,840,1,2
1566,20050616,7,1,2,583,706,2,2
1567,20050616,5,1,1,5,681,1,1
1568,20050616,3,0,0,57,138,2,2
1569,20050616,2,0,0,307,856,2,2
1570,20050616,6,0,0,529,812,1,2
1571,20050616,6,1,2,280,228,2,1
1572,20050616,4,1,1,10,910,2,2
1573,20050616,9,1,6,396,990,2,1
1574,20050616,6,1,2,544,35,1,2
1575,20050616,5,1,2,565,730,1,2
1576,20050616,8,1,4,119,227,2,2
1577,20050616,8,1,1,508,80,1,2
1578,20050616,7,1,2,293,745,2,1
1579,20050616,5,0,0,161,34,2,2
1580,20050616,4,0,0,137,543,1,1
1581,20050616,2,0,0,467,872,2,1
1582,20050616,5,1,1,476,35,1,1
1583,20050616,1,0,0,107,60,1,1
1584,20050616,5,1,1,405,775,1,2
1585,20050616,7,0,0,525,373,1,2
1586,20050616,5,0,0,552,167,2,2
1587,20050616,7,0,0,572,387,2,1
1588,20050616,9,1,6,11,977,2,2
1589,20050616,8,1,5,479,938,1,1
1590,20050616,7,1,3,532,806,1,1
1591,20050616,9,1,5,472,360,1,2
1592,20050616,4,0,0,530,832,1,2
1593,20050616,8,1,2,580,167,1,2
1594,20050616,8,1,2,594,844,2,1
1595,20050616,3,0,0,403,324,1,1
1596,20050616,4,0,0,381,559,2,2
1597,20050616,1,0,0,468,162,2,1
1598,20050616,7,1,3,61,907,1,1
1599,20050616,5,0,0,66,323,2,2
1600,20050616,3,0,0,169,489,2,2
1601,20050616,5,1,1,450,684,2,2
1602,20050616,2,0,0,2,385,2,2
1603,20050616,0,0,0,484,728,1,2
1604,20050616,0,0,0,125,708,2,2
1605,20050616,8,1,5,83,129,2,1
1606,20050616,9,1,2,290,934,2,1
1607,20050616,3,0,0,357,724,2,2
1608,20050616,7,1,1,525,566,1,2
1609,20050616,1,0,0,583,493,2,2
1610,20050616,3,0,0,183,776,2,1
1611,20050616,8,1,3,437,378,2,2
1612,20050616,2,0,0,289,664,2,1
1613,20050616,8,1,2,305,975,1,1
1614,20050616,7,1,1,292,5,2,1
1615,20050616,9,1,2,42,850,2,1
1616,20050616,7,1,2,522,500,1,1
1617,20050616,8,1,2,472,303,2,1
1618,20050616,8,1,4,151,818,1,2
1619,20050616,2,0,0,377,925,2,2
1620,20050616,1,0,0,559,86,1,1
1621,20050616,2,0,0,336,804,2,1
1622,20050616,4,0,0,439,385,1,1
1623,20050616,0,0,0,114,980,1,2
1624,20050616,0,0,0,61,237,1,1
1625,20050616,8,1,5,62,738,2,2
1626,20050616,6,1,1,84,152,1,2
1627,20050616,7,1,3,191,898,1,1
1628,20050616,9,1,3,47,191,1,1
1629,20050616,6,0,0,124,956,1,1
1630,20050616,2,0,0,48,526,2,1
1631,20050616,3,0,0,496,539,1,1
1632,20050616,0,0,0,342,331,2,1
1633,20050616,1,0,0,356,63,1,1
1634,20050616,0,0,0,195,869,2,1
1635,20050616,8,1,2,521,264,2,2
1636,20050616,8,1,3,273,445,2,1
1637,20050616,6,0,0,548,201,1,2
1638,20050616,1,0,0,568,415,1,2
1639,20050616,8,1,3,251,39,1,1
1640,20050616,0,0,0,505,98,1,2
1641,20050616,8,1,5,200,643,2,2
1642,20050616,2,0,0,231,847,2,1
1643,20050616,4,0,0,126,298,2,2
1644,20050616,4,0,0,174,164,1,1
1645,20050616,6,0,0,308,970,1,2
1646,20050616,7,1,4,527,879,2,2
1647,20050616,1,0,0,345,421,2,1
1648,20050616,7,1,4,47,101,1,2
1649,20050616,2,0,0,69,86,1,1
1650,20050616,7,1,4,277,897,1,1
1651,20050616,1,0,0,250,971,1,2
1652,20050616,3,0,0,82,748,2,2
1653,20050616,1,0,0,492,499,1,1
1654,20050616,4,0,0,494,232,1,2
1655,20050616,7,1,3,335,807,2,2
1656,20050616,5,0,0,206,487,2,1
1657,20050616,6,0,0,187,212,2,2
1658,20050616,4,0,0,579,61,1,2
1659,20050616,4,0,0,218,263,1,1
1660,20050616,1,0,0,228,518,1,2
1661,20050616,7,1,3,237,525,1,2
1662,20050616,7,1,1,114,776,2,1
1663,20050616,6,1,1,199,341,2,2
1664,20050616,2,0,0,39,538,2,2
1665,20050616,6,0,0,138,573,1,1
1666,20050616,4,0,0,312,875,2,1
1667,20050616,6,0,0,26,514,2,2
1668,20050616,7,1,3,104,544,2,2
1669,20050616,1,0,0,491,79,1,1
1670,20050616,2,0,0,241,448,2,1
1671,20050616,6,1,1,220,833,2,2
1672,20050616,6,0,0,39,914,2,1
1673,20050616,2,0,0,183,201,1,1
1674,20050616,1,0,0,308,788,2,2
1675,20050616,7,0,0,396,668,2,2
1676,20050616,4,0,0,315,206,2,1
1677,20050616,6,1,1,446,54,2,1
1678,20050616,3,0,0,69,403,2,1
1679,20050616,6,1,1,170,863,1,1
1680,20050616,9,1,5,481,971,1,2
1681,20050616,3,0,0,400,116,2,1
1682,20050616,5,0,0,71,468,1,2
1683,20050616,1,0,0,147,514,1,2
1684,20050616,2,0,0,113,175,2,1
1685,20050616,5,1,1,534,604,2,2
1686,20050616,3,0,0,188,849,1,1
1687,20050616,1,0,0,552,806,1,2
1688,20050616,1,0,0,458,85,2,2
1689,20050616,8,1,5,445,879,1,2
1690,20050616,9,1,4,367,244,2,1
1691,20050616,7,0,0,207,970,2,1
1692,20050616,1,0,0,131,775,1,2
1693,20050616,3,0,0,219,521,1,2
1694,20050616,3,0,0,586,31,1,2
1695,20050616,6,0,0,24,970,1,1
1696,20050616,7,1,4,230,857,1,2
1697,20050616,7,1,1,588,391,2,2
1698,20050616,5,0,0,470,322,2,1
1699,20050616,0,0,0,398,984,1,2
1700,20050616,5,0,0,460,924,2,2
1701,20050616,6,0,0,264,658,2,1
1702,20050616,2,0,0,109,396,2,2
1703,20050616,0,0,0,145,510,1,1
1704,20050616,8,1,3,335,967,2,1
1705,20050616,2,0,0,123,24,1,2
1706,20050616,9,1,2,176,645,1,1
1707,20050616,1,0,0,356,42,2,1
1708,20050616,2,0,0,263,488,2,1
1709,20050616,8,1,2,221,767,1,2
1710,20050616,6,1,2,40,30,1,1
1711,20050616,8,1,3,309,61,1,1
1712,20050616,1,0,0,76,300,2,1
1713,20050616,1,0,0,520,565,1,1
1714,20050616,8,1,2,541,117,1,2
1715,20050616,4,0,0,242,349,2,1
1716,20050616,3,0,0,12,4,2,1
1717,20050616,2,0,0,372,660,1,2
1718,20050616,8,1,5,67,65,2,2
1719,20050616,1,0,0,331,592,2,1
1720,20050616,4,0,0,349,767,1,2
1721,20050616,6,1,3,113,771,2,1
1722,20050616,2,0,0,329,463,2,2
1723,20050616,7,1,3,200,527,2,2
1724,20050616,6,0,0,575,12,1,2
1725,20050616,1,0,0,298,159,1,1
1726,20050616,8,1,5,173,23,1,2
1727,20050616,0,0,0,571,647,2,1
1728,20050616,6,1,2,213,301,1,1
1729,20050616,9,1,6,591,738,2,2
1730,20050616,2,0,0,503,302,1,1
1731,20050616,3,0,0,506,809,2,2
1732,20050616,1,0,0,105,496,1,1
1733,20050616,7,0,0,513,118,2,2
1734,20050616,5,1,2,395,247,1,2
1735,20050616,3,0,0,356,19,2,1
1736,20050616,4,0,0,498,825,1,2
1737,20050616,6,1,3,325,878,2,1
1738,20050616,3,0,0,336,717,2,1
1739,20050616,6,0,0,251,560,2,2
1740,20050616,3,0,0,129,494,1,2
1741,20050616,9,1,3,4,814,1,1
1742,20050616,1,0,0,493,609,1,2
1743,20050616,0,0,0,144,609,2,1
1744,20050616,2,0,0,423,676,2,2
1745,20050616,7,1,3,57,617,1,2
1746,20050616,2,0,0,300,930,1,2
1747,20050616,9,1,6,341,363,1,2
1748,20050616,2,0,0,244,531,2,1
1749,20050616,5,0,0,100,341,1,2
1750,20050616,9,1,5,358,245,1,1
1751,20050616,0,0,0,236,27,1,2
1752,20050616,7,1,3,238,772,2,2
1753,20050616,5,0,0,116,835,2,2
1754,20050616,6,1,2,385,893,2,1
1755,20050616,0,0,0,197,375,1,1
1756,20050616,4,0,0,418,307,1,1
1757,20050616,1,0,0,434,981,1,1
1758,20050616,8,1,5,362,582,2,1
1759,20050616,8,1,2,428,307,1,2
1760,20050616,1,0,0,412,857,1,2
1761,20050616,1,0,0,127,345,1,2
1762,20050616,3,0,0,247,670,1,2
1763,20050616,3,0,0,87,422,2,1
1764,20050616,5,0,0,155,154,2,2
1765,20050616,3,0,0,341,179,1,2
1766,20050616,1,0,0,560,444,1,2
1767,20050616,1,0,0,387,257,2,2
1768,20050616,6,1,3,527,461,2,2
1769,20050616,5,0,0,426,272,1,1
1770,20050616,7,1,1,9,367,1,2
1771,20050616,1,0,0,381,383,2,1
1772,20050616,8,1,2,272,281,2,1
1773,20050616,7,0,0,452,961,1,2
1774,20050616,4,0,0,119,672,2,2
1775,20050616,8,1,3,236,417,2,2
1776,20050616,7,1,1,589,307,2,1
1777,20050616,8,1,1,458,731,2,1
1778,20050616,5,0,0,361,552,2,2
1779,20050616,1,0,0,599,233,1,1
1780,20050616,2,0,0,69,31,1,2
1781,20050616,8,1,4,301,623,2,2
1782,20050616,5,1,1,380,395,2,2
1783,20050616,1,0,0,371,10,2,1
1784,20050616,3,0,0,151,830,2,2
1785,20050616,7,1,3,485,748,1,1
1786,20050616,2,0,0,326,58,2,1
1787,20050616,4,0,0,111,837,2,2
1788,20050616,6,1,1,461,831,1,1
1789,20050616,6,0,0,524,927,1,2
1790,20050616,0,0,0,561,239,1,2
1791,20050616,7,1,2,304,68,1,1
1792,20050616,9,1,4,453,832,1,1
1793,20050616,3,0,0,423,949,1,1
1794,20050616,5,1,2,531,111,2,1
1795,20050616,7,1,1,164,117,2,2
1796,20050616,3,0,0,100,709,2,1
1797,20050616,6,1,3,569,753,2,1
1798,20050616,4,0,0,301,361,1,2
1799,20050616,4,1,1,408,624,2,1
1800,20050616,3,0,0,549,447,1,1
1801,20050616,2,0,0,254,227,2,1
1802,20050616,4,0,0,34,907,1,1
1803,20050616,4,0,0,449,828,2,1
1804,20050616,1,0,0,338,254,2,2
1805,20050616,0,0,0,184,863,2,1
1806,20050616,1,0,0,77,446,1,2
1807,20050616,4,1,1,469,260,2,2
1808,20050616,7,1,4,86,529,1,1
1809,20050616,8,1,3,492,239,1,1
1810,20050616,5,0,0,597,516,2,1
1811,20050616,5,0,0,133,810,1,2
1812,20050616,4,0,0,107,164,2,2
1813,20050616,7,1,1,200,273,2,1
1814,20050616,6,0,0,33,8,2,1
1815,20050616,0,0,0,320,341,1,2
1816,20050616,1,0,0,97,627,2,1
1817,20050616,2,0,0,273,299,1,2
1818,20050616,3,0,0,566,270,2,2
1819,20050616,9,1,2,525,368,1,1
1820,20050616,3,0,0,134,804,1,1
1821,20050616,3,0,0,191,705,1,2
1822,20050616,0,0,0,505,147,1,1
1823,20050616,5,1,2,167,846,2,1
1824,20050616,1,0,0,327,490,1,1
1825,20050616,3,0,0,427,638,2,2
1826,20050616,8,1,1,321,92,2,2
1827,20050616,2,0,0,152,833,2,2
1828,20050616,3,0,0,229,71,2,2
1829,20050616,4,0,0,479,134,2,1
1830,20050616,6,1,3,269,873,1,2
1831,20050616,9,1,5,7,572,2,2
1832,20050616,2,0,0,502,111,2,1
1833,20050616,3,0,0,195,295,1,2
1834,20050616,5,0,0,73,875,2,1
1835,20050616,2,0,0,564,324,1,1
1836,20050616,7,1,1,4,603,2,2
1837,20050616,4,0,0,268,279,1,1
1838,20050616,3,0,0,206,114,1,1
1839,20050616,6,0,0,382,603,1,1
1840,20050616,4,0,0,294,75,2,1
1841,20050616,5,0,0,565,514,2,1
1842,20050616,9,1,4,221,322,1,1
1843,20050616,5,0,0,463,595,2,2
1844,20050616,5,1,2,345,501,2,2
1845,20050616,2,0,0,66,745,1,2
1846,20050617,1,0,0,102,376,1,2
1847,20050617,3,0,0,307,265,1,1
1848,20050617,4,0,0,550,832,1,2
1849,20050617,6,1,3,361,551,1,2
1850,20050617,8,1,2,492,166,1,1
1851,20050617,5,0,0,328,249,1,2
1852,20050617,5,1,2,210,896,1,2
1853,20050617,1,0,0,433,647,2,2
1854,20050617,6,1,3,107,23,2,1
1855,20050617,3,0,0,207,973,2,1
1856,20050617,2,0,0,265,665,2,2
1857,20050617,4,1,1,47,925,2,1
1858,20050617,1,0,0,474,703,2,2
1859,20050617,1,0,0,82,746,2,1
1860,20050617,4,0,0,479,403,2,1
1861,20050617,8,1,1,345,27,1,1
1862,20050617,8,1,1,598,726,2,1
1863,20050617,9,1,3,132,976,1,2
1864,20050617,7,0,0,48,394,1,2
1865,20050617,6,1,3,550,583,1,1
1866,20050617,2,0,0,327,565,1,2
1867,20050617,8,1,2,359,773,2,2
1868,20050617,8,1,1,419,526,2,1
1869,20050617,2,0,0,453,191,2,1
1870,20050617,0,0,0,446,199,2,2
1871,20050617,6,1,2,522,106,1,2
1872,20050617,3,0,0,43,786,1,2
1873,20050617,6,0,0,393,644,2,1
1874,20050617,7,1,1,495,849,1,2
1875,20050617,5,0,0,6,361,1,2
1876,20050617,1,0,0,257,85,2,1
1877,20050617,8,1,5,412,746,2,2
1878,20050617,4,1,1,8,730,2,1
1879,20050617,1,0,0,337,868,1,1
1880,20050617,2,0,0,177,251,2,1
1881,20050617,0,0,0,151,34,2,1
1882,20050617,2,0,0,50,307,1,2
1883,20050617,1,0,0,132,767,2,1
1884,20050617,3,0,0,544,998,2,1
1885,20050617,4,0,0,120,162,1,2
1886,20050617,2,0,0,408,515,2,2
1887,20050617,8,1,2,204,785,1,2
1888,20050617,5,0,0,20,629,2,1
1889,20050617,9,1,6,414,853,1,1
1890,20050617,5,1,2,444,382,2,2
1891,20050617,7,1,1,467,782,2,1
1892,20050617,2,0,0,342,28,1,1
1893,20050617,6,0,0,503,735,2,2
1894,20050617,8,1,4,522,811,1,1
1895,20050617,9,1,2,495,149,1,1
1896,20050617,9,1,4,416,450,2,1
1897,20050617,8,1,2,102,900,1,2
1898,20050617,8,1,1,515,630,2,2
1899,20050617,9,1,6,523,189,1,1
1900,20050617,4,0,0,287,312,2,1
1901,20050617,8,1,1,533,540,1,2
1902,20050617,3,0,0,543,638,2,2
1903,20050617,9,1,2,120,421,2,2
1904,20050617,0,0,0,137,542,1,2
1905,20050617,7,1,4,62,233,1,1
1906,20050617,3,0,0,34,234,1,2
1907,20050617,6,0,0,486,220,1,1
1908,20050617,1,0,0,225,89,1,1
1909,20050617,1,0,0,573,571,1,2
1910,20050617,6,1,2,587,852,1,1
1911,20050617,7,1,2,173,202,1,2
1912,20050617,3,0,0,80,898,2,2
1913,20050617,3,0,0,247,396,2,1
1914,20050617,6,1,1,251,747,1,2
1915,20050617,4,1,1,437,574,2,2
1916,20050617,9,1,3,301,968,1,2
1917,20050617,6,1,2,554,586,1,1
1918,20050617,4,1,1,49,820,1,2
1919,20050617,6,0,0,83,844,1,1
1920,20050617,6,1,1,490,476,1,1
1921,20050617,5,1,2,457,953,1,2
1922,20050617,1,0,0,337,545,1,2
1923,20050617,6,1,1,554,151,1,2
1924,20050617,0,0,0,505,564,2,1
1925,20050617,3,0,0,434,870,2,1
1926,20050617,7,1,4,452,768,1,2
1927,20050617,3,0,0,394,727,2,1
1928,20050617,9,1,5,340,757,2,1
1929,20050617,5,1,2,508,124,2,2
1930,20050617,2,0,0,564,16,2,2
1931,20050617,5,0,0,282,309,1,1
1932,20050617,1,0,0,134,698,2,2
1933,20050617,8,1,1,517,218,2,1
1934,20050617,8,1,2,539,871,1,2
1935,20050617,2,0,0,436,428,1,1
1936,20050617,1,0,0,596,666,1,2
1937,20050617,3,0,0,300,281,1,2
1938,20050617,1,0,0,345,123,2,2
1939,20050617,8,1,3,297,131,2,2
1940,20050617,5,1,2,328,21,2,1
1941,20050617,2,0,0,278,236,2,1
1942,20050617,7,1,1,515,58,2,1
1943,20050617,2,0,0,33,942,2,1
1944,20050617,5,1,2,539,71,2,2
1945,20050617,6,1,3,175,738,2,2
1946,20050617,7,1,3,87,507,2,2
1947,20050617,8,1,1,543,735,1,1
1948,20050617,3,0,0,15,10,1,1
1949,20050617,8,1,1,184,323,2,1
1950,20050617,4,0,0,97,158,2,2
1951,20050617,3,0,0,236,213,1,2
1952,20050617,4,0,0,469,396,2,2
1953,20050617,7,1,1,20,776,1,2
1954,20050617,2,0,0,82,704,1,2
1955,20050617,2,0,0,439,176,2,1
1956,20050617,4,0,0,207,307,2,1
1957,20050617,9,1,6,229,548,1,2
1958,20050617,5,1,2,333,402,1,2
1959,20050617,2,0,0,223,320,2,2
1960,20050617,6,1,1,398,476,2,2
1961,20050617,2,0,0,95,625,1,1
1962,20050617,6,0,0,476,958,1,1
1963,20050617,7,0,0,128,423,1,2
1964,20050617,4,0,0,291,744,2,1
1965,20050617,1,0,0,355,105,2,2
1966,20050617,3,0,0,565,452,2,1
1967,20050617,3,0,0,420,708,2,1
1968,20050617,1,0,0,53,252,2,2
1969,20050617,3,0,0,295,972,2,2
1970,20050617,5,0,0,595,300,1,2
1971,20050617,8,1,1,461,629,2,2
1972,20050617,7,0,0,550,605,2,2
1973,20050617,4,0,0,355,803,1,1
1974,20050617,4,0,0,580,432,1,1
1975,20050617,5,0,0,191,554,1,2
1976,20050617,5,0,0,363,792,2,2
1977,20050617,6,0,0,257,540,1,2
1978,20050617,2,0,0,514,349,1,2
1979,20050617,3,0,0,77,760,2,1
1980,20050617,6,1,2,241,654,2,1
1981,20050617,3,0,0,550,698,2,2
1982,20050617,3,0,0,521,243,2,1
1983,20050617,6,0,0,293,426,2,1
1984,20050617,5,1,1,419,748,2,2
1985,20050617,5,0,0,239,18,1,1
1986,20050617,6,1,1,270,636,1,2
1987,20050617,6,0,0,543,22,1,1
1988,20050617,8,1,4,412,670,2,2
1989,20050617,1,0,0,161,138,1,1
1990,20050617,6,1,1,418,322,1,1
1991,20050617,7,1,2,524,864,1,1
1992,20050617,1,0,0,149,138,2,2
1993,20050617,5,1,2,308,37,1,2
1994,20050617,7,1,2,442,476,2,2
1995,20050617,9,1,4,254,407,1,1
1996,20050617,8,1,1,549,676,2,1
1997,20050617,2,0,0,239,185,1,1
1998,20050617,8,1,2,376,951,2,1
1999,20050617,5,0,0,580,810,2,1
2000,20050617,5,0,0,283,72,1,1
2001,20050617,4,0,0,84,449,2,2
2002,20050617,7,1,3,131,525,2,2
2003,20050617,1,0,0,78,347,1,2
2004,20050617,6,1,3,315,295,2,2
2005,20050617,1,0,0,308,908,2,1
2006,20050617,2,0,0,66,220,2,2
2007,20050617,3,0,0,414,249,2,1
2008,20050617,8,1,1,338,451,1,1
2009,20050617,0,0,0,153,414,2,2
2010,20050617,3,0,0,30,624,1,1
2011,20050617,6,1,2,451,160,2,2
2012,20050617,7,1,1,320,785,1,1
2013,20050617,6,0,0,93,716,2,1
2014,20050617,8,1,5,295,650,2,2
2015,20050617,1,0,0,126,827,1,2
2016,20050617,2,0,0,422,928,1,1
2017,20050617,1,0,0,67,314,1,2
2018,20050617,9,1,3,419,283,1,2
2019,20050617,6,1,2,6,502,2,2
2020,20050617,2,0,0,95,416,2,1
2021,20050617,6,1,3,342,625,1,2
2022,20050617,7,1,3,285,670,2,1
2023,20050617,5,0,0,108,172,2,1
2024,20050617,4,0,0,30,562,1,1
2025,20050617,1,0,0,444,267,1,2
2026,20050617,4,0,0,150,805,2,1
2027,20050617,6,1,3,141,938,2,1
2028,20050617,5,1,2,488,973,1,1
2029,20050617,2,0,0,537,203,2,1
2030,20050617,1,0,0,571,877,1,1
2031,20050617,7,1,3,338,930,2,2
2032,20050617,1,0,0,211,93,2,1
2033,20050617,2,0,0,106,11,2,1
2034,20050617,4,0,0,322,330,2,2
2035,20050617,9,1,6,561,953,1,2
2036,20050617,1,0,0,318,20,1,2
2037,20050617,3,0,0,563,566,1,2
2038,20050617,1,0,0,94,920,1,2
2039,20050617,6,0,0,389,331,1,1
2040,20050617,5,0,0,84,51,1,1
2041,20050617,8,1,3,494,170,2,2
2042,20050617,1,0,0,320,681,2,1
2043,20050617,1,0,0,356,547,2,2
2044,20050617,5,1,1,126,527,2,2
2045,20050617,8,1,1,282,122,1,2
2046,20050617,7,1,1,63,191,2,1
2047,20050617,3,0,0,172,517,2,1
2048,20050617,6,1,1,345,446,2,2
2049,20050617,4,0,0,553,234,2,2
2050,20050617,0,0,0,482,428,1,1
2051,20050617,2,0,0,446,515,2,1
2052,20050617,3,0,0,510,367,2,1
2053,20050617,1,0,0,127,931,2,2
2054,20050617,8,1,1,436,348,2,1
2055,20050617,7,1,4,558,306,1,1
2056,20050617,2,0,0,504,51,2,2
2057,20050617,7,1,1,501,615,2,1
2058,20050617,7,1,4,311,292,2,1
2059,20050617,1,0,0,166,162,1,2
2060,20050617,5,0,0,85,333,1,1
2061,20050617,7,1,4,332,1000,1,2
2062,20050617,3,0,0,427,380,2,2
2063,20050617,3,0,0,496,941,2,1
2064,20050617,6,1,3,122,429,2,2
2065,20050617,5,1,2,25,184,2,2
2066,20050617,6,0,0,577,561,1,2
2067,20050617,4,0,0,180,373,2,2
2068,20050617,2,0,0,139,924,2,1
2069,20050617,9,1,4,36,602,2,1
2070,20050617,3,0,0,12,572,2,1
2071,20050617,6,1,1,543,628,2,1
2072,20050617,5,1,2,412,17,2,1
2073,20050617,1,0,0,74,772,2,1
2074,20050617,3,0,0,81,15,1,1
2075,20050617,1,0,0,257,527,1,2
2076,20050617,6,1,3,226,484,2,1
2077,20050617,1,0,0,581,979,1,1
2078,20050617,2,0,0,514,439,2,1
2079,20050617,1,0,0,347,843,2,1
2080,20050617,3,0,0,71,273,1,2
2081,20050617,9,1,5,290,204,1,1
2082,20050617,1,0,0,55,96,1,1
2083,20050617,1,0,0,354,529,1,2
2084,20050617,4,0,0,46,95,1,1
2085,20050617,5,1,1,576,491,2,1
2086,20050617,4,0,0,454,200,1,2
2087,20050617,8,1,1,41,103,1,1
2088,20050617,6,1,2,49,112,2,2
2089,20050617,7,1,4,373,878,2,1
2090,20050617,5,0,0,83,4,1,1
2091,20050617,8,1,5,84,879,1,1
2092,20050617,7,1,1,540,968,1,2
2093,20050617,8,1,4,176,177,2,1
2094,20050617,1,0,0,563,477,2,1
2095,20050617,6,1,3,364,415,1,2
2096,20050617,3,0,0,35,239,1,2
2097,20050617,5,0,0,267,123,2,1
2098,20050617,2,0,0,208,862,1,1
2099,20050617,7,0,0,575,800,1,2
2100,20050617,2,0,0,139,489,2,2
2101,20050617,2,0,0,333,462,2,2
2102,20050617,6,1,3,318,503,1,2
2103,20050617,4,1,1,460,321,1,2
2104,20050617,1,0,0,202,678,1,1
2105,20050617,2,0,0,311,891,2,1
2106,20050617,5,0,0,486,139,2,2
2107,20050617,1,0,0,160,281,2,1
2108,20050617,7,1,1,302,305,2,1
2109,20050617,7,0,0,519,498,1,2
2110,20050617,8,1,2,283,785,2,2
2111,20050617,2,0,0,304,457,2,2
2112,20050617,7,1,2,371,356,1,2
2113,20050617,6,0,0,592,330,1,1
2114,20050617,5,1,2,225,774,1,1
2115,20050617,7,0,0,416,756,2,2
2116,20050617,0,0,0,12,518,1,2
2117,20050617,5,0,0,232,1,1,2
2118,20050617,6,0,0,370,280,1,1
2119,20050617,4,0,0,559,456,2,1
2120,20050617,9,1,2,553,328,2,2
2121,20050617,5,0,0,325,28,1,2
2122,20050617,5,0,0,477,644,2,2
2123,20050617,0,0,0,526,548,1,2
2124,20050617,5,0,0,57,282,1,1
2125,20050617,1,0,0,244,937,2,2
2126,20050617,9,1,5,404,930,2,1
2127,20050617,0,0,0,530,822,2,2
2128,20050617,6,0,0,574,78,1,2
2129,20050617,6,1,1,116,418,2,1
2130,20050617,8,1,4,185,301,2,2
2131,20050617,7,1,2,534,967,1,1
2132,20050617,2,0,0,199,578,2,1
2133,20050617,6,0,0,215,206,2,1
2134,20050617,8,1,4,114,370,1,2
2135,20050617,1,0,0,62,891,2,1
2136,20050617,7,1,3,383,581,1,2
2137,20050617,2,0,0,333,255,2,1
2138,20050617,4,1,1,55,114,1,2
2139,20050617,8,1,5,410,175,2,1
2140,20050617,1,0,0,164,523,1,1
2141,20050617,1,0,0,505,470,1,1
2142,20050617,8,1,3,290,388,2,2
2143,20050617,2,0,0,512,278,1,2
2144,20050617,3,0,0,443,727,2,1
2145,20050617,0,0,0,397,54,1,2
2146,20050617,8,1,3,460,73,1,1
2147,20050617,4,0,0,260,603,2,1
2148,20050617,8,1,1,469,70,2,1
2149,20050617,8,1,5,26,738,2,1
2150,20050617,3,0,0,592,415,2,1
2151,20050617,2,0,0,30,90,1,1
2152,20050617,5,1,1,37,585,2,1
2153,20050617,6,1,1,461,532,2,2
2154,20050617,6,1,1,495,361,2,1
2155,20050617,7,0,0,170,795,1,2
2156,20050617,4,1,1,475,135,2,2
2157,20050617,6,0,0,172,353,2,2
2158,20050617,1,0,0,14,55,1,2
2159,20050617,7,1,3,347,680,2,2
2160,20050617,4,0,0,204,358,2,1
2161,20050617,8,1,2,490,691,2,2
2162,20050617,3,0,0,372,389,1,1
2163,20050617,4,0,0,48,571,2,2
2164,20050617,6,1,1,170,755,1,2
2165,20050617,4,0,0,465,522,2,1
2166,20050617,9,1,6,544,946,2,2
2167,20050617,3,0,0,37,831,1,2
2168,20050617,2,0,0,563,174,2,1
2169,20050617,1,0,0,134,172,1,2
2170,20050617,4,0,0,504,869,2,2
2171,20050618,6,0,0,303,383,2,2
2172,20050618,8,1,3,571,640,2,1
2173,20050618,7,1,3,162,222,2,1
2174,20050618,7,1,4,590,723,1,1
2175,20050618,4,1,1,429,879,2,2
2176,20050618,3,0,0,422,914,1,1
2177,20050618,8,1,5,588,109,2,1
2178,20050618,3,0,0,84,647,2,1
2179,20050618,1,0,0,469,945,1,1
2180,20050618,7,1,4,542,778,2,2
2181,20050618,7,1,4,4,763,1,2
2182,20050618,8,1,1,345,765,1,1
2183,20050618,4,0,0,588,385,2,1
2184,20050618,3,0,0,547,760,2,2
2185,20050618,2,0,0,369,942,2,1
2186,20050618,3,0,0,522,445,2,1
2187,20050618,2,0,0,541,304,1,1
2188,20050618,7,1,1,52,155,2,2
2189,20050618,6,0,0,245,56,1,1
2190,20050618,8,1,1,44,961,2,2
2191,20050618,1,0,0,316,739,1,1
2192,20050618,5,0,0,460,411,1,2
2193,20050618,4,0,0,564,227,1,1
2194,20050618,7,1,2,549,397,1,1
2195,20050618,7,0,0,367,486,1,1
2196,20050618,8,1,3,279,418,1,2
2197,20050618,0,0,0,370,736,1,2
2198,20050618,8,1,4,467,432,2,2
2199,20050618,5,1,1,315,20,1,2
2200,20050618,8,1,4,38,242,1,2
2201,20050618,4,0,0,292,406,2,1
2202,20050618,8,1,4,180,177,2,2
2203,20050618,4,0,0,443,297,2,2
2204,20050618,5,0,0,221,252,1,1
2205,20050618,7,1,4,558,275,1,1
2206,20050618,6,0,0,599,797,2,2
2207,20050618,6,1,2,222,40,2,2
2208,20050618,5,0,0,463,510,1,2
2209,20050618,4,0,0,517,532,2,2
2210,20050618,2,0,0,332,49,2,1
2211,20050618,3,0,0,314,895,1,1
2212,20050618,1,0,0,224,536,2,1
2213,20050618,5,0,0,532,211,1,1
2214,20050618,0,0,0,509,531,1,2
2215,20050618,3,0,0,240,447,1,2
2216,20050618,1,0,0,5,313,1,1
2217,20050618,2,0,0,560,489,1,1
2218,20050618,0,0,0,4,782,2,1
2219,20050618,3,0,0,437,410,1,1
2220,20050618,3,0,0,322,72,1,2
2221,20050618,4,0,0,373,852,1,1
2222,20050618,8,1,3,254,840,1,2
2223,20050618,9,1,4,595,887,1,2
2224,20050618,0,0,0,243,295,1,1
2225,20050618,4,0,0,302,621,1,1
2226,20050618,6,1,3,182,764,1,2
2227,20050618,1,0,0,523,791,1,2
2228,20050618,4,1,1,7,109,2,1
2229,20050618,8,1,4,161,623,2,2
2230,20050618,6,0,0,355,182,1,2
2231,20050618,5,0,0,161,493,2,1
2232,20050618,4,0,0,478,538,2,1
2233,20050618,3,0,0,206,673,1,2
2234,20050618,6,0,0,553,52,2,2
2235,20050618,9,1,5,31,759,2,1
2236,20050618,4,0,0,140,871,2,1
2237,20050618,9,1,5,387,395,2,1
2238,20050618,8,1,3,168,626,2,2
2239,20050618,7,1,4,142,966,2,2
2240,20050618,4,1,1,391,308,2,2
2241,20050618,6,1,2,592,204,2,2
2242,20050618,5,1,2,575,434,2,2
2243,20050618,4,0,0,241,277,1,2
2244,20050618,1,0,0,149,792,2,1
2245,20050618,6,1,3,276,327,2,2
2246,20050618,4,0,0,319,933,1,1
2248,20050618,1,0,0,233,435,1,2
2249,20050618,8,1,5,296,23,1,2
2250,20050618,3,0,0,597,880,1,2
2251,20050618,5,1,1,515,319,2,1
2252,20050618,3,0,0,7,433,1,1
2253,20050618,6,0,0,391,813,2,2
2254,20050618,8,1,4,91,242,1,2
2255,20050618,8,1,2,74,5,2,1
2256,20050618,8,1,3,130,406,2,2
2257,20050618,3,0,0,287,624,2,1
2258,20050618,6,1,1,533,999,2,1
2259,20050618,2,0,0,150,893,1,1
2260,20050618,2,0,0,180,609,1,1
2261,20050618,5,1,2,338,382,2,1
2262,20050618,1,0,0,1,907,1,2
2263,20050618,2,0,0,531,717,1,1
2264,20050618,0,0,0,279,31,2,1
2265,20050618,1,0,0,103,675,1,1
2266,20050618,2,0,0,531,570,2,1
2267,20050618,1,0,0,1,452,2,2
2268,20050618,4,0,0,31,957,1,2
2269,20050618,6,0,0,35,679,1,2
2270,20050618,8,1,3,120,755,2,2
2271,20050618,3,0,0,471,527,2,2
2272,20050618,5,1,1,118,301,1,1
2273,20050618,2,0,0,508,973,2,1
2274,20050618,2,0,0,309,663,2,2
2275,20050618,6,1,2,58,616,1,2
2276,20050618,6,1,1,97,253,1,2
2277,20050618,0,0,0,205,825,1,1
2278,20050618,4,0,0,251,258,2,1
2279,20050618,9,1,2,223,426,2,1
2280,20050618,8,1,2,411,998,2,2
2281,20050618,2,0,0,35,915,2,2
2282,20050618,6,0,0,581,958,2,2
2283,20050618,0,0,0,512,446,2,2
2284,20050618,5,1,2,68,589,2,2
2285,20050618,7,0,0,444,165,1,2
2286,20050618,9,1,5,231,134,2,1
2287,20050618,8,1,3,156,322,1,2
2288,20050618,8,1,3,323,193,2,2
2289,20050618,6,0,0,155,442,1,2
2290,20050618,8,1,3,357,44,2,1
2291,20050618,7,1,4,75,861,2,2
2292,20050618,1,0,0,48,37,2,2
2293,20050618,6,1,2,57,705,1,1
2294,20050618,4,0,0,407,455,1,2
2295,20050618,2,0,0,430,715,2,1
2296,20050618,2,0,0,500,995,1,2
2297,20050618,7,1,3,580,489,1,2
2298,20050618,6,1,1,542,272,1,1
2299,20050618,8,1,3,212,945,2,1
2300,20050618,5,0,0,570,353,2,2
2301,20050618,7,1,1,341,191,1,2
2302,20050618,3,0,0,504,403,1,2
2303,20050618,4,0,0,30,333,2,1
2304,20050618,4,0,0,508,775,1,1
2305,20050618,5,1,2,549,135,2,2
2306,20050618,9,1,6,541,46,2,2
2307,20050618,4,1,1,50,1000,1,1
2308,20050618,3,0,0,298,44,1,2
2309,20050618,1,0,0,493,132,2,1
2310,20050618,7,1,3,366,568,2,2
2311,20050618,6,1,3,410,984,1,1
2312,20050618,5,0,0,363,89,2,2
2313,20050618,8,1,3,186,689,1,2
2314,20050618,1,0,0,441,466,1,1
2315,20050618,4,0,0,249,608,1,1
2316,20050618,2,0,0,177,82,1,2
2317,20050618,2,0,0,454,350,2,2
2318,20050618,4,0,0,7,505,2,1
2319,20050618,8,1,2,437,331,2,2
2320,20050618,5,0,0,92,130,2,1
2321,20050618,7,1,1,390,256,2,1
2322,20050618,6,0,0,596,412,2,1
2323,20050618,4,1,1,280,46,2,1
2324,20050618,5,0,0,215,655,1,1
2325,20050618,3,0,0,592,164,2,1
2326,20050618,5,0,0,583,838,2,2
2327,20050618,2,0,0,418,298,2,1
2328,20050618,2,0,0,2,501,1,1
2329,20050618,2,0,0,322,902,2,2
2330,20050618,7,1,3,503,933,1,1
2331,20050618,7,1,2,271,339,2,1
2332,20050618,6,1,2,552,465,1,2
2333,20050618,6,1,1,100,504,2,2
2334,20050618,3,0,0,382,676,2,2
2335,20050618,7,1,2,233,864,2,2
2336,20050618,6,0,0,516,849,2,2
2337,20050618,7,1,4,331,987,1,2
2338,20050618,0,0,0,211,695,1,1
2339,20050618,2,0,0,180,70,1,1
2340,20050618,4,0,0,378,416,2,1
2341,20050618,9,1,2,206,139,1,2
2342,20050618,2,0,0,575,468,2,1
2343,20050618,3,0,0,383,994,1,2
2344,20050618,0,0,0,380,438,2,2
2345,20050618,4,0,0,565,395,1,2
2346,20050618,9,1,3,563,563,2,1
2347,20050618,5,0,0,276,986,1,1
2348,20050618,6,0,0,259,790,2,2
2349,20050618,0,0,0,81,336,1,2
2350,20050618,4,0,0,465,263,1,1
2351,20050618,5,0,0,39,646,1,1
2352,20050618,3,0,0,28,463,1,2
2353,20050618,1,0,0,70,708,1,1
2354,20050618,7,1,2,40,613,1,2
2355,20050618,7,0,0,462,789,2,1
2356,20050618,2,0,0,34,477,2,2
2357,20050618,8,1,5,559,292,2,1
2358,20050618,7,1,3,263,376,2,1
2359,20050618,6,1,3,172,678,1,1
2360,20050618,5,0,0,311,8,2,2
2361,20050618,4,0,0,111,775,2,1
2362,20050618,0,0,0,131,618,2,1
2363,20050618,1,0,0,298,766,1,1
2364,20050618,5,1,2,537,625,2,1
2365,20050618,2,0,0,519,683,1,2
2366,20050618,5,0,0,159,309,2,2
2367,20050618,4,0,0,521,890,2,2
2368,20050618,4,0,0,474,235,2,1
2369,20050618,5,0,0,440,331,1,2
2370,20050618,5,1,2,292,583,1,1
2371,20050618,3,0,0,577,39,2,2
2372,20050618,2,0,0,545,344,1,2
2373,20050618,5,0,0,59,610,1,2
2374,20050618,4,0,0,393,578,1,1
2375,20050618,7,0,0,200,469,2,2
2376,20050618,7,0,0,543,800,2,1
2377,20050618,8,1,1,306,780,2,1
2378,20050618,8,1,3,95,614,1,2
2379,20050618,5,0,0,392,595,1,2
2380,20050618,5,1,1,355,964,2,2
2381,20050618,3,0,0,192,327,1,1
2382,20050618,1,0,0,579,203,2,2
2383,20050618,8,1,5,549,537,2,2
2384,20050618,3,0,0,463,741,1,1
2385,20050618,7,1,2,157,358,1,1
2386,20050618,4,0,0,479,300,2,1
2387,20050618,7,1,2,177,151,2,2
2388,20050618,2,0,0,291,643,1,1
2389,20050618,2,0,0,567,160,1,1
2390,20050618,5,0,0,240,603,1,1
2391,20050618,6,1,3,150,625,1,1
2392,20050618,1,0,0,412,479,1,1
2393,20050618,7,0,0,31,690,1,1
2394,20050618,8,1,4,203,586,1,1
2395,20050618,9,1,2,59,200,1,2
2396,20050618,9,1,5,206,433,1,2
2397,20050618,6,1,1,304,636,1,1
2398,20050618,8,1,1,550,658,2,2
2399,20050618,8,1,1,497,546,2,2
2400,20050618,7,1,3,74,702,1,1
2401,20050618,0,0,0,9,17,2,2
2402,20050618,8,1,3,421,621,2,1
2403,20050618,5,0,0,476,592,1,1
2404,20050618,5,0,0,460,899,1,2
2405,20050618,3,0,0,227,788,1,1
2406,20050618,4,1,1,542,292,1,1
2407,20050618,5,0,0,219,559,1,2
2408,20050618,1,0,0,137,57,2,1
2409,20050618,2,0,0,320,142,1,1
2410,20050618,1,0,0,8,59,1,2
2411,20050618,6,0,0,420,727,1,1
2412,20050618,9,1,3,449,424,1,1
2413,20050618,8,1,3,232,403,1,2
2414,20050618,2,0,0,569,982,2,1
2415,20050618,6,1,2,405,682,1,2
2416,20050618,6,1,1,176,628,2,1
2417,20050618,7,1,2,21,427,1,1
2418,20050618,7,1,3,8,604,2,1
2419,20050618,8,1,4,262,277,1,1
2420,20050618,5,0,0,230,54,2,1
2421,20050618,5,1,2,176,771,2,2
2422,20050618,4,0,0,32,696,2,1
2423,20050618,2,0,0,234,379,2,1
2424,20050618,4,0,0,149,410,2,1
2425,20050618,9,1,5,261,577,1,2
2426,20050618,3,0,0,349,104,2,2
2427,20050618,9,1,2,4,931,2,2
2428,20050618,0,0,0,121,850,2,2
2429,20050618,8,1,4,538,710,2,1
2430,20050618,5,1,1,405,433,1,1
2431,20050618,6,0,0,436,303,2,2
2432,20050618,6,1,3,375,966,2,2
2433,20050618,4,0,0,227,207,1,2
2434,20050618,4,0,0,238,818,1,2
2435,20050618,3,0,0,23,776,1,2
2436,20050618,2,0,0,183,732,1,2
2437,20050618,3,0,0,345,391,1,1
2438,20050618,0,0,0,206,40,2,1
2439,20050618,3,0,0,62,202,1,2
2440,20050618,3,0,0,419,628,1,1
2441,20050618,1,0,0,558,691,1,1
2442,20050618,3,0,0,329,880,2,1
2443,20050618,6,0,0,149,354,1,1
2444,20050618,9,1,6,493,483,1,1
2445,20050618,5,0,0,532,634,2,1
2446,20050618,8,1,3,86,284,1,2
2447,20050618,8,1,3,591,512,1,1
2448,20050618,8,1,3,563,358,1,1
2449,20050618,9,1,2,380,792,2,1
2450,20050618,8,1,3,423,190,2,1
2451,20050618,4,0,0,12,183,1,1
2452,20050618,8,1,4,40,941,1,1
2453,20050618,1,0,0,120,561,1,1
2454,20050618,6,0,0,290,70,2,2
2455,20050618,2,0,0,121,191,2,1
2456,20050618,5,1,2,303,120,1,1
2457,20050618,8,1,3,64,282,2,1
2458,20050618,2,0,0,414,130,2,2
2459,20050618,4,0,0,258,229,1,2
2460,20050618,9,1,6,598,857,2,2
2461,20050618,9,1,3,337,16,1,2
2462,20050618,3,0,0,191,465,1,2
2463,20050618,6,0,0,276,264,2,2
2464,20050618,1,0,0,419,102,2,1
2465,20050618,7,0,0,441,828,2,1
2466,20050618,1,0,0,47,299,1,1
2467,20050618,1,0,0,336,958,2,1
2468,20050618,4,0,0,567,398,2,1
2469,20050618,8,1,5,360,434,1,1
2470,20050618,6,1,2,350,941,1,1
2471,20050618,5,0,0,52,745,2,2
2472,20050618,1,0,0,456,994,1,2
2473,20050618,0,0,0,271,847,2,1
2474,20050618,6,0,0,101,756,2,1
2475,20050618,2,0,0,224,199,1,2
2476,20050618,1,0,0,27,870,2,1
2477,20050618,4,1,1,43,551,2,1
2478,20050618,5,0,0,121,614,2,1
2479,20050618,3,0,0,483,354,2,1
2480,20050618,3,0,0,49,889,1,1
2481,20050618,4,0,0,11,174,2,2
2482,20050618,0,0,0,391,100,1,1
2483,20050618,6,1,2,473,918,2,1
2484,20050618,5,0,0,78,330,2,2
2485,20050618,3,0,0,164,342,1,2
2486,20050618,4,0,0,189,59,2,1
2487,20050618,4,0,0,63,805,2,2
2488,20050618,5,1,2,235,295,1,2
2489,20050618,3,0,0,567,873,2,2
2490,20050618,1,0,0,158,420,2,2
2491,20050618,7,0,0,211,387,1,1
2492,20050618,4,0,0,475,626,2,1
2493,20050618,9,1,6,573,896,1,1
2494,20050618,6,1,2,405,290,1,1
2495,20050618,3,0,0,469,838,1,1
2496,20050618,1,0,0,32,140,2,2
2497,20050618,7,1,1,315,505,2,1
2498,20050618,3,0,0,56,496,2,1
2499,20050618,1,0,0,494,697,1,2
2500,20050618,7,0,0,238,922,1,1
2501,20050618,5,0,0,251,263,2,2
2502,20050618,1,0,0,45,575,1,2
2503,20050618,4,0,0,4,545,1,2
2504,20050618,2,0,0,531,367,1,2
2505,20050618,7,1,3,278,365,1,1
2506,20050618,6,1,3,529,501,2,2
2507,20050618,2,0,0,45,686,1,1
2508,20050618,1,0,0,71,941,2,2
2509,20050618,1,0,0,596,976,2,2
2510,20050618,5,0,0,95,838,2,1
2511,20050618,5,0,0,308,396,2,2
2512,20050618,2,0,0,398,986,1,2
2513,20050618,5,0,0,78,741,1,2
2514,20050618,4,0,0,567,561,1,1
2515,20050618,3,0,0,394,706,2,2
2516,20050619,2,0,0,137,588,2,2
2517,20050619,6,0,0,56,11,1,1
2518,20050619,6,0,0,505,767,2,2
2519,20050619,6,1,3,415,260,2,1
2520,20050619,9,1,2,233,911,1,1
2521,20050619,2,0,0,46,26,2,1
2522,20050619,9,1,3,261,119,2,1
2523,20050619,2,0,0,15,101,1,2
2524,20050619,6,0,0,347,97,2,2
2525,20050619,5,0,0,293,288,2,2
2526,20050619,9,1,6,245,728,2,1
2527,20050619,1,0,0,72,86,1,2
2528,20050619,7,1,2,19,398,2,2
2529,20050619,4,1,1,263,501,1,1
2530,20050619,4,0,0,206,906,1,1
2531,20050619,3,0,0,256,167,2,2
2532,20050619,1,0,0,176,408,1,1
2533,20050619,3,0,0,530,996,1,1
2534,20050619,3,0,0,492,557,1,1
2535,20050619,8,1,1,48,200,2,2
2536,20050619,8,1,5,283,920,1,1
2537,20050619,7,1,1,397,767,1,1
2538,20050619,5,0,0,589,284,2,2
2539,20050619,0,0,0,32,977,2,2
2540,20050619,1,0,0,307,938,1,2
2541,20050619,4,1,1,421,25,2,1
2542,20050619,7,1,3,122,317,1,1
2543,20050619,1,0,0,316,377,1,2
2544,20050619,3,0,0,420,320,2,1
2545,20050619,1,0,0,185,710,2,2
2546,20050619,4,1,1,125,216,2,2
2547,20050619,5,0,0,159,995,1,2
2548,20050619,3,0,0,559,935,2,2
2549,20050619,7,1,3,81,843,2,2
2550,20050619,4,0,0,348,301,2,1
2551,20050619,9,1,2,154,437,1,1
2552,20050619,9,1,3,87,143,2,1
2553,20050619,6,1,3,244,205,1,2
2554,20050619,6,0,0,11,855,1,1
2555,20050619,6,0,0,446,58,2,2
2556,20050619,4,1,1,255,25,1,1
2557,20050619,1,0,0,352,992,2,1
2558,20050619,5,1,1,70,641,2,1
2559,20050619,9,1,5,319,969,1,1
2560,20050619,8,1,4,268,734,2,1
2561,20050619,1,0,0,355,897,1,2
2562,20050619,2,0,0,141,10,2,2
2563,20050619,4,0,0,22,420,2,2
2564,20050619,4,1,1,483,873,1,1
2565,20050619,4,0,0,415,511,1,2
2566,20050619,6,1,2,318,110,1,2
2567,20050619,0,0,0,110,49,1,2
2568,20050619,5,1,1,501,665,2,1
2569,20050619,7,1,4,596,6,2,1
2570,20050619,6,1,2,496,245,2,1
2571,20050619,2,0,0,486,391,1,2
2572,20050619,4,0,0,24,534,2,2
2573,20050619,4,0,0,424,737,1,1
2574,20050619,1,0,0,515,730,2,1
2575,20050619,5,0,0,224,78,2,1
2576,20050619,9,1,2,148,644,1,2
2577,20050619,8,1,1,486,99,1,2
2578,20050619,7,1,3,103,369,2,2
2579,20050619,3,0,0,519,840,1,1
2580,20050619,3,0,0,21,555,1,1
2581,20050619,4,0,0,460,83,1,2
2582,20050619,7,1,2,103,45,1,2
2583,20050619,8,1,2,591,871,1,1
2584,20050619,8,1,5,106,816,1,2
2585,20050619,1,0,0,592,18,2,1
2586,20050619,7,1,3,547,893,1,1
2587,20050619,5,0,0,19,473,1,2
2588,20050619,2,0,0,515,791,2,2
2589,20050619,2,0,0,520,50,2,2
2590,20050619,1,0,0,129,782,1,2
2591,20050619,6,0,0,599,979,1,1
2592,20050619,2,0,0,184,63,2,1
2593,20050619,9,1,3,540,442,1,1
2594,20050619,5,0,0,236,181,2,2
2595,20050619,6,1,2,391,702,2,1
2596,20050619,5,1,2,368,482,1,1
2597,20050619,0,0,0,470,493,2,1
2598,20050619,5,0,0,141,450,2,2
2599,20050619,7,1,4,315,101,2,1
2600,20050619,8,1,1,152,103,2,2
2601,20050619,1,0,0,532,637,2,1
2602,20050619,4,1,1,23,896,2,2
2603,20050619,6,1,1,431,127,2,1
2604,20050619,6,0,0,212,634,2,2
2605,20050619,6,1,1,348,509,2,1
2606,20050619,1,0,0,329,898,1,2
2607,20050619,5,0,0,588,856,1,2
2608,20050619,5,0,0,463,353,2,1
2609,20050619,9,1,3,7,487,2,2
2610,20050619,6,1,2,246,842,1,2
2611,20050619,2,0,0,433,805,2,1
2612,20050619,6,1,2,231,369,1,1
2613,20050619,1,0,0,435,838,2,1
2614,20050619,3,0,0,471,901,1,1
2615,20050619,8,1,4,321,834,2,1
2616,20050619,8,1,3,263,127,1,1
2617,20050619,8,1,3,89,45,1,1
2618,20050619,4,0,0,49,539,1,2
2619,20050619,1,0,0,451,402,2,2
2620,20050619,5,1,2,395,698,1,1
2621,20050619,8,1,1,267,379,2,1
2622,20050619,9,1,3,305,305,1,2
2623,20050619,7,1,4,238,978,1,2
2624,20050619,8,1,1,204,676,1,1
2625,20050619,7,1,4,385,861,1,2
2626,20050619,4,1,1,251,618,2,1
2627,20050619,4,0,0,178,610,1,2
2628,20050619,8,1,1,173,855,1,2
2629,20050619,8,1,2,252,393,1,2
2630,20050619,6,1,2,410,852,1,1
2631,20050619,6,1,1,62,760,2,1
2632,20050619,3,0,0,273,491,2,2
2633,20050619,0,0,0,229,759,2,1
2634,20050619,1,0,0,413,806,2,2
2635,20050619,7,1,3,524,733,1,1
2636,20050619,5,0,0,290,456,2,2
2637,20050619,8,1,3,508,600,2,2
2638,20050619,7,1,1,436,646,2,1
2639,20050619,2,0,0,247,865,1,2
2640,20050619,1,0,0,65,158,2,1
2641,20050619,3,0,0,63,51,2,1
2642,20050619,5,1,2,356,448,1,1
2643,20050619,7,1,2,413,418,2,2
2644,20050619,7,1,2,268,418,1,2
2645,20050619,8,1,4,568,494,1,2
2646,20050619,1,0,0,569,768,2,2
2647,20050619,3,0,0,280,426,2,1
2648,20050619,1,0,0,206,354,1,2
2649,20050619,1,0,0,243,19,2,1
2650,20050619,1,0,0,187,915,2,1
2651,20050619,8,1,1,493,471,2,1
2652,20050619,8,1,3,145,683,1,1
2653,20050619,7,1,3,588,772,1,1
2654,20050619,8,1,3,20,809,2,2
2655,20050619,4,0,0,299,360,1,1
2656,20050619,4,0,0,374,121,2,2
2657,20050619,9,1,2,466,786,1,1
2658,20050619,5,1,2,373,723,1,1
2659,20050619,4,0,0,498,12,2,1
2660,20050619,9,1,6,271,946,2,1
2661,20050619,5,0,0,531,797,2,2
2662,20050619,1,0,0,229,858,2,1
2663,20050619,1,0,0,538,227,1,1
2664,20050619,8,1,3,277,766,1,2
2665,20050619,7,1,3,344,989,1,2
2666,20050619,9,1,5,345,408,2,1
2667,20050619,8,1,1,523,230,1,2
2668,20050619,4,0,0,579,687,2,2
2669,20050619,1,0,0,591,600,1,1
2670,20050619,2,0,0,571,771,1,2
2671,20050619,7,1,1,328,467,2,2
2672,20050619,5,1,2,556,257,2,2
2673,20050619,3,0,0,299,545,1,1
2674,20050619,0,0,0,17,819,1,1
2675,20050619,4,0,0,423,677,1,1
2676,20050619,5,0,0,541,858,2,2
2677,20050619,1,0,0,450,958,1,2
2678,20050619,2,0,0,144,920,1,2
2679,20050619,7,1,4,467,434,2,1
2680,20050619,8,1,3,166,190,2,1
2681,20050619,2,0,0,169,594,1,2
2682,20050619,9,1,2,80,789,1,1
2683,20050619,2,0,0,121,626,2,2
2684,20050619,8,1,3,429,271,2,2
2685,20050619,3,0,0,100,259,1,1
2686,20050619,1,0,0,229,590,1,1
2687,20050619,3,0,0,55,692,2,2
2688,20050619,9,1,6,268,932,1,2
2689,20050619,5,0,0,448,543,1,1
2690,20050619,8,1,2,282,303,1,1
2691,20050619,7,1,2,109,760,2,1
2692,20050619,2,0,0,397,694,1,1
2693,20050619,7,1,1,16,563,1,1
2694,20050619,5,0,0,256,84,1,1
2695,20050619,5,0,0,184,43,1,2
2696,20050619,9,1,4,392,457,2,2
2697,20050619,3,0,0,167,491,1,1
2698,20050619,0,0,0,556,851,2,2
2699,20050619,4,0,0,103,15,1,2
2700,20050619,8,1,2,136,206,1,1
2701,20050619,9,1,3,299,354,2,2
2702,20050619,1,0,0,30,378,1,2
2703,20050619,8,1,3,342,890,1,2
2704,20050619,7,1,1,53,440,2,2
2705,20050619,0,0,0,376,265,1,1
2706,20050619,2,0,0,148,82,1,2
2707,20050619,7,1,3,145,980,1,2
2708,20050619,4,1,1,270,583,2,2
2709,20050619,4,0,0,597,631,1,2
2710,20050619,2,0,0,233,650,1,1
2711,20050619,1,0,0,89,859,2,1
2712,20050619,3,0,0,239,688,2,1
2713,20050619,1,0,0,114,867,1,1
2714,20050619,4,1,1,313,625,2,2
2715,20050619,6,0,0,294,451,2,2
2716,20050619,8,1,2,536,209,1,2
2717,20050619,3,0,0,523,28,1,1
2718,20050619,7,1,3,498,971,1,1
2719,20050619,0,0,0,224,267,1,2
2720,20050619,7,0,0,562,786,2,1
2721,20050619,2,0,0,225,829,1,2
2722,20050619,5,0,0,77,212,1,2
2723,20050619,0,0,0,372,941,1,1
2724,20050619,3,0,0,370,848,1,2
2725,20050619,2,0,0,53,12,2,1
2726,20050619,2,0,0,556,651,1,1
2727,20050619,9,1,3,105,717,2,1
2728,20050619,2,0,0,483,169,2,2
2729,20050619,8,1,4,434,972,2,2
2730,20050619,8,1,1,495,280,2,1
2731,20050619,7,1,4,94,917,1,2
2732,20050619,6,0,0,525,132,2,2
2733,20050619,3,0,0,394,336,1,2
2734,20050619,0,0,0,522,173,2,2
2735,20050619,3,0,0,299,993,1,1
2736,20050619,1,0,0,9,985,1,1
2737,20050619,7,1,1,357,688,2,2
2738,20050619,1,0,0,490,77,2,2
2739,20050619,7,1,4,548,48,1,2
2740,20050619,8,1,3,46,336,1,2
2741,20050619,1,0,0,253,363,1,1
2742,20050619,7,1,1,530,902,1,1
2743,20050619,3,0,0,161,572,2,1
2744,20050619,2,0,0,256,985,1,2
2745,20050619,2,0,0,176,277,1,2
2746,20050619,8,1,2,376,206,2,2
2747,20050619,5,0,0,102,302,2,1
2748,20050619,2,0,0,244,113,2,1
2749,20050619,6,0,0,225,337,1,2
2750,20050619,0,0,0,83,827,1,2
2751,20050619,5,1,2,425,285,2,1
2752,20050619,2,0,0,549,85,2,2
2753,20050619,4,0,0,310,525,2,1
2754,20050619,7,1,4,103,382,2,1
2755,20050619,7,1,4,248,210,2,2
2756,20050619,6,0,0,33,719,1,2
2757,20050619,8,1,2,18,835,1,1
2758,20050619,6,1,1,152,777,2,2
2759,20050619,5,0,0,453,150,2,2
2760,20050619,6,0,0,196,571,2,1
2761,20050619,1,0,0,35,462,1,2
2762,20050619,6,1,3,571,753,1,2
2763,20050619,2,0,0,578,680,2,2
2764,20050619,8,1,5,543,374,2,2
2765,20050619,8,1,4,263,228,1,1
2766,20050619,4,0,0,388,749,2,2
2767,20050619,5,1,1,174,882,1,1
2768,20050619,6,0,0,105,663,1,1
2769,20050619,7,1,2,58,271,1,2
2770,20050619,7,1,4,82,667,2,2
2771,20050619,7,1,1,146,8,2,1
2772,20050619,3,0,0,590,271,1,1
2773,20050619,9,1,3,408,902,1,1
2774,20050619,1,0,0,277,616,2,2
2775,20050619,7,1,2,28,147,1,1
2776,20050619,6,1,2,36,376,2,2
2777,20050619,0,0,0,423,891,2,2
2778,20050619,9,1,5,102,737,2,1
2779,20050619,4,0,0,438,228,2,2
2780,20050619,9,1,2,421,330,2,1
2781,20050619,7,1,1,83,273,1,2
2782,20050619,2,0,0,373,796,1,1
2783,20050619,2,0,0,581,609,2,1
2784,20050619,8,1,5,177,501,1,1
2785,20050619,4,0,0,360,181,1,2
2786,20050619,2,0,0,97,488,1,1
2787,20050619,3,0,0,37,739,2,2
2788,20050619,1,0,0,315,319,2,1
2789,20050619,2,0,0,131,524,2,1
2790,20050619,1,0,0,354,45,1,1
2791,20050619,3,0,0,277,469,2,2
2792,20050619,3,0,0,142,672,1,1
2793,20050619,6,1,2,209,160,1,2
2794,20050619,2,0,0,534,427,1,1
2795,20050619,8,1,3,105,808,2,1
2796,20050619,5,0,0,187,508,2,2
2797,20050619,1,0,0,318,707,2,1
2798,20050619,3,0,0,136,296,1,2
2799,20050619,2,0,0,493,1000,2,1
2800,20050619,3,0,0,575,40,2,1
2801,20050619,1,0,0,299,999,2,2
2802,20050619,1,0,0,292,887,1,2
2803,20050619,8,1,5,134,21,1,1
2804,20050619,5,0,0,221,18,1,2
2805,20050619,8,1,4,368,465,2,2
2806,20050619,1,0,0,434,458,2,2
2807,20050619,5,0,0,276,620,2,2
2808,20050619,7,1,1,45,12,2,1
2809,20050619,7,1,2,440,388,1,2
2810,20050619,0,0,0,122,560,2,2
2811,20050619,3,0,0,571,850,1,2
2812,20050619,6,1,3,90,662,2,1
2813,20050619,7,1,1,365,749,1,1
2814,20050619,6,0,0,254,387,2,2
2815,20050619,6,0,0,398,668,2,2
2816,20050619,1,0,0,395,471,1,2
2817,20050619,5,0,0,434,762,2,1
2818,20050619,2,0,0,542,518,2,2
2819,20050619,6,1,3,529,892,2,1
2820,20050619,7,1,2,211,187,2,1
2821,20050619,8,1,1,586,559,2,1
2822,20050619,3,0,0,445,786,2,1
2823,20050619,6,1,2,84,779,2,1
2824,20050619,9,1,5,248,631,1,2
2825,20050619,3,0,0,143,571,2,1
2826,20050619,5,1,2,462,653,1,1
2827,20050619,0,0,0,310,602,2,2
2828,20050619,5,0,0,550,709,2,1
2829,20050619,4,0,0,361,445,1,1
2830,20050619,1,0,0,31,451,1,1
2831,20050619,2,0,0,191,891,1,2
2832,20050619,9,1,2,558,181,2,1
2833,20050619,8,1,5,377,431,2,1
2834,20050619,4,0,0,391,631,1,1
2835,20050619,6,1,2,15,964,1,2
2836,20050619,7,1,3,317,319,1,2
2837,20050619,0,0,0,396,91,2,1
2838,20050619,6,1,1,533,29,1,1
2839,20050619,3,0,0,355,844,1,2
2840,20050619,6,1,2,410,245,1,2
2841,20050619,8,1,1,306,133,2,1
2842,20050619,2,0,0,226,911,1,2
2843,20050619,6,0,0,425,331,2,2
2844,20050619,4,1,1,57,973,1,2
2845,20050619,3,0,0,538,861,2,1
2846,20050619,2,0,0,306,141,1,1
2847,20050619,8,1,5,425,275,2,2
2848,20050619,6,0,0,466,756,2,1
2849,20050619,5,1,2,100,791,2,1
2850,20050619,8,1,3,146,45,2,2
2851,20050619,2,0,0,70,468,1,1
2852,20050619,6,0,0,582,591,2,1
2853,20050619,8,1,4,582,564,2,2
2854,20050619,3,0,0,313,973,1,2
2855,20050619,6,0,0,511,765,1,1
2856,20050619,3,0,0,593,406,1,1
2857,20050619,5,0,0,329,633,2,2
2858,20050619,1,0,0,215,576,2,1
2859,20050619,0,0,0,303,25,1,1
2860,20050619,1,0,0,16,668,1,1
2861,20050619,6,0,0,247,326,2,1
2862,20050619,3,0,0,478,926,2,2
2863,20050619,3,0,0,68,526,2,2
2864,20050620,6,0,0,519,235,1,2
2865,20050620,1,0,0,254,344,2,1
2866,20050620,0,0,0,440,596,2,1
2867,20050620,3,0,0,511,19,1,1
2868,20050620,5,1,2,576,269,2,2
2869,20050620,4,0,0,488,294,1,2
2870,20050620,8,1,5,325,48,2,1
2871,20050620,9,1,2,60,377,1,1
2872,20050620,6,1,1,279,827,2,1
2873,20050620,5,1,2,441,730,2,1
2874,20050620,8,1,3,314,73,2,2
2875,20050620,5,0,0,199,661,1,2
2876,20050620,3,0,0,62,685,2,1
2877,20050620,3,0,0,103,109,1,1
2878,20050620,1,0,0,473,895,2,2
2879,20050620,8,1,3,538,417,1,2
2880,20050620,3,0,0,306,370,1,2
2881,20050620,6,0,0,37,305,1,1
2882,20050620,1,0,0,214,45,2,1
2883,20050620,8,1,3,5,127,2,1
2884,20050620,1,0,0,342,743,2,2
2885,20050620,2,0,0,546,593,2,1
2886,20050620,3,0,0,128,381,2,2
2887,20050620,5,0,0,582,239,2,2
2888,20050620,2,0,0,597,103,1,2
2889,20050620,3,0,0,596,31,2,1
2890,20050620,7,1,4,155,753,2,1
2891,20050620,5,1,1,204,76,1,1
2892,20050620,1,0,0,428,656,2,2
2893,20050620,6,0,0,243,88,2,2
2894,20050620,1,0,0,304,940,1,1
2895,20050620,7,1,3,274,972,1,2
2896,20050620,6,1,2,350,242,2,2
2897,20050620,5,1,1,16,759,2,1
2898,20050620,9,1,5,57,682,1,2
2899,20050620,3,0,0,257,417,1,1
2900,20050620,7,1,2,555,747,1,2
2901,20050620,3,0,0,385,145,2,2
2902,20050620,6,0,0,389,611,1,1
2903,20050620,5,0,0,291,783,1,2
2904,20050620,1,0,0,427,474,2,2
2905,20050620,4,1,1,73,851,1,2
2906,20050620,3,0,0,316,242,2,2
2907,20050620,0,0,0,184,553,2,2
2908,20050620,2,0,0,64,114,2,1
2909,20050620,5,1,1,328,370,2,2
2910,20050620,7,1,4,311,137,2,1
2911,20050620,2,0,0,230,796,1,1
2912,20050620,1,0,0,169,239,2,1
2913,20050620,3,0,0,158,758,2,1
2914,20050620,5,1,1,44,527,2,2
2915,20050620,4,1,1,146,285,2,2
2916,20050620,7,1,4,28,678,1,2
2917,20050620,3,0,0,328,140,2,1
2918,20050620,1,0,0,66,433,1,1
2919,20050620,7,1,2,193,621,2,1
2920,20050620,6,1,3,120,109,1,2
2921,20050620,7,1,2,213,388,1,1
2922,20050620,2,0,0,4,365,1,2
2923,20050620,1,0,0,299,22,1,1
2924,20050620,0,0,0,463,127,1,1
2925,20050620,2,0,0,433,175,1,2
2926,20050620,5,0,0,186,235,1,1
2927,20050620,2,0,0,235,86,2,1
2928,20050620,1,0,0,160,280,2,2
2929,20050620,5,1,1,26,744,1,2
2930,20050620,8,1,1,17,789,2,2
2931,20050620,9,1,4,144,686,1,1
2932,20050620,9,1,6,550,966,2,1
2933,20050620,6,0,0,326,979,2,2
2934,20050620,1,0,0,68,152,1,1
2935,20050620,8,1,3,95,600,1,2
2936,20050620,6,0,0,546,587,1,2
2937,20050620,6,0,0,189,435,1,1
2938,20050620,6,1,2,562,390,1,1
2939,20050620,6,1,3,242,579,1,1
2940,20050620,8,1,2,491,550,1,2
2941,20050620,6,0,0,220,793,1,2
2942,20050620,8,1,1,109,223,2,1
2943,20050620,4,0,0,143,569,1,1
2944,20050620,9,1,3,362,340,1,2
2945,20050620,6,1,3,243,912,2,1
2946,20050620,0,0,0,596,817,1,2
2947,20050620,3,0,0,101,937,2,2
2948,20050620,9,1,6,177,925,1,2
2949,20050620,8,1,3,222,83,1,2
2950,20050620,7,1,4,559,314,2,2
2951,20050620,3,0,0,294,638,1,2
2952,20050620,2,0,0,517,823,1,1
2953,20050620,5,0,0,65,397,2,1
2954,20050620,3,0,0,224,83,2,1
2955,20050620,4,0,0,403,502,1,2
2956,20050620,2,0,0,82,589,2,2
2957,20050620,9,1,6,246,879,1,2
2958,20050620,8,1,2,84,303,1,2
2959,20050620,6,0,0,249,911,2,1
2960,20050620,6,1,3,539,865,1,2
2961,20050620,4,0,0,384,991,1,1
2962,20050620,5,1,2,329,652,1,1
2963,20050620,8,1,3,12,316,2,1
2964,20050620,9,1,5,28,267,1,1
2965,20050620,9,1,6,443,6,1,1
2966,20050620,9,1,6,115,763,2,1
2967,20050620,8,1,1,439,922,2,2
2968,20050620,2,0,0,536,965,1,1
2969,20050620,1,0,0,143,380,1,2
2970,20050620,8,1,2,259,258,2,2
2971,20050620,7,0,0,74,348,2,2
2972,20050620,1,0,0,288,483,1,1
2973,20050620,4,1,1,545,575,2,1
2974,20050620,4,0,0,589,504,1,2
2975,20050620,0,0,0,443,989,2,1
2976,20050620,1,0,0,427,915,1,1
2977,20050620,8,1,5,418,580,1,2
2978,20050620,2,0,0,411,951,2,1
2979,20050620,7,1,2,145,863,2,1
2980,20050620,8,1,5,337,69,2,2
2981,20050620,8,1,3,139,115,2,1
2982,20050620,8,1,2,48,563,2,1
2983,20050620,8,1,4,11,298,1,2
2984,20050620,1,0,0,99,395,2,2
2985,20050620,1,0,0,128,24,1,2
2986,20050620,5,0,0,540,105,2,2
2987,20050620,8,1,2,402,334,2,2
2988,20050620,7,1,1,312,694,1,2
2989,20050620,1,0,0,164,348,2,2
2990,20050620,9,1,4,371,995,1,2
2991,20050620,3,0,0,589,938,2,1
2992,20050620,3,0,0,267,735,2,1
2993,20050620,2,0,0,350,334,1,2
2994,20050620,8,1,5,283,285,1,1
2995,20050620,6,1,1,305,992,2,1
2996,20050620,6,1,1,245,886,1,1
2997,20050620,8,1,4,278,317,2,1
2998,20050620,3,0,0,419,285,1,2
2999,20050620,5,1,1,436,160,2,2
3000,20050620,1,0,0,485,119,2,1
3001,20050620,7,1,1,437,646,1,2
3002,20050620,4,0,0,25,603,1,2
3003,20050620,1,0,0,348,134,2,2
3004,20050620,2,0,0,581,622,2,2
3005,20050620,8,1,2,489,64,2,2
3006,20050620,1,0,0,344,366,1,2
3007,20050620,4,0,0,597,424,2,2
3008,20050620,6,0,0,190,743,1,2
3009,20050620,3,0,0,374,597,2,1
3010,20050620,6,0,0,448,286,2,1
3011,20050620,7,0,0,303,956,1,2
3012,20050620,7,1,1,43,305,1,2
3013,20050620,5,1,2,585,901,1,1
3014,20050620,2,0,0,405,471,1,1
3015,20050620,6,1,1,310,289,1,2
3016,20050620,4,0,0,420,769,2,1
3017,20050620,8,1,3,101,552,2,1
3018,20050620,4,1,1,564,901,2,2
3019,20050620,6,1,3,33,109,2,2
3020,20050620,6,0,0,56,951,2,2
3021,20050620,8,1,2,572,24,1,2
3022,20050620,6,1,3,86,819,1,2
3023,20050620,1,0,0,430,938,1,1
3024,20050620,7,1,4,241,429,1,2
3025,20050620,1,0,0,479,288,2,1
3026,20050620,1,0,0,309,878,2,2
3027,20050620,5,1,1,426,877,2,2
3028,20050620,0,0,0,275,196,1,2
3029,20050620,5,0,0,156,73,1,1
3030,20050620,3,0,0,484,338,2,1
3031,20050620,1,0,0,150,263,2,1
3032,20050620,3,0,0,510,816,2,1
3033,20050620,6,1,1,16,967,1,1
3034,20050620,3,0,0,218,604,2,2
3035,20050620,6,1,1,572,271,1,2
3036,20050620,8,1,2,384,975,2,1
3037,20050620,0,0,0,405,443,1,1
3038,20050620,4,0,0,398,641,2,1
3039,20050620,0,0,0,199,892,2,1
3040,20050620,0,0,0,159,562,2,1
3041,20050620,3,0,0,257,587,1,2
3042,20050620,5,1,1,570,681,2,1
3043,20050620,9,1,4,118,138,1,2
3044,20050620,4,0,0,112,706,2,1
3045,20050620,2,0,0,257,673,2,2
3046,20050620,6,0,0,148,103,2,2
3047,20050620,9,1,6,517,135,2,2
3048,20050620,5,0,0,324,958,2,1
3049,20050620,8,1,5,235,114,2,1
3050,20050620,8,1,2,312,524,1,1
3051,20050620,4,1,1,162,308,2,2
3052,20050620,8,1,2,30,513,2,2
3053,20050620,5,0,0,30,178,1,2
3054,20050620,8,1,5,11,619,1,2
3055,20050620,7,0,0,310,330,1,1
3056,20050620,5,0,0,217,437,2,2
3057,20050620,6,1,1,37,244,2,2
3058,20050620,8,1,1,360,208,1,2
3059,20050620,0,0,0,25,639,2,2
3060,20050620,5,0,0,233,450,1,2
3061,20050620,2,0,0,546,914,1,2
3062,20050620,6,1,3,490,129,2,1
3063,20050620,7,1,2,78,862,2,2
3064,20050620,5,1,2,578,575,2,2
3065,20050620,3,0,0,170,367,2,1
3066,20050620,5,1,2,215,247,2,2
3067,20050620,8,1,4,402,680,2,2
3068,20050620,1,0,0,67,427,1,2
3069,20050620,7,1,1,475,425,2,1
3070,20050620,4,0,0,349,845,1,2
3071,20050620,4,0,0,331,266,2,1
3072,20050620,7,1,4,152,897,2,2
3073,20050620,5,0,0,465,694,2,2
3074,20050620,1,0,0,277,315,2,1
3075,20050620,8,1,3,265,947,1,2
3076,20050620,8,1,3,467,296,1,2
3077,20050620,6,1,3,595,366,1,2
3078,20050620,4,0,0,179,795,1,1
3079,20050620,0,0,0,451,462,1,1
3080,20050620,3,0,0,255,23,2,1
3081,20050620,4,0,0,44,449,2,2
3082,20050620,7,1,3,520,969,1,1
3083,20050620,6,0,0,352,637,1,2
3084,20050620,3,0,0,131,783,1,1
3085,20050620,1,0,0,314,932,1,2
3086,20050620,5,0,0,255,970,2,1
3087,20050620,6,0,0,580,288,1,2
3088,20050620,8,1,4,95,670,1,1
3089,20050620,4,0,0,101,118,1,2
3090,20050620,2,0,0,103,727,1,1
3091,20050620,2,0,0,7,188,1,2
3092,20050620,7,1,4,309,946,2,1
3093,20050620,1,0,0,540,556,1,2
3094,20050620,3,0,0,166,445,1,1
3095,20050620,1,0,0,157,858,2,2
3096,20050620,3,0,0,284,843,1,2
3097,20050620,2,0,0,374,945,2,1
3098,20050620,2,0,0,380,747,2,1
3099,20050620,6,0,0,419,821,2,2
3100,20050620,6,1,1,447,530,1,1
3101,20050620,7,1,2,95,378,1,2
3102,20050620,8,1,3,406,253,1,1
3103,20050620,5,1,2,598,409,1,1
3104,20050620,7,1,1,169,326,2,2
3105,20050620,0,0,0,300,26,1,2
3106,20050620,3,0,0,172,578,2,2
3107,20050620,4,0,0,595,988,1,1
3108,20050620,7,1,4,73,480,1,1
3109,20050620,2,0,0,130,218,1,1
3110,20050620,3,0,0,26,437,2,1
3111,20050620,9,1,2,261,981,2,1
3112,20050620,5,0,0,161,814,2,1
3113,20050620,2,0,0,492,790,2,1
3114,20050620,1,0,0,364,521,1,2
3115,20050620,5,0,0,571,474,2,1
3116,20050620,0,0,0,332,61,2,2
3117,20050620,5,0,0,206,471,2,1
3118,20050620,3,0,0,462,279,1,1
3119,20050620,6,0,0,218,149,2,2
3120,20050620,3,0,0,16,555,2,1
3121,20050620,1,0,0,463,174,1,1
3122,20050620,8,1,4,137,596,2,1
3123,20050620,8,1,3,177,361,2,1
3124,20050620,8,1,4,581,734,2,1
3125,20050620,0,0,0,567,725,1,1
3126,20050620,5,0,0,496,263,2,1
3127,20050620,7,1,4,399,285,2,1
3128,20050620,4,0,0,349,43,1,2
3129,20050620,7,1,2,81,388,2,1
3130,20050620,8,1,2,361,563,1,2
3131,20050620,4,0,0,575,804,2,2
3132,20050620,4,0,0,106,155,2,1
3133,20050620,5,0,0,134,988,2,2
3134,20050620,9,1,6,547,304,2,2
3135,20050620,8,1,1,238,249,1,1
3136,20050620,2,0,0,255,735,2,2
3137,20050620,7,0,0,408,172,1,1
3138,20050620,6,1,2,338,489,2,1
3139,20050620,2,0,0,58,761,2,1
3140,20050620,4,0,0,291,645,1,1
3141,20050620,9,1,4,41,392,1,1
3142,20050620,7,1,2,379,856,2,2
3143,20050620,5,1,1,66,299,1,2
3144,20050620,9,1,4,166,287,1,1
3145,20050620,1,0,0,33,478,2,1
3146,20050620,9,1,2,124,486,1,2
3147,20050620,7,0,0,503,133,2,2
3148,20050620,4,0,0,190,981,1,2
3149,20050620,0,0,0,427,725,2,1
3150,20050620,5,0,0,287,19,1,1
3151,20050620,4,1,1,40,652,1,1
3152,20050620,8,1,4,53,228,2,1
3153,20050620,2,0,0,428,143,1,1
3154,20050620,2,0,0,132,702,1,1
3155,20050620,6,1,3,251,101,1,1
3156,20050620,1,0,0,293,479,2,2
3157,20050620,2,0,0,477,414,1,1
3158,20050620,8,1,4,178,759,2,1
3159,20050620,8,1,2,397,7,1,2
3160,20050620,8,1,3,559,945,1,2
3161,20050620,0,0,0,409,293,1,2
3162,20050620,8,1,3,581,707,2,1
3163,20050620,5,1,1,282,577,1,2
3164,20050620,6,0,0,416,32,2,1
3165,20050620,1,0,0,534,174,1,1
3166,20050620,6,1,1,112,403,1,1
3167,20050620,1,0,0,79,78,1,2
3168,20050620,1,0,0,233,525,2,1
3169,20050620,4,1,1,485,531,2,1
3170,20050620,8,1,1,219,288,2,2
3171,20050620,3,0,0,552,623,1,1
3172,20050620,3,0,0,206,382,1,2
3173,20050620,6,1,3,266,938,1,2
3174,20050620,1,0,0,16,733,1,2
3175,20050620,9,1,6,116,891,2,2
3176,20050620,4,0,0,396,432,2,1
3177,20050620,2,0,0,216,559,1,1
3178,20050620,2,0,0,284,770,2,1
3179,20050620,5,0,0,283,479,1,2
3180,20050620,0,0,0,159,870,2,1
3181,20050620,6,0,0,228,761,2,1
3182,20050620,0,0,0,189,875,1,2
3183,20050620,2,0,0,105,961,1,1
3184,20050620,8,1,1,571,697,2,1
3185,20050620,6,1,1,308,131,1,1
3186,20050620,8,1,4,592,702,2,2
3187,20050620,6,0,0,330,949,2,2
3188,20050620,4,0,0,406,541,2,2
3189,20050620,3,0,0,80,329,1,1
3190,20050620,7,0,0,523,78,1,2
3191,20050620,4,0,0,406,949,2,2
3192,20050620,3,0,0,297,812,2,1
3193,20050620,1,0,0,84,697,2,1
3194,20050620,3,0,0,468,398,2,1
3195,20050621,0,0,0,93,520,1,2
3196,20050621,1,0,0,478,346,1,1
3197,20050621,2,0,0,42,393,1,2
3198,20050621,8,1,1,436,355,2,2
3199,20050621,6,1,2,308,837,2,1
3200,20050621,6,1,3,271,895,1,2
3201,20050621,7,1,1,392,1,2,1
3202,20050621,3,0,0,341,598,1,2
3203,20050621,8,1,4,561,98,1,1
3204,20050621,1,0,0,224,624,2,1
3205,20050621,0,0,0,206,650,1,1
3206,20050621,1,0,0,451,475,2,1
3207,20050621,3,0,0,505,875,2,1
3208,20050621,3,0,0,38,696,2,2
3209,20050621,1,0,0,37,65,2,2
3210,20050621,2,0,0,490,103,1,2
3211,20050621,2,0,0,359,254,2,1
3212,20050621,8,1,5,31,908,2,2
3213,20050621,6,1,1,183,839,2,2
3214,20050621,2,0,0,535,169,2,2
3215,20050621,5,0,0,260,899,1,1
3216,20050621,8,1,2,183,158,1,2
3217,20050621,4,0,0,72,230,1,2
3218,20050621,2,0,0,197,397,1,1
3219,20050621,7,1,1,105,664,1,2
3220,20050621,5,1,2,273,409,2,2
3221,20050621,4,0,0,345,55,1,1
3222,20050621,5,1,2,417,876,1,2
3223,20050621,1,0,0,277,231,2,2
3224,20050621,2,0,0,23,730,1,1
3225,20050621,6,1,3,167,225,1,2
3226,20050621,5,1,2,493,889,1,2
3227,20050621,5,0,0,579,255,1,1
3228,20050621,7,1,3,76,545,2,2
3229,20050621,4,0,0,313,500,2,1
3230,20050621,0,0,0,472,48,2,2
3231,20050621,2,0,0,212,54,1,2
3232,20050621,8,1,1,464,430,2,1
3233,20050621,7,1,4,340,774,1,2
3234,20050621,8,1,5,257,715,2,1
3235,20050621,1,0,0,458,48,1,1
3236,20050621,8,1,5,132,327,1,2
3237,20050621,6,0,0,86,961,2,2
3238,20050621,2,0,0,40,599,2,1
3239,20050621,1,0,0,241,746,1,2
3240,20050621,9,1,2,20,645,2,2
3241,20050621,5,1,1,269,315,2,2
3242,20050621,8,1,4,376,311,2,2
3243,20050621,4,0,0,221,560,1,1
3244,20050621,3,0,0,291,66,1,2
3245,20050621,4,0,0,225,447,1,2
3246,20050621,6,1,2,22,969,1,1
3247,20050621,5,1,2,372,308,1,1
3248,20050621,7,1,3,222,798,2,2
3249,20050621,8,1,2,74,154,1,2
3250,20050621,7,1,1,325,161,1,2
3251,20050621,2,0,0,156,309,2,2
3252,20050621,2,0,0,596,437,2,2
3253,20050621,5,1,2,20,415,1,2
3254,20050621,1,0,0,589,850,2,2
3255,20050621,3,0,0,324,562,1,1
3256,20050621,8,1,2,342,273,2,2
3257,20050621,6,0,0,404,866,2,2
3258,20050621,1,0,0,121,966,1,2
3259,20050621,2,0,0,263,603,1,1
3260,20050621,1,0,0,419,791,2,1
3261,20050621,3,0,0,108,442,1,2
3262,20050621,6,0,0,379,826,2,1
3263,20050621,2,0,0,560,764,2,2
3264,20050621,1,0,0,588,363,2,1
3265,20050621,6,1,1,142,794,1,1
3266,20050621,5,0,0,181,556,1,2
3267,20050621,8,1,5,151,247,2,1
3268,20050621,8,1,1,30,952,1,2
3269,20050621,6,1,1,429,838,2,2
3270,20050621,1,0,0,505,346,2,2
3271,20050621,6,1,3,169,912,1,1
3272,20050621,8,1,5,132,243,1,1
3273,20050621,1,0,0,160,773,2,2
3274,20050621,2,0,0,372,466,1,1
3275,20050621,8,1,3,256,504,1,2
3276,20050621,7,1,1,343,412,1,2
3277,20050621,8,1,3,38,294,1,1
3278,20050621,0,0,0,223,621,2,1
3279,20050621,4,0,0,452,365,2,1
3280,20050621,3,0,0,38,143,1,1
3281,20050621,3,0,0,307,872,2,1
3282,20050621,7,1,4,205,366,1,1
3283,20050621,5,1,1,249,869,2,2
3284,20050621,6,1,2,298,997,1,1
3285,20050621,2,0,0,500,211,1,2
3286,20050621,3,0,0,497,162,2,2
3287,20050621,3,0,0,572,963,2,2
3288,20050621,9,1,3,277,428,1,1
3289,20050621,8,1,1,339,486,1,1
3290,20050621,7,1,1,479,598,1,1
3291,20050621,7,1,4,208,846,1,1
3292,20050621,2,0,0,201,724,2,1
3293,20050621,3,0,0,500,963,2,2
3294,20050621,8,1,1,267,521,2,2
3295,20050621,7,1,2,305,371,1,1
3296,20050621,4,0,0,365,535,1,1
3297,20050621,7,1,4,306,865,1,2
3298,20050621,9,1,5,207,98,1,2
3299,20050621,5,0,0,587,751,2,1
3300,20050621,3,0,0,390,551,1,1
3301,20050621,6,1,2,154,112,1,2
3302,20050621,7,0,0,97,122,1,1
3303,20050621,5,1,2,70,344,1,2
3304,20050621,6,1,2,35,465,2,2
3305,20050621,5,1,1,321,617,1,1
3306,20050621,5,1,2,592,364,1,2
3307,20050621,3,0,0,534,101,2,2
3308,20050621,1,0,0,545,687,2,2
3309,20050621,7,1,1,72,56,1,2
3310,20050621,0,0,0,484,374,2,2
3311,20050621,0,0,0,518,753,2,2
3312,20050621,5,1,1,223,226,2,2
3313,20050621,1,0,0,596,928,1,2
3314,20050621,0,0,0,258,944,2,2
3315,20050621,3,0,0,599,893,2,1
3316,20050621,6,1,3,328,720,2,1
3317,20050621,5,1,2,165,892,1,2
3318,20050621,6,1,1,319,246,2,2
3319,20050621,5,1,1,399,544,2,2
3320,20050621,8,1,5,50,189,2,2
3321,20050621,3,0,0,33,380,2,2
3322,20050621,1,0,0,252,942,1,1
3323,20050621,6,0,0,125,487,2,2
3324,20050621,1,0,0,299,621,1,1
3325,20050621,5,1,1,258,375,1,1
3326,20050621,9,1,3,309,229,2,2
3327,20050621,8,1,2,572,677,2,1
3328,20050621,9,1,2,533,538,2,1
3329,20050621,1,0,0,507,767,2,2
3330,20050621,1,0,0,555,67,2,2
3331,20050621,4,0,0,69,640,2,2
3332,20050621,3,0,0,529,430,2,2
3333,20050621,4,0,0,580,806,2,2
3334,20050621,7,0,0,486,546,2,2
3335,20050621,6,1,2,124,665,2,1
3336,20050621,0,0,0,23,460,1,1
3337,20050621,1,0,0,413,261,1,1
3338,20050621,9,1,2,315,455,1,2
3339,20050621,8,1,1,550,70,1,2
3340,20050621,4,0,0,65,649,2,2
3341,20050621,5,0,0,51,473,2,1
3342,20050621,1,0,0,169,633,2,2
3343,20050621,4,0,0,86,443,2,1
3344,20050621,6,0,0,372,962,1,1
3345,20050621,5,1,1,393,971,1,2
3346,20050621,1,0,0,73,960,2,2
3347,20050621,6,0,0,167,944,2,1
3348,20050621,6,0,0,539,646,2,2
3349,20050621,1,0,0,224,849,2,2
3350,20050621,7,1,2,383,707,2,2
3351,20050621,1,0,0,525,349,1,2
3352,20050621,6,1,3,434,126,2,1
3353,20050621,6,1,2,410,869,1,1
3354,20050621,3,0,0,188,241,1,2
3355,20050621,1,0,0,569,428,1,1
3356,20050621,5,1,1,235,989,1,1
3357,20050621,0,0,0,311,555,2,2
3358,20050621,4,0,0,3,384,2,2
3359,20050621,4,0,0,122,838,1,2
3360,20050621,4,0,0,380,613,1,1
3361,20050621,4,0,0,215,586,2,2
3362,20050621,1,0,0,345,284,2,2
3363,20050621,5,0,0,412,118,1,2
3364,20050621,6,1,2,172,506,1,2
3365,20050621,2,0,0,344,142,2,2
3366,20050621,5,1,2,115,567,1,1
3367,20050621,4,0,0,368,533,1,2
3368,20050621,1,0,0,599,119,2,1
3369,20050621,9,1,4,35,68,2,2
3370,20050621,3,0,0,148,345,2,1
3371,20050621,8,1,4,98,555,1,2
3372,20050621,5,1,1,442,906,2,2
3373,20050621,8,1,5,211,480,1,1
3374,20050621,2,0,0,260,238,1,2
3375,20050621,0,0,0,260,203,2,2
3376,20050621,7,1,3,413,670,2,1
3377,20050621,1,0,0,450,402,1,1
3378,20050621,3,0,0,139,7,2,1
3379,20050621,1,0,0,521,439,2,2
3380,20050621,8,1,3,511,706,1,1
3381,20050621,8,1,3,52,302,1,2
3382,20050621,8,1,5,361,26,1,2
3383,20050621,8,1,5,240,650,2,2
3384,20050621,5,1,2,64,90,2,1
3385,20050621,2,0,0,131,617,1,2
3386,20050621,2,0,0,501,271,2,2
3387,20050621,3,0,0,544,595,1,2
3388,20050621,7,1,3,153,121,1,1
3389,20050621,7,1,2,484,159,1,1
3390,20050621,4,0,0,101,443,1,1
3391,20050621,3,0,0,77,6,1,1
3392,20050621,8,1,1,348,735,1,1
3393,20050621,4,0,0,42,356,2,2
3394,20050621,8,1,3,436,745,1,2
3395,20050621,7,1,3,486,823,2,2
3396,20050621,1,0,0,396,602,1,1
3397,20050621,1,0,0,92,131,1,1
3398,20050621,7,1,1,118,49,2,1
3399,20050621,4,1,1,532,135,1,1
3400,20050621,4,0,0,157,369,2,1
3401,20050621,9,1,6,497,750,1,2
3402,20050621,8,1,1,530,130,2,1
3403,20050621,5,0,0,275,378,2,1
3404,20050621,3,0,0,112,436,2,2
3405,20050621,1,0,0,488,510,1,1
3406,20050621,2,0,0,242,445,1,1
3407,20050621,2,0,0,337,855,2,2
3408,20050621,5,1,1,422,757,1,1
3409,20050621,0,0,0,301,740,2,1
3410,20050621,3,0,0,358,266,2,2
3411,20050621,6,0,0,238,924,1,2
3412,20050621,6,1,2,417,666,1,2
3413,20050621,8,1,3,11,145,2,2
3414,20050621,3,0,0,386,644,1,1
3415,20050621,6,1,3,154,774,1,1
3416,20050621,2,0,0,304,270,1,2
3417,20050621,1,0,0,422,193,1,2
3418,20050621,4,1,1,534,895,1,1
3419,20050621,0,0,0,351,876,1,1
3420,20050621,6,0,0,398,554,2,1
3421,20050621,3,0,0,442,857,1,1
3422,20050621,7,1,2,168,597,2,2
3423,20050621,2,0,0,466,789,2,1
3424,20050621,3,0,0,538,283,1,2
3425,20050621,6,0,0,8,993,1,2
3426,20050621,2,0,0,217,663,1,1
3427,20050621,0,0,0,559,122,1,2
3428,20050621,0,0,0,350,427,1,2
3429,20050621,8,1,1,118,100,2,1
3430,20050621,0,0,0,302,352,2,2
3431,20050621,5,1,2,67,26,2,1
3432,20050621,3,0,0,39,394,1,2
3433,20050621,7,0,0,68,240,2,2
3434,20050621,1,0,0,274,499,1,1
3435,20050621,3,0,0,51,100,1,1
3436,20050621,8,1,4,360,601,1,2
3437,20050621,9,1,3,90,391,1,2
3438,20050621,8,1,5,540,382,1,1
3439,20050621,1,0,0,443,334,2,2
3440,20050621,6,1,1,150,187,2,1
3441,20050621,2,0,0,454,627,2,2
3442,20050621,3,0,0,400,413,1,2
3443,20050621,8,1,3,255,358,1,1
3444,20050621,4,0,0,77,110,1,2
3445,20050621,7,1,4,56,519,2,2
3446,20050621,4,0,0,583,395,1,1
3447,20050621,2,0,0,385,253,2,2
3448,20050621,2,0,0,71,129,2,1
3449,20050621,6,1,1,568,47,2,1
3450,20050621,4,0,0,54,490,1,1
3451,20050621,8,1,5,420,764,2,2
3452,20050621,2,0,0,479,580,1,1
3453,20050621,1,0,0,514,184,2,2
3454,20050621,4,0,0,250,660,2,1
3455,20050621,1,0,0,588,962,1,1
3456,20050621,6,0,0,330,248,2,2
3457,20050621,8,1,2,459,194,2,2
3458,20050621,7,1,2,469,462,2,1
3459,20050621,3,0,0,354,677,2,1
3460,20050621,7,1,1,410,383,1,1
3461,20050621,4,1,1,310,374,1,1
3462,20050621,6,0,0,579,119,2,1
3463,20050621,0,0,0,545,753,2,2
3464,20050621,4,0,0,168,592,2,2
3465,20050621,8,1,2,434,326,2,1
3466,20050621,3,0,0,386,81,1,2
3467,20050621,5,0,0,349,159,2,2
3468,20050621,8,1,1,432,637,2,1
3469,20050621,6,1,3,568,891,1,1
3470,20050705,1,0,0,390,194,2,1
3471,20050705,7,1,3,109,376,1,2
3472,20050705,7,1,4,107,184,1,2
3473,20050705,7,1,2,203,600,1,1
3474,20050705,2,0,0,97,19,2,1
3475,20050705,8,1,3,364,473,2,2
3476,20050705,4,0,0,138,661,1,2
3477,20050705,9,1,2,71,934,2,2
3478,20050705,1,0,0,11,555,2,2
3479,20050705,5,0,0,157,492,1,1
3480,20050705,6,0,0,567,326,2,2
3481,20050705,1,0,0,94,782,2,2
3482,20050705,6,1,3,590,285,2,2
3483,20050705,7,1,1,476,16,2,1
3484,20050705,5,0,0,166,420,2,2
3485,20050705,3,0,0,580,23,1,1
3486,20050705,7,1,2,218,887,1,1
3487,20050705,5,1,1,499,346,1,1
3488,20050705,9,1,2,402,200,1,2
3489,20050705,9,1,2,426,645,1,2
3490,20050705,6,1,3,334,667,1,1
3491,20050705,7,1,2,219,398,2,1
3492,20050705,8,1,1,535,218,2,1
3493,20050705,9,1,5,108,104,2,1
3494,20050705,5,0,0,494,691,2,1
3495,20050705,4,1,1,598,501,1,1
3496,20050705,3,0,0,436,531,1,2
3497,20050706,3,0,0,277,429,2,1
3498,20050706,4,0,0,154,408,1,1
3499,20050706,8,1,3,590,403,1,2
3500,20050706,7,1,2,204,534,2,2
3501,20050706,4,1,1,416,480,1,2
3502,20050706,7,1,1,54,229,2,1
3503,20050706,2,0,0,259,646,2,1
3504,20050706,4,0,0,187,59,2,2
3505,20050706,8,1,4,19,577,1,2
3506,20050706,1,0,0,257,4,1,1
3507,20050706,9,1,5,513,35,2,1
3508,20050706,4,1,1,287,519,2,2
3509,20050706,3,0,0,553,960,2,2
3510,20050706,8,1,1,60,486,2,2
3511,20050706,3,0,0,147,461,1,1
3512,20050706,6,0,0,570,81,1,2
3513,20050706,5,1,1,382,918,2,2
3514,20050706,3,0,0,476,992,2,1
3515,20050706,2,0,0,527,707,2,1
3516,20050706,3,0,0,469,85,2,2
3517,20050706,2,0,0,61,606,2,2
3518,20050706,8,1,2,192,550,1,1
3519,20050706,4,0,0,5,940,1,2
3520,20050706,8,1,1,262,629,2,1
3521,20050706,5,1,1,146,315,2,2
3522,20050706,5,1,2,481,987,1,1
3523,20050706,4,0,0,482,468,2,2
3524,20050706,5,0,0,473,355,2,2
3525,20050706,8,1,5,557,46,2,1
3526,20050706,9,1,6,481,846,2,2
3527,20050706,2,0,0,87,990,2,1
3528,20050706,0,0,0,172,426,2,2
3529,20050706,1,0,0,451,940,1,1
3530,20050706,4,0,0,96,991,2,1
3531,20050706,5,0,0,93,412,1,2
3532,20050706,5,1,1,208,578,2,2
3533,20050706,8,1,3,43,441,1,1
3534,20050706,2,0,0,100,446,2,1
3535,20050706,5,1,2,162,916,1,1
3536,20050706,6,0,0,124,505,2,2
3537,20050706,7,1,4,543,917,2,2
3538,20050706,5,0,0,68,951,1,2
3539,20050706,1,0,0,154,890,1,1
3540,20050706,2,0,0,354,286,1,2
3541,20050706,6,1,2,417,267,2,1
3542,20050706,5,0,0,558,959,1,1
3543,20050706,1,0,0,480,870,2,1
3544,20050706,3,0,0,339,681,1,2
3545,20050706,4,0,0,119,856,2,1
3546,20050706,0,0,0,97,214,2,1
3547,20050706,2,0,0,240,599,1,1
3548,20050706,2,0,0,539,982,1,2
3549,20050706,0,0,0,466,856,1,2
3550,20050706,7,1,3,189,527,2,2
3551,20050706,7,1,3,580,787,1,1
3552,20050706,6,1,1,240,244,2,1
3553,20050706,2,0,0,102,985,1,2
3554,20050706,2,0,0,80,173,2,1
3555,20050706,4,0,0,547,191,1,1
3556,20050706,0,0,0,341,690,1,1
3557,20050706,2,0,0,533,839,2,2
3558,20050706,8,1,3,327,378,2,2
3559,20050706,6,1,2,511,478,2,1
3560,20050706,3,0,0,178,197,1,2
3561,20050706,8,1,5,234,48,1,2
3562,20050706,5,0,0,322,362,1,1
3563,20050706,7,1,1,593,927,1,2
3564,20050706,6,1,1,158,244,1,2
3565,20050706,7,0,0,354,130,2,2
3566,20050706,6,0,0,155,609,1,1
3567,20050706,5,1,2,289,6,1,1
3568,20050706,9,1,2,100,451,2,1
3569,20050706,8,1,3,110,418,2,1
3570,20050706,8,1,3,251,287,1,2
3571,20050706,5,1,1,401,906,1,1
3572,20050706,2,0,0,365,416,2,1
3573,20050706,1,0,0,486,31,1,1
3574,20050706,3,0,0,182,614,2,2
3575,20050706,2,0,0,458,710,1,1
3576,20050706,9,1,3,170,72,2,1
3577,20050706,4,0,0,214,959,1,2
3578,20050706,1,0,0,404,648,1,1
3579,20050706,1,0,0,113,728,2,2
3580,20050706,6,1,1,523,841,1,2
3581,20050706,1,0,0,133,986,2,2
3582,20050706,4,0,0,180,407,1,2
3583,20050706,8,1,3,273,45,1,2
3584,20050706,7,0,0,175,80,1,1
3585,20050706,3,0,0,25,598,1,2
3586,20050706,2,0,0,519,134,2,1
3587,20050706,7,1,4,88,101,2,1
3588,20050706,1,0,0,177,693,1,1
3589,20050706,4,0,0,360,818,1,1
3590,20050706,4,0,0,100,330,1,2
3591,20050706,3,0,0,291,274,2,1
3592,20050706,9,1,4,367,282,1,2
3593,20050706,5,1,2,222,135,1,2
3594,20050706,3,0,0,406,997,1,1
3595,20050706,9,1,4,46,313,1,2
3596,20050706,1,0,0,209,130,1,2
3597,20050706,7,1,2,161,890,1,2
3598,20050706,2,0,0,229,291,1,2
3599,20050706,7,0,0,497,718,2,2
3600,20050706,4,0,0,115,603,1,2
3601,20050706,8,1,4,387,616,2,1
3602,20050706,8,1,2,432,474,2,2
3603,20050706,6,1,2,546,533,1,1
3604,20050706,1,0,0,109,303,1,1
3605,20050706,3,0,0,309,85,2,2
3606,20050706,3,0,0,314,378,1,1
3607,20050706,1,0,0,507,118,2,2
3608,20050706,4,0,0,256,680,2,2
3609,20050706,4,0,0,409,236,2,1
3610,20050706,7,0,0,494,330,1,1
3611,20050706,3,0,0,505,982,2,1
3612,20050706,7,0,0,158,539,1,1
3613,20050706,1,0,0,19,827,1,1
3614,20050706,4,0,0,230,187,2,2
3615,20050706,4,0,0,458,155,2,1
3616,20050706,4,0,0,418,121,2,1
3617,20050706,6,1,3,462,295,1,1
3618,20050706,9,1,4,275,73,2,2
3619,20050706,5,1,1,550,736,1,2
3620,20050706,1,0,0,473,363,1,1
3621,20050706,5,0,0,315,688,2,2
3622,20050706,5,1,2,345,764,2,2
3623,20050706,0,0,0,368,95,2,1
3624,20050706,7,0,0,339,387,1,2
3625,20050706,6,0,0,181,251,2,1
3626,20050706,4,1,1,295,350,1,2
3627,20050706,4,0,0,11,242,2,1
3628,20050706,0,0,0,120,768,1,1
3629,20050706,2,0,0,2,875,2,2
3630,20050706,6,1,1,262,534,2,1
3631,20050706,1,0,0,50,887,1,1
3632,20050706,4,1,1,509,567,1,1
3633,20050706,3,0,0,217,652,1,1
3634,20050706,3,0,0,477,806,2,1
3635,20050706,3,0,0,375,92,2,2
3636,20050706,1,0,0,51,741,1,2
3637,20050706,3,0,0,419,837,2,2
3638,20050706,7,1,1,531,43,1,1
3639,20050706,8,1,4,597,617,1,2
3640,20050706,3,0,0,210,753,1,2
3641,20050706,5,0,0,284,840,1,1
3642,20050706,2,0,0,314,914,2,1
3643,20050706,4,1,1,4,185,1,1
3644,20050706,5,1,2,235,938,2,2
3645,20050706,4,0,0,410,744,2,1
3646,20050706,4,0,0,11,785,1,1
3647,20050706,7,1,3,471,823,2,1
3648,20050706,3,0,0,489,617,1,2
3649,20050706,6,1,3,12,778,2,1
3650,20050706,1,0,0,324,788,2,2
3651,20050706,1,0,0,232,731,2,2
3652,20050706,1,0,0,518,273,1,1
3653,20050706,4,0,0,425,552,2,2
3654,20050706,6,0,0,6,354,1,2
3655,20050706,9,1,3,519,337,1,2
3656,20050706,7,1,2,61,992,2,2
3657,20050706,4,0,0,581,898,1,1
3658,20050706,8,1,4,290,757,1,1
3659,20050706,6,1,2,546,491,1,1
3660,20050706,8,1,4,512,250,2,1
3661,20050706,4,0,0,119,571,2,1
3662,20050706,3,0,0,27,838,2,2
3663,20050706,1,0,0,521,580,1,1
3664,20050706,1,0,0,6,738,2,1
3665,20050706,7,1,4,262,205,1,2
3666,20050706,2,0,0,309,915,2,2
3667,20050706,8,1,1,409,99,1,2
3668,20050706,4,1,1,131,60,1,1
3669,20050706,3,0,0,14,286,2,1
3670,20050706,5,0,0,215,929,1,1
3671,20050706,8,1,5,435,619,2,1
3672,20050706,5,0,0,100,849,1,1
3673,20050706,8,1,2,473,399,2,2
3674,20050706,6,1,2,148,806,1,1
3675,20050706,5,0,0,422,800,2,1
3676,20050706,7,1,4,360,429,1,1
3677,20050706,2,0,0,496,131,1,2
3678,20050706,3,0,0,329,845,1,1
3679,20050706,1,0,0,285,472,2,1
3680,20050706,1,0,0,529,530,1,2
3681,20050706,5,0,0,555,731,2,1
3682,20050706,8,1,3,532,570,2,2
3683,20050706,8,1,1,163,663,1,1
3684,20050706,5,0,0,484,717,2,1
3685,20050706,5,1,2,316,438,2,2
3686,20050706,3,0,0,411,83,1,2
3687,20050706,7,1,4,175,444,1,1
3688,20050706,8,1,4,419,245,1,2
3689,20050706,5,0,0,105,696,1,1
3690,20050706,1,0,0,99,963,1,1
3691,20050706,1,0,0,263,421,2,1
3692,20050706,4,0,0,367,274,1,2
3693,20050706,8,1,3,526,655,2,2
3694,20050706,2,0,0,209,843,1,2
3695,20050706,3,0,0,2,620,1,1
3696,20050706,5,0,0,542,714,2,2
3697,20050706,7,1,2,553,271,1,2
3698,20050706,2,0,0,399,280,1,1
3699,20050706,7,1,2,146,91,2,1
3700,20050706,1,0,0,407,76,1,2
3701,20050706,2,0,0,206,805,1,1
3702,20050706,3,0,0,450,476,2,1
3703,20050706,7,1,3,219,930,2,1
3704,20050706,7,1,4,326,590,1,2
3705,20050706,4,0,0,382,12,2,1
3706,20050706,2,0,0,463,149,2,2
3707,20050706,5,1,1,551,241,1,2
3708,20050706,7,1,1,172,456,2,1
3709,20050706,9,1,6,530,879,1,2
3710,20050706,8,1,3,68,570,2,2
3711,20050706,0,0,0,490,416,2,2
3712,20050706,8,1,4,562,818,1,1
3713,20050706,6,1,1,562,396,2,1
3714,20050706,3,0,0,578,433,1,2
3715,20050706,4,1,1,68,973,2,1
3716,20050706,7,1,4,46,720,2,2
3717,20050706,1,0,0,23,366,1,2
3718,20050706,6,1,3,164,575,2,1
3719,20050706,4,0,0,438,782,1,2
3720,20050706,3,0,0,545,649,1,1
3721,20050706,4,1,1,386,582,2,2
3722,20050706,7,1,2,472,131,2,2
3723,20050706,8,1,2,417,994,1,2
3724,20050706,8,1,2,191,790,2,1
3725,20050706,2,0,0,54,611,2,1
3726,20050706,4,0,0,307,162,2,2
3727,20050706,1,0,0,311,633,2,1
3728,20050706,4,0,0,157,391,1,1
3729,20050706,5,0,0,106,693,2,1
3730,20050706,8,1,5,289,363,2,1
3731,20050706,9,1,5,420,898,1,2
3732,20050706,1,0,0,413,21,2,1
3733,20050706,2,0,0,499,711,2,2
3734,20050706,8,1,3,107,999,1,1
3735,20050706,6,1,2,183,489,1,2
3736,20050706,6,0,0,310,331,1,2
3737,20050706,7,1,1,235,24,1,1
3738,20050706,2,0,0,111,126,2,1
3739,20050706,2,0,0,378,945,1,1
3740,20050706,7,1,2,372,397,2,2
3741,20050706,5,1,1,165,317,2,2
3742,20050706,8,1,1,545,630,2,1
3743,20050706,6,1,2,460,227,1,2
3744,20050706,1,0,0,434,735,1,2
3745,20050706,6,0,0,315,331,2,1
3746,20050706,0,0,0,112,743,2,2
3747,20050706,3,0,0,142,243,2,2
3748,20050706,5,1,1,284,641,2,1
3749,20050706,4,0,0,232,334,2,1
3750,20050706,8,1,4,370,528,1,2
3751,20050706,3,0,0,415,797,2,1
3752,20050706,6,1,1,133,995,2,1
3753,20050706,1,0,0,225,169,1,2
3754,20050706,2,0,0,472,880,1,1
3755,20050706,6,0,0,158,691,1,1
3756,20050706,4,1,1,5,6,2,1
3757,20050706,4,1,1,486,618,2,1
3758,20050706,8,1,4,445,549,1,2
3759,20050706,3,0,0,114,905,1,1
3760,20050706,3,0,0,546,288,2,1
3761,20050706,2,0,0,79,938,1,1
3762,20050706,5,0,0,185,422,2,1
3763,20050706,3,0,0,73,345,2,1
3764,20050706,7,1,3,594,684,2,1
3765,20050706,2,0,0,285,392,1,1
3766,20050706,1,0,0,459,983,1,1
3767,20050706,2,0,0,331,205,1,1
3768,20050706,3,0,0,305,870,2,2
3769,20050706,8,1,1,448,103,1,2
3770,20050706,6,1,1,369,840,1,1
3771,20050706,3,0,0,164,302,1,2
3772,20050706,3,0,0,469,96,1,2
3773,20050706,2,0,0,404,443,1,2
3774,20050706,8,1,2,267,880,2,2
3775,20050706,2,0,0,216,809,2,1
3776,20050706,3,0,0,514,958,2,2
3777,20050706,5,0,0,411,541,2,1
3778,20050706,6,0,0,391,471,2,2
3779,20050706,4,0,0,538,138,1,2
3780,20050706,8,1,5,474,269,1,2
3781,20050706,8,1,1,310,850,2,1
3782,20050706,2,0,0,78,738,2,2
3783,20050706,7,1,1,525,510,1,2
3784,20050706,8,1,5,93,496,1,2
3785,20050706,7,1,4,497,723,1,2
3786,20050706,7,1,3,214,985,1,1
3787,20050706,3,0,0,362,65,2,2
3788,20050706,4,0,0,186,300,2,1
3789,20050706,8,1,5,98,778,1,1
3790,20050706,7,0,0,254,373,2,1
3791,20050706,7,1,1,531,751,2,2
3792,20050706,5,1,1,459,581,1,1
3793,20050706,1,0,0,598,995,1,1
3794,20050706,5,0,0,269,127,2,2
3795,20050706,5,0,0,243,54,2,2
3796,20050706,0,0,0,68,360,1,2
3797,20050706,3,0,0,63,233,2,2
3798,20050706,0,0,0,543,423,1,2
3799,20050706,4,0,0,168,989,1,1
3800,20050706,8,1,5,432,872,2,2
3801,20050706,5,0,0,229,915,1,1
3802,20050706,1,0,0,64,228,1,2
3803,20050706,2,0,0,147,447,2,1
3804,20050706,8,1,2,54,117,2,2
3805,20050706,0,0,0,143,374,2,1
3806,20050706,7,1,2,128,777,1,2
3807,20050706,3,0,0,343,8,2,1
3808,20050706,1,0,0,61,945,2,1
3809,20050706,2,0,0,225,644,2,1
3810,20050706,5,1,1,218,76,1,2
3811,20050706,2,0,0,184,152,1,2
3812,20050706,1,0,0,8,981,1,1
3813,20050706,2,0,0,73,892,2,1
3814,20050706,7,1,2,317,838,1,2
3815,20050706,5,1,2,589,879,2,2
3816,20050706,7,1,1,292,646,1,1
3817,20050706,5,0,0,103,644,2,1
3818,20050706,5,0,0,354,141,2,1
3819,20050706,8,1,1,56,394,1,1
3820,20050706,4,1,1,135,912,2,2
3821,20050706,5,0,0,58,958,1,1
3822,20050706,1,0,0,121,290,1,1
3823,20050706,2,0,0,141,25,1,1
3824,20050706,7,1,2,16,683,1,2
3825,20050706,3,0,0,463,137,2,1
3826,20050706,6,1,1,328,15,2,1
3827,20050706,2,0,0,22,449,2,2
3828,20050706,3,0,0,380,981,2,2
3829,20050706,4,1,1,227,897,1,1
3830,20050706,9,1,6,49,120,1,2
3831,20050706,1,0,0,43,295,1,2
3832,20050706,6,1,2,149,982,2,1
3833,20050706,8,1,1,381,709,2,2
3834,20050706,6,0,0,509,658,2,2
3835,20050706,5,0,0,318,207,1,2
3836,20050706,3,0,0,453,254,1,1
3837,20050706,1,0,0,268,695,1,1
3838,20050706,5,1,2,390,746,2,1
3839,20050706,5,0,0,234,709,2,1
3840,20050706,9,1,3,191,958,1,2
3841,20050706,1,0,0,594,919,1,2
3842,20050706,1,0,0,538,686,1,2
3843,20050706,1,0,0,572,842,1,1
3844,20050706,3,0,0,435,618,2,2
3845,20050706,2,0,0,212,981,2,2
3846,20050706,7,1,2,473,621,1,2
3847,20050706,1,0,0,43,170,2,2
3848,20050706,7,0,0,394,638,2,1
3849,20050706,6,0,0,203,800,1,1
3850,20050706,5,1,1,370,370,1,1
3851,20050706,5,1,1,75,110,1,1
3852,20050706,5,0,0,115,732,1,1
3853,20050706,0,0,0,547,309,1,2
3854,20050706,6,1,1,18,446,1,2
3855,20050706,5,0,0,443,644,2,1
3856,20050706,8,1,2,380,677,2,2
3857,20050706,0,0,0,410,251,2,1
3858,20050706,4,0,0,255,181,2,2
3859,20050706,2,0,0,598,559,1,1
3860,20050706,3,0,0,131,30,1,1
3861,20050706,9,1,6,190,984,1,2
3862,20050706,8,1,1,568,103,2,1
3863,20050706,1,0,0,500,79,2,2
3864,20050706,1,0,0,229,617,1,1
3865,20050706,5,0,0,461,783,1,1
3866,20050706,9,1,3,366,43,2,1
3867,20050706,7,1,1,401,790,2,1
3868,20050706,3,0,0,381,351,1,1
3869,20050706,4,0,0,52,557,1,1
3870,20050706,6,1,2,238,737,2,1
3871,20050706,9,1,4,19,683,2,2
3872,20050706,0,0,0,357,388,1,1
3873,20050706,9,1,6,480,901,1,2
3874,20050706,5,1,1,360,408,1,1
3875,20050706,4,0,0,332,155,2,1
3876,20050706,7,1,4,436,879,2,2
3877,20050706,1,0,0,493,614,1,1
3878,20050706,9,1,6,300,876,1,2
3879,20050706,3,0,0,313,302,2,2
3880,20050706,1,0,0,512,9,1,2
3881,20050706,3,0,0,460,29,1,2
3882,20050706,2,0,0,55,172,2,1
3883,20050706,7,1,3,3,710,2,2
3884,20050706,1,0,0,593,392,1,1
3885,20050706,6,1,2,422,395,2,2
3886,20050706,1,0,0,454,516,2,1
3887,20050706,0,0,0,14,369,2,1
3888,20050706,5,0,0,201,423,2,2
3889,20050706,2,0,0,493,436,2,2
3890,20050706,3,0,0,598,563,1,1
3891,20050706,3,0,0,598,706,2,2
3892,20050706,4,0,0,482,170,1,1
3893,20050706,6,1,1,451,284,1,1
3894,20050706,6,1,2,549,452,2,2
3895,20050706,8,1,4,165,30,1,2
3896,20050706,9,1,2,268,381,2,2
3897,20050706,5,0,0,372,3,2,2
3898,20050706,4,0,0,291,844,2,1
3899,20050706,7,1,1,113,875,2,1
3900,20050706,9,1,2,105,328,2,2
3901,20050706,8,1,5,358,738,2,2
3902,20050706,3,0,0,196,628,2,2
3903,20050706,2,0,0,334,789,2,1
3904,20050706,4,0,0,113,786,2,2
3905,20050706,8,1,2,550,835,2,1
3906,20050706,9,1,3,479,303,2,1
3907,20050706,4,1,1,531,551,1,1
3908,20050706,7,1,2,247,867,1,1
3909,20050706,8,1,5,281,750,1,2
3910,20050706,3,0,0,577,452,2,1
3911,20050706,2,0,0,287,993,1,1
3912,20050706,1,0,0,128,534,2,2
3913,20050706,1,0,0,147,164,2,1
3914,20050706,7,1,4,24,891,2,2
3915,20050706,3,0,0,283,25,1,1
3916,20050706,6,1,2,443,702,2,1
3917,20050706,4,0,0,465,602,2,1
3918,20050706,9,1,4,99,246,2,1
3919,20050706,8,1,2,303,591,2,1
3920,20050706,8,1,3,358,341,1,2
3921,20050706,7,0,0,288,211,1,1
3922,20050706,7,1,3,594,631,1,1
3923,20050706,6,1,3,566,444,1,1
3924,20050706,5,0,0,166,42,2,2
3925,20050706,9,1,5,450,581,1,2
3926,20050706,2,0,0,245,922,1,2
3927,20050706,3,0,0,294,474,2,1
3928,20050706,1,0,0,239,428,1,1
3929,20050706,5,0,0,582,273,2,2
3930,20050706,3,0,0,305,35,2,1
3931,20050706,9,1,5,4,40,2,1
3932,20050706,0,0,0,138,961,1,2
3933,20050706,1,0,0,38,267,1,1
3934,20050706,3,0,0,493,699,1,2
3935,20050706,9,1,6,302,746,1,2
3936,20050706,1,0,0,105,925,2,2
3937,20050706,8,1,5,90,453,1,2
3938,20050706,6,1,3,361,434,1,2
3939,20050706,4,1,1,549,791,2,2
3940,20050706,0,0,0,247,329,1,2
3941,20050706,2,0,0,10,84,1,2
3942,20050706,8,1,3,598,147,2,1
3943,20050706,1,0,0,521,395,1,1
3944,20050706,2,0,0,75,916,1,2
3945,20050706,1,0,0,505,165,1,2
3946,20050706,4,0,0,517,67,1,1
3947,20050706,1,0,0,129,911,2,1
3948,20050706,1,0,0,265,487,2,2
3949,20050706,4,0,0,243,383,1,1
3950,20050706,7,1,1,489,902,1,1
3951,20050706,5,1,2,375,496,1,2
3952,20050706,6,1,3,457,374,2,1
3953,20050706,2,0,0,300,848,1,1
3954,20050706,1,0,0,420,924,1,2
3955,20050706,1,0,0,323,554,2,1
3956,20050706,5,0,0,303,3,2,2
3957,20050706,9,1,5,319,98,1,1
3958,20050706,3,0,0,346,895,1,2
3959,20050706,6,0,0,167,8,2,1
3960,20050706,1,0,0,97,453,1,2
3961,20050706,2,0,0,329,941,1,1
3962,20050706,8,1,1,37,84,1,2
3963,20050706,8,1,4,580,854,2,2
3964,20050706,0,0,0,495,403,2,1
3965,20050706,2,0,0,18,627,2,1
3966,20050706,1,0,0,81,121,1,1
3967,20050706,3,0,0,206,551,2,2
3968,20050706,5,1,1,133,121,2,1
3969,20050706,1,0,0,322,85,2,1
3970,20050706,8,1,1,8,153,1,1
3971,20050706,1,0,0,244,965,1,1
3972,20050706,4,0,0,489,412,2,1
3973,20050706,9,1,6,178,575,2,2
3974,20050706,4,1,1,413,932,1,1
3975,20050706,3,0,0,526,946,2,2
3976,20050706,0,0,0,30,529,1,2
3977,20050706,8,1,3,259,284,2,1
3978,20050706,3,0,0,337,946,2,2
3979,20050706,6,0,0,132,173,2,2
3980,20050706,7,1,4,528,402,1,1
3981,20050706,6,1,3,140,184,2,2
3982,20050706,1,0,0,85,942,2,2
3983,20050706,5,0,0,565,280,1,2
3984,20050706,1,0,0,338,477,2,2
3985,20050706,3,0,0,37,455,1,2
3986,20050706,2,0,0,391,817,1,2
3987,20050706,8,1,4,416,682,1,1
3988,20050706,6,1,3,219,653,1,2
3989,20050706,5,0,0,596,515,2,1
3990,20050706,7,0,0,420,437,2,2
3991,20050706,9,1,4,538,127,2,1
3992,20050706,8,1,3,167,707,2,1
3993,20050706,7,1,3,272,236,2,1
3994,20050706,7,0,0,447,200,2,1
3995,20050706,6,1,2,415,869,2,2
3996,20050706,7,1,2,36,626,2,2
3997,20050706,7,0,0,478,850,2,2
3998,20050706,5,1,2,521,275,1,1
3999,20050706,2,0,0,503,154,2,1
4000,20050706,1,0,0,217,460,1,1
4001,20050707,6,1,1,134,190,2,2
4002,20050707,7,1,1,563,612,2,2
4003,20050707,1,0,0,364,882,1,1
4004,20050707,4,0,0,273,145,2,2
4005,20050707,8,1,1,501,804,2,2
4006,20050707,1,0,0,244,88,2,2
4007,20050707,8,1,4,296,449,2,1
4008,20050707,9,1,5,408,245,2,2
4009,20050707,3,0,0,480,788,2,1
4010,20050707,5,1,1,71,985,1,2
4011,20050707,6,1,1,383,445,2,2
4012,20050707,3,0,0,160,307,1,1
4013,20050707,8,1,2,528,510,1,2
4014,20050707,5,0,0,434,127,1,1
4015,20050707,7,1,3,149,665,2,2
4016,20050707,2,0,0,507,730,1,1
4017,20050707,2,0,0,98,685,2,2
4018,20050707,5,0,0,175,201,1,2
4019,20050707,3,0,0,555,703,2,1
4020,20050707,2,0,0,465,823,1,1
4021,20050707,4,1,1,264,366,1,2
4022,20050707,2,0,0,503,854,2,2
4023,20050707,1,0,0,305,61,1,2
4024,20050707,3,0,0,167,866,2,1
4025,20050707,0,0,0,166,852,2,1
4026,20050707,7,1,1,168,900,1,2
4027,20050707,2,0,0,247,11,1,1
4028,20050707,8,1,3,506,361,1,2
4029,20050707,8,1,3,518,888,1,2
4030,20050707,1,0,0,216,377,2,2
4031,20050707,7,1,3,515,680,2,2
4032,20050707,7,0,0,507,576,2,1
4033,20050707,8,1,3,582,45,1,1
4034,20050707,2,0,0,58,363,2,2
4035,20050707,6,0,0,584,789,1,1
4036,20050707,0,0,0,426,111,2,1
4037,20050707,8,1,4,97,852,1,1
4038,20050707,4,0,0,398,280,2,2
4039,20050707,5,0,0,585,881,2,2
4040,20050707,9,1,2,370,668,2,2
4041,20050707,2,0,0,13,479,2,2
4042,20050707,2,0,0,254,10,2,1
4043,20050707,3,0,0,522,751,2,2
4044,20050707,6,0,0,395,718,2,1
4045,20050707,4,0,0,188,311,2,1
4046,20050707,6,1,3,150,771,1,1
4047,20050707,1,0,0,329,762,2,2
4048,20050707,7,1,1,362,143,1,2
4049,20050707,8,1,4,284,907,1,2
4050,20050707,7,1,4,6,21,2,1
4051,20050707,1,0,0,19,596,1,1
4052,20050707,5,0,0,119,45,2,2
4053,20050707,2,0,0,255,634,2,1
4054,20050707,2,0,0,84,849,2,1
4055,20050707,3,0,0,357,561,1,2
4056,20050707,2,0,0,421,915,2,2
4057,20050707,5,1,1,274,623,1,1
4058,20050707,3,0,0,119,847,2,2
4059,20050707,3,0,0,286,66,1,1
4060,20050707,6,0,0,90,592,1,1
4061,20050707,3,0,0,456,12,1,2
4062,20050707,1,0,0,74,292,2,1
4063,20050707,7,1,3,19,319,1,2
4064,20050707,7,1,1,50,307,1,2
4065,20050707,5,1,2,176,295,2,1
4066,20050707,3,0,0,256,430,2,1
4067,20050707,8,1,2,481,646,2,1
4068,20050707,4,0,0,43,902,1,2
4069,20050707,3,0,0,338,738,1,2
4070,20050707,0,0,0,110,643,2,2
4071,20050707,6,1,1,187,632,1,2
4072,20050707,5,0,0,49,688,2,2
4073,20050707,2,0,0,585,140,2,2
4074,20050707,5,0,0,201,511,1,2
4075,20050707,1,0,0,558,433,2,2
4076,20050707,6,0,0,30,691,1,1
4077,20050707,2,0,0,255,534,1,2
4078,20050707,3,0,0,406,365,1,1
4079,20050707,9,1,4,320,476,2,1
4080,20050707,4,0,0,425,301,1,1
4081,20050707,4,0,0,365,252,1,1
4082,20050707,4,0,0,332,638,1,1
4083,20050707,1,0,0,138,757,2,1
4084,20050707,8,1,4,2,568,1,1
4085,20050707,4,0,0,305,367,1,1
4086,20050707,4,0,0,147,57,1,2
4087,20050707,9,1,6,353,674,1,1
4088,20050707,8,1,2,486,52,2,1
4089,20050707,9,1,6,262,753,1,2
4090,20050707,0,0,0,122,680,2,2
4091,20050707,6,1,3,295,857,1,2
4092,20050707,9,1,5,53,375,1,1
4093,20050707,4,0,0,295,336,1,1
4094,20050707,2,0,0,492,526,2,2
4095,20050707,7,0,0,266,637,2,2
4096,20050707,1,0,0,235,853,1,2
4097,20050707,3,0,0,164,536,1,1
4098,20050707,7,1,2,161,628,1,2
4099,20050707,9,1,4,304,418,2,1
4100,20050707,7,1,1,29,510,1,2
4101,20050707,5,0,0,120,635,2,2
4102,20050707,3,0,0,220,870,2,2
4103,20050707,5,0,0,64,793,1,1
4104,20050707,5,1,2,469,237,1,2
4105,20050707,1,0,0,152,97,1,1
4106,20050707,5,0,0,424,890,2,1
4107,20050707,6,1,3,43,920,1,1
4108,20050707,1,0,0,486,989,2,1
4109,20050707,2,0,0,492,117,1,1
4110,20050707,4,1,1,318,50,2,2
4111,20050707,5,1,1,78,226,2,1
4112,20050707,9,1,6,82,723,2,2
4113,20050707,4,0,0,232,203,2,1
4114,20050707,7,1,1,221,894,1,1
4115,20050707,6,1,3,396,21,1,2
4116,20050707,4,0,0,69,145,2,2
4117,20050707,8,1,3,561,170,2,1
4118,20050707,1,0,0,205,78,2,1
4119,20050707,5,0,0,342,450,2,2
4120,20050707,8,1,1,148,220,1,1
4121,20050707,5,0,0,4,530,1,2
4122,20050707,7,1,2,206,61,1,1
4123,20050707,2,0,0,481,595,1,1
4124,20050707,3,0,0,546,625,2,1
4125,20050707,7,1,4,573,897,2,2
4126,20050707,8,1,1,283,663,1,1
4127,20050707,7,1,1,189,385,1,2
4128,20050707,7,1,4,207,778,2,1
4129,20050707,7,1,1,178,309,2,1
4130,20050707,4,0,0,355,906,2,2
4131,20050707,0,0,0,316,575,1,1
4132,20050707,3,0,0,128,222,1,1
4133,20050707,8,1,1,335,804,1,1
4134,20050707,2,0,0,52,641,1,1
4135,20050707,4,0,0,253,743,2,1
4136,20050707,2,0,0,242,759,2,2
4137,20050707,4,1,1,113,448,1,2
4138,20050707,6,0,0,156,348,2,2
4139,20050707,7,1,1,193,454,1,2
4140,20050707,6,0,0,501,413,1,2
4141,20050707,3,0,0,460,414,2,1
4142,20050707,1,0,0,207,880,2,1
4143,20050707,6,0,0,228,130,2,1
4144,20050707,9,1,3,35,119,2,2
4145,20050707,9,1,5,178,670,1,2
4146,20050707,4,0,0,239,39,1,1
4147,20050707,5,0,0,208,609,2,2
4148,20050707,1,0,0,213,58,2,1
4149,20050707,2,0,0,485,665,1,2
4150,20050707,0,0,0,394,967,1,2
4151,20050707,3,0,0,450,996,1,1
4152,20050707,7,1,4,15,382,2,2
4153,20050707,3,0,0,277,472,2,2
4154,20050707,6,0,0,97,43,1,2
4155,20050707,6,1,3,411,48,1,2
4156,20050707,5,0,0,17,279,1,2
4157,20050707,1,0,0,52,69,1,1
4158,20050707,1,0,0,353,66,1,1
4159,20050707,2,0,0,572,791,2,2
4160,20050707,8,1,5,454,415,2,2
4161,20050707,7,1,1,39,875,2,1
4162,20050707,8,1,4,418,163,2,2
4163,20050707,2,0,0,438,697,2,2
4164,20050707,7,1,1,436,688,2,1
4165,20050707,7,1,3,486,842,1,1
4166,20050707,8,1,5,438,720,1,1
4167,20050707,8,1,2,181,825,1,2
4168,20050707,2,0,0,463,408,2,2
4169,20050707,4,1,1,401,738,1,1
4170,20050707,6,1,2,474,585,2,1
4171,20050707,6,1,3,71,913,2,2
4172,20050707,4,0,0,268,255,2,2
4173,20050707,2,0,0,5,930,1,1
4174,20050707,4,0,0,553,835,1,1
4175,20050707,2,0,0,364,432,1,2
4176,20050707,8,1,3,556,602,2,1
4177,20050707,8,1,4,156,893,2,2
4178,20050707,4,0,0,357,637,2,2
4179,20050707,2,0,0,490,121,2,2
4180,20050707,3,0,0,173,371,1,1
4181,20050707,5,0,0,489,814,2,1
4182,20050707,1,0,0,355,677,2,1
4183,20050707,8,1,4,543,734,2,1
4184,20050707,7,1,3,191,228,2,1
4185,20050707,5,1,2,484,529,1,2
4186,20050707,7,1,4,258,853,1,1
4187,20050707,3,0,0,265,1,1,1
4188,20050707,8,1,2,282,714,2,1
4189,20050707,7,1,4,525,327,1,2
4190,20050707,4,0,0,402,181,1,1
4191,20050707,3,0,0,503,542,1,1
4192,20050707,6,1,3,420,135,2,1
4193,20050707,1,0,0,13,830,2,2
4194,20050707,7,0,0,243,381,1,1
4195,20050707,7,0,0,34,99,2,1
4196,20050707,7,1,2,123,747,1,1
4197,20050707,2,0,0,129,553,2,1
4198,20050707,9,1,4,323,73,2,1
4199,20050707,3,0,0,200,460,1,1
4200,20050707,4,0,0,533,244,1,2
4201,20050707,8,1,3,471,805,2,1
4202,20050707,9,1,5,348,491,2,1
4203,20050707,4,0,0,73,602,1,1
4204,20050707,8,1,1,104,330,2,1
4205,20050707,3,0,0,318,856,1,1
4206,20050707,7,1,2,167,341,2,2
4207,20050707,6,0,0,120,248,2,2
4208,20050707,1,0,0,2,790,1,1
4209,20050707,2,0,0,432,437,2,1
4210,20050707,9,1,2,333,430,2,1
4211,20050707,2,0,0,576,436,1,2
4212,20050707,1,0,0,273,396,2,1
4213,20050707,5,0,0,370,154,2,1
4214,20050707,0,0,0,126,556,1,2
4215,20050707,4,0,0,351,274,1,2
4216,20050707,0,0,0,325,270,1,1
4217,20050707,4,1,1,68,698,2,2
4218,20050707,8,1,3,542,31,2,1
4219,20050707,3,0,0,539,615,2,1
4220,20050707,3,0,0,357,179,1,1
4221,20050707,4,0,0,515,998,2,2
4222,20050707,3,0,0,325,446,1,2
4223,20050707,3,0,0,20,525,2,2
4224,20050707,2,0,0,209,799,1,1
4225,20050707,4,0,0,255,383,1,2
4226,20050707,1,0,0,311,369,1,2
4227,20050707,7,0,0,222,911,2,1
4228,20050707,4,0,0,348,228,2,1
4229,20050707,6,0,0,430,212,2,2
4230,20050707,7,0,0,387,78,1,1
4231,20050707,6,1,3,276,771,2,1
4232,20050707,8,1,3,309,841,2,1
4233,20050707,6,1,1,335,403,1,1
4234,20050707,8,1,2,171,263,1,1
4235,20050707,2,0,0,505,772,1,2
4236,20050707,1,0,0,596,139,2,2
4237,20050707,8,1,1,541,826,2,1
4238,20050707,2,0,0,597,664,1,2
4239,20050707,6,1,3,391,846,1,1
4240,20050707,5,0,0,162,229,1,1
4241,20050707,5,0,0,98,902,1,2
4242,20050707,5,1,2,367,791,2,1
4243,20050707,5,0,0,124,995,1,1
4244,20050707,2,0,0,333,129,2,2
4245,20050707,2,0,0,64,818,2,1
4246,20050707,1,0,0,239,252,2,1
4247,20050707,2,0,0,584,176,1,2
4248,20050707,7,1,4,265,169,1,2
4249,20050707,2,0,0,580,911,2,2
4250,20050707,5,0,0,152,560,1,2
4251,20050707,8,1,5,179,774,1,2
4252,20050707,2,0,0,128,104,2,1
4253,20050707,9,1,5,378,737,1,2
4254,20050707,4,0,0,188,863,1,2
4255,20050707,5,1,1,254,164,1,1
4256,20050707,2,0,0,105,304,1,1
4257,20050707,1,0,0,598,856,2,1
4258,20050707,8,1,1,207,342,1,1
4259,20050707,4,0,0,325,956,1,1
4260,20050707,1,0,0,544,1000,1,2
4261,20050707,6,0,0,110,307,2,1
4262,20050707,6,1,1,299,686,1,1
4263,20050707,6,1,3,539,651,2,1
4264,20050707,0,0,0,592,767,1,2
4265,20050707,5,0,0,3,367,2,2
4266,20050707,0,0,0,193,346,2,2
4267,20050707,3,0,0,74,27,1,1
4268,20050707,9,1,4,368,95,2,1
4269,20050707,1,0,0,110,91,2,1
4270,20050707,3,0,0,593,40,2,2
4271,20050707,7,1,1,330,117,1,1
4272,20050707,5,1,2,134,109,1,2
4273,20050707,5,0,0,24,905,1,2
4274,20050707,6,0,0,176,172,2,1
4275,20050707,8,1,2,437,258,2,2
4276,20050707,2,0,0,509,49,2,2
4277,20050707,1,0,0,430,432,2,1
4278,20050707,5,1,1,565,807,2,2
4279,20050707,0,0,0,507,127,1,1
4280,20050707,5,1,2,558,247,2,1
4281,20050707,0,0,0,358,263,1,2
4282,20050707,3,0,0,385,689,1,1
4283,20050707,4,0,0,541,616,2,1
4284,20050707,1,0,0,127,290,1,2
4285,20050707,7,1,3,563,113,2,2
4286,20050707,3,0,0,580,982,1,2
4287,20050707,9,1,4,395,777,2,2
4288,20050707,6,0,0,85,330,1,2
4289,20050707,1,0,0,234,697,1,2
4290,20050707,7,1,3,372,907,1,1
4291,20050707,2,0,0,157,450,1,1
4292,20050707,8,1,5,286,678,1,1
4293,20050707,3,0,0,271,219,1,1
4294,20050707,7,1,4,22,624,1,2
4295,20050707,5,0,0,342,546,2,2
4296,20050707,1,0,0,470,218,1,2
4297,20050707,5,0,0,274,194,1,2
4298,20050707,5,0,0,10,235,1,1
4299,20050707,8,1,2,368,191,2,1
4300,20050707,2,0,0,348,265,1,2
4301,20050707,4,0,0,194,356,1,2
4302,20050707,9,1,2,29,803,1,2
4303,20050707,7,1,1,332,178,1,2
4304,20050707,5,0,0,93,743,1,2
4305,20050707,0,0,0,279,856,2,2
4306,20050707,8,1,1,593,270,2,2
4307,20050707,8,1,3,480,620,2,1
4308,20050707,4,1,1,96,324,1,1
4309,20050707,7,1,1,187,776,1,2
4310,20050707,4,0,0,503,841,2,2
4311,20050707,4,0,0,380,654,2,2
4312,20050707,2,0,0,354,846,2,2
4313,20050707,5,0,0,299,18,2,1
4314,20050707,2,0,0,363,118,1,1
4315,20050707,2,0,0,171,322,1,2
4316,20050707,6,1,3,433,114,2,2
4317,20050707,1,0,0,88,483,2,2
4318,20050707,6,1,2,358,351,2,2
4319,20050707,2,0,0,385,744,1,2
4320,20050707,6,1,3,438,753,2,1
4321,20050707,4,0,0,64,133,1,1
4322,20050707,6,0,0,579,333,1,1
4323,20050707,5,0,0,224,284,2,2
4324,20050707,6,0,0,386,212,1,1
4325,20050707,8,1,4,409,815,1,2
4326,20050707,8,1,5,19,879,2,1
4327,20050707,5,1,2,491,189,2,1
4328,20050707,6,0,0,275,469,2,1
4329,20050707,7,0,0,562,139,1,2
4330,20050707,7,1,3,483,525,2,1
4331,20050707,5,0,0,76,92,1,1
4332,20050707,8,1,5,360,374,1,1
4333,20050707,1,0,0,581,15,2,1
4334,20050707,0,0,0,593,663,2,1
4335,20050707,3,0,0,140,294,2,1
4336,20050707,2,0,0,586,106,1,2
4337,20050707,6,1,2,79,502,2,2
4338,20050707,5,1,2,333,692,2,1
4339,20050707,0,0,0,48,706,2,1
4340,20050707,9,1,2,170,855,2,1
4341,20050707,7,1,4,516,987,2,1
4342,20050707,2,0,0,134,299,1,2
4343,20050707,4,0,0,479,418,1,1
4344,20050707,4,0,0,474,263,2,2
4345,20050707,8,1,5,182,483,2,2
4346,20050707,2,0,0,590,415,1,1
4347,20050707,6,0,0,506,428,2,2
4348,20050707,2,0,0,531,424,1,2
4349,20050707,1,0,0,553,752,2,2
4350,20050707,1,0,0,277,481,1,1
4351,20050707,6,0,0,567,780,2,2
4352,20050707,9,1,5,116,578,2,2
4353,20050707,5,0,0,531,81,1,1
4354,20050707,7,1,2,184,967,1,2
4355,20050707,1,0,0,599,995,1,2
4356,20050707,8,1,5,413,415,1,1
4357,20050707,4,0,0,370,748,1,1
4358,20050707,7,1,2,233,689,1,1
4359,20050707,1,0,0,422,707,2,1
4360,20050707,3,0,0,46,393,1,2
4361,20050707,5,1,2,343,23,1,1
4362,20050707,6,1,2,343,823,1,1
4363,20050707,5,1,2,96,704,1,2
4364,20050707,1,0,0,471,2,2,1
4365,20050707,1,0,0,119,705,1,2
4366,20050707,6,1,2,250,649,2,1
4367,20050707,5,0,0,445,988,2,2
4368,20050707,1,0,0,129,161,1,1
4369,20050707,5,0,0,492,776,2,2
4370,20050707,9,1,5,148,349,1,1
4371,20050707,0,0,0,106,556,1,1
4372,20050707,1,0,0,536,477,2,1
4373,20050707,5,0,0,594,785,2,2
4374,20050707,3,0,0,492,956,1,2
4375,20050707,8,1,4,10,666,1,2
4376,20050707,3,0,0,101,296,1,1
4377,20050707,8,1,2,387,725,1,2
4378,20050707,4,1,1,12,275,1,2
4379,20050707,4,0,0,211,609,1,2
4380,20050707,6,0,0,340,694,2,1
4381,20050707,2,0,0,318,815,1,1
4382,20050707,6,1,3,176,142,2,1
4383,20050707,9,1,6,51,580,2,2
4384,20050707,9,1,4,213,262,2,1
4385,20050707,3,0,0,123,186,2,2
4386,20050707,3,0,0,61,111,2,1
4387,20050707,8,1,5,507,129,2,1
4388,20050707,8,1,2,593,691,2,2
4389,20050707,5,1,1,314,365,2,2
4390,20050707,1,0,0,440,1,2,2
4391,20050707,1,0,0,504,462,1,1
4392,20050707,6,0,0,150,921,1,1
4393,20050707,2,0,0,484,879,1,2
4394,20050707,8,1,1,373,122,1,2
4395,20050707,1,0,0,59,79,1,2
4396,20050707,2,0,0,569,164,2,1
4397,20050707,5,1,2,147,678,1,2
4398,20050707,3,0,0,221,791,2,1
4399,20050707,4,0,0,158,986,1,2
4400,20050707,8,1,2,198,10,1,2
4401,20050707,4,0,0,20,598,1,2
4402,20050707,0,0,0,176,266,2,1
4403,20050707,1,0,0,444,865,2,1
4404,20050707,5,0,0,385,209,1,1
4405,20050707,7,1,1,471,456,2,2
4406,20050707,7,0,0,167,97,1,2
4407,20050707,4,0,0,383,59,2,1
4408,20050707,3,0,0,144,544,2,1
4409,20050707,3,0,0,364,692,2,2
4410,20050707,1,0,0,165,604,2,1
4411,20050707,6,0,0,205,72,1,2
4412,20050707,3,0,0,422,263,1,1
4413,20050707,2,0,0,390,236,2,2
4414,20050707,4,0,0,405,220,2,1
4415,20050707,5,0,0,30,307,2,2
4416,20050707,1,0,0,585,275,2,2
4417,20050707,1,0,0,531,162,2,2
4418,20050707,3,0,0,457,952,1,1
4419,20050707,8,1,1,62,172,1,1
4420,20050707,4,0,0,442,968,1,2
4421,20050707,8,1,4,457,893,1,1
4422,20050707,2,0,0,388,378,2,1
4423,20050707,6,1,1,550,597,2,2
4424,20050707,3,0,0,95,143,1,1
4425,20050707,1,0,0,388,193,2,2
4426,20050707,8,1,1,109,80,1,1
4427,20050707,3,0,0,3,228,2,2
4428,20050707,3,0,0,568,563,2,2
4429,20050707,7,1,3,530,647,2,2
4430,20050707,7,1,4,514,753,2,1
4431,20050707,8,1,1,176,207,1,1
4432,20050707,7,0,0,436,610,1,1
4433,20050707,9,1,3,259,18,1,2
4434,20050707,1,0,0,204,391,2,1
4435,20050707,7,1,1,378,835,2,2
4436,20050707,2,0,0,424,942,2,1
4437,20050707,5,0,0,319,783,1,1
4438,20050707,8,1,5,160,953,1,1
4439,20050707,2,0,0,127,522,2,1
4440,20050707,0,0,0,512,273,2,2
4441,20050707,5,0,0,90,805,1,1
4442,20050707,5,1,2,236,101,2,2
4443,20050707,8,1,3,87,15,1,1
4444,20050707,6,0,0,188,167,1,2
4445,20050707,8,1,3,508,732,1,1
4446,20050707,5,0,0,599,576,2,1
4447,20050707,6,0,0,482,89,2,2
4448,20050707,5,0,0,476,608,2,1
4449,20050707,7,1,4,58,618,2,2
4450,20050707,5,0,0,388,276,1,2
4451,20050707,3,0,0,534,39,2,2
4452,20050707,6,1,2,135,527,1,1
4453,20050707,4,0,0,10,18,1,2
4454,20050707,3,0,0,379,305,2,1
4455,20050707,0,0,0,512,305,2,2
4456,20050707,5,0,0,219,745,1,2
4457,20050707,1,0,0,448,90,1,1
4458,20050707,1,0,0,38,288,2,2
4459,20050707,5,1,1,170,869,1,2
4460,20050707,1,0,0,178,896,1,1
4461,20050707,8,1,4,367,798,2,2
4462,20050708,7,1,4,352,895,2,2
4463,20050708,8,1,2,102,949,1,1
4464,20050708,0,0,0,538,979,2,2
4465,20050708,5,1,1,30,631,1,2
4466,20050708,9,1,6,389,730,2,2
4467,20050708,1,0,0,124,976,1,1
4468,20050708,4,0,0,232,727,1,2
4469,20050708,4,0,0,196,469,2,2
4470,20050708,2,0,0,471,788,1,1
4471,20050708,3,0,0,495,58,2,2
4472,20050708,8,1,5,337,453,1,1
4473,20050708,1,0,0,500,304,1,1
4474,20050708,4,1,1,360,977,2,1
4475,20050708,1,0,0,588,760,1,1
4476,20050708,0,0,0,260,88,2,1
4477,20050708,5,1,2,92,350,2,1
4478,20050708,3,0,0,461,382,2,2
4479,20050708,1,0,0,90,770,2,2
4480,20050708,2,0,0,218,973,2,2
4481,20050708,3,0,0,362,364,1,2
4482,20050708,3,0,0,115,767,1,1
4483,20050708,8,1,3,343,271,1,1
4484,20050708,7,1,2,317,628,2,2
4485,20050708,8,1,2,48,573,1,2
4486,20050708,8,1,4,83,183,2,1
4487,20050708,8,1,5,421,480,2,2
4488,20050708,5,0,0,15,457,2,1
4489,20050708,1,0,0,200,938,1,2
4490,20050708,0,0,0,265,590,2,1
4491,20050708,3,0,0,185,258,2,1
4492,20050708,2,0,0,323,254,2,1
4493,20050708,1,0,0,192,301,2,2
4494,20050708,8,1,3,402,361,2,2
4495,20050708,2,0,0,294,770,2,1
4496,20050708,0,0,0,321,31,2,2
4497,20050708,7,1,4,535,434,2,1
4498,20050708,4,0,0,163,937,1,2
4499,20050708,2,0,0,587,187,2,2
4500,20050708,7,0,0,452,88,2,2
4501,20050708,2,0,0,146,309,2,2
4502,20050708,7,1,4,594,50,2,2
4503,20050708,5,1,1,364,329,1,1
4504,20050708,4,0,0,102,79,2,1
4505,20050708,6,1,1,500,406,2,2
4506,20050708,5,1,2,344,324,2,2
4507,20050708,6,1,2,408,179,1,1
4508,20050708,8,1,4,354,870,2,1
4509,20050708,5,1,2,423,382,1,2
4510,20050708,9,1,5,398,242,1,2
4511,20050708,7,0,0,490,970,2,1
4512,20050708,2,0,0,112,344,2,1
4513,20050708,6,1,1,553,810,2,2
4514,20050708,7,0,0,493,421,2,1
4515,20050708,2,0,0,38,435,1,2
4516,20050708,5,1,1,542,502,2,1
4517,20050708,4,0,0,539,100,1,2
4518,20050708,5,0,0,178,152,1,2
4519,20050708,4,0,0,257,967,2,2
4520,20050708,0,0,0,160,767,2,2
4521,20050708,3,0,0,508,581,1,2
4522,20050708,2,0,0,37,895,1,1
4523,20050708,9,1,2,309,611,1,1
4524,20050708,1,0,0,258,480,1,2
4525,20050708,3,0,0,252,792,2,1
4526,20050708,5,0,0,298,316,2,2
4527,20050708,6,1,2,191,489,1,1
4528,20050708,1,0,0,267,705,1,2
4529,20050708,8,1,3,160,300,2,1
4530,20050708,3,0,0,284,827,1,1
4531,20050708,2,0,0,535,683,1,1
4532,20050708,3,0,0,500,873,2,1
4533,20050708,2,0,0,362,245,2,1
4534,20050708,7,1,1,463,554,1,2
4535,20050708,5,0,0,299,122,1,2
4536,20050708,7,1,1,176,49,2,1
4537,20050708,5,0,0,167,288,1,2
4538,20050708,7,1,2,328,794,2,1
4539,20050708,6,0,0,275,535,1,1
4540,20050708,4,0,0,268,903,2,2
4541,20050708,5,1,2,577,431,2,2
4542,20050708,8,1,4,479,906,2,2
4543,20050708,4,0,0,22,203,2,2
4544,20050708,1,0,0,453,976,2,1
4545,20050708,5,1,2,210,799,1,1
4546,20050708,9,1,6,437,984,1,1
4547,20050708,0,0,0,400,743,2,2
4548,20050708,6,0,0,520,167,1,2
4549,20050708,2,0,0,532,614,2,2
4550,20050708,6,0,0,366,133,2,2
4551,20050708,9,1,3,147,256,2,2
4552,20050708,6,0,0,89,559,1,2
4553,20050708,1,0,0,188,458,2,1
4554,20050708,7,1,4,438,848,1,1
4555,20050708,9,1,6,229,382,1,1
4556,20050708,8,1,5,494,892,2,2
4557,20050708,5,0,0,463,265,1,2
4558,20050708,1,0,0,167,181,2,2
4559,20050708,4,0,0,112,416,1,2
4560,20050708,1,0,0,253,68,2,1
4561,20050708,2,0,0,245,358,2,1
4562,20050708,4,0,0,345,215,1,2
4563,20050708,8,1,5,406,65,2,2
4564,20050708,3,0,0,278,547,2,2
4565,20050708,8,1,2,424,821,2,2
4566,20050708,6,0,0,344,937,2,1
4567,20050708,1,0,0,190,888,1,1
4568,20050708,1,0,0,391,575,2,1
4569,20050708,5,1,2,509,643,2,2
4570,20050708,6,0,0,302,573,1,1
4571,20050708,8,1,4,505,527,2,1
4572,20050708,3,0,0,326,292,2,2
4573,20050708,7,1,2,554,543,1,1
4574,20050708,0,0,0,352,117,2,2
4575,20050708,2,0,0,22,51,2,2
4576,20050708,2,0,0,448,417,1,1
4577,20050708,8,1,1,119,368,1,2
4578,20050708,2,0,0,542,335,1,2
4579,20050708,5,0,0,17,934,2,1
4580,20050708,6,1,3,587,768,2,2
4581,20050708,7,1,3,51,197,1,1
4582,20050708,5,0,0,208,150,2,1
4583,20050708,3,0,0,293,901,2,1
4584,20050708,2,0,0,256,504,1,1
4585,20050708,8,1,2,515,354,1,1
4586,20050708,5,0,0,399,302,2,2
4587,20050708,4,0,0,566,767,1,1
4588,20050708,2,0,0,369,792,2,1
4589,20050708,1,0,0,474,266,1,2
4590,20050708,6,1,3,401,920,2,1
4591,20050708,9,1,3,553,492,1,1
4592,20050708,1,0,0,133,463,1,2
4593,20050708,8,1,1,6,637,1,2
4594,20050708,7,1,4,248,6,1,2
4595,20050708,6,0,0,224,166,1,1
4596,20050708,5,0,0,317,493,2,1
4597,20050708,4,0,0,526,824,2,1
4598,20050708,7,1,3,529,57,2,1
4599,20050708,3,0,0,227,455,1,1
4600,20050708,7,1,1,571,334,1,1
4601,20050708,1,0,0,414,698,2,1
4602,20050708,1,0,0,105,790,1,1
4603,20050708,8,1,1,27,165,1,1
4604,20050708,5,1,2,158,920,1,1
4605,20050708,8,1,2,591,252,2,1
4606,20050708,8,1,2,230,424,1,2
4607,20050708,2,0,0,91,266,1,1
4608,20050708,2,0,0,297,166,1,1
4609,20050708,2,0,0,305,812,1,1
4610,20050708,5,0,0,141,283,1,1
4611,20050708,4,1,1,298,764,1,2
4612,20050708,3,0,0,396,17,1,1
4613,20050708,0,0,0,333,105,1,1
4614,20050708,3,0,0,393,565,1,2
4615,20050708,8,1,4,294,267,1,2
4616,20050708,2,0,0,374,565,1,2
4617,20050708,8,1,1,528,828,2,2
4618,20050708,5,1,1,435,807,1,1
4619,20050708,7,1,4,261,460,2,2
4620,20050708,7,1,2,593,760,1,2
4621,20050708,4,0,0,180,349,2,2
4622,20050708,1,0,0,177,595,1,2
4623,20050708,4,0,0,558,907,1,2
4624,20050708,7,1,2,361,339,2,2
4625,20050708,0,0,0,244,71,2,1
4626,20050708,2,0,0,215,8,2,1
4627,20050708,5,0,0,222,520,1,2
4628,20050708,2,0,0,65,412,1,1
4629,20050708,9,1,4,424,51,1,1
4630,20050708,1,0,0,342,755,2,2
4631,20050708,2,0,0,213,103,2,2
4632,20050708,7,1,1,437,944,2,1
4633,20050708,7,0,0,494,697,2,1
4634,20050708,3,0,0,569,176,2,2
4635,20050708,6,1,3,162,531,2,1
4636,20050708,2,0,0,68,405,2,2
4637,20050708,3,0,0,404,417,1,2
4638,20050708,1,0,0,544,484,2,2
4639,20050708,6,1,3,490,537,2,2
4640,20050708,6,1,1,248,253,2,1
4641,20050708,8,1,5,176,531,2,2
4642,20050708,1,0,0,495,428,1,2
4643,20050708,2,0,0,75,54,1,2
4644,20050708,1,0,0,348,711,2,2
4645,20050708,0,0,0,554,150,2,2
4646,20050708,7,1,3,42,134,2,1
4647,20050708,8,1,3,459,147,1,2
4648,20050708,4,1,1,154,764,2,2
4649,20050708,6,1,3,271,247,2,2
4650,20050708,7,1,4,332,625,1,1
4651,20050708,1,0,0,312,886,1,2
4652,20050708,7,1,4,449,913,1,2
4653,20050708,8,1,3,294,552,2,1
4654,20050708,9,1,2,405,915,1,1
4655,20050708,7,1,4,596,889,1,1
4656,20050708,5,1,1,274,183,2,1
4657,20050708,0,0,0,280,224,1,2
4658,20050708,2,0,0,314,688,2,2
4659,20050708,6,0,0,343,958,2,2
4660,20050708,3,0,0,498,269,1,2
4661,20050708,2,0,0,518,579,1,1
4662,20050708,2,0,0,598,301,2,1
4663,20050708,2,0,0,498,649,1,1
4664,20050708,4,0,0,111,291,1,2
4665,20050708,6,1,1,430,125,2,1
4666,20050708,7,1,4,134,1000,1,1
4667,20050708,5,0,0,113,735,2,1
4668,20050708,9,1,6,500,865,1,2
4669,20050708,7,0,0,333,765,1,1
4670,20050708,8,1,5,243,730,1,2
4671,20050708,5,1,1,427,463,1,2
4672,20050708,7,1,2,371,417,2,1
4673,20050708,8,1,3,64,613,1,2
4674,20050708,4,0,0,30,353,2,2
4675,20050708,6,0,0,419,288,2,1
4676,20050708,2,0,0,117,568,2,2
4677,20050708,6,1,1,144,272,1,1
4678,20050708,5,0,0,21,54,2,1
4679,20050708,7,0,0,152,789,1,2
4680,20050708,5,0,0,170,880,1,1
4681,20050708,7,1,1,344,229,2,2
4682,20050708,2,0,0,404,193,1,2
4683,20050708,1,0,0,100,759,2,1
4684,20050708,8,1,4,17,112,1,1
4685,20050708,3,0,0,28,131,1,1
4686,20050708,1,0,0,308,306,1,2
4687,20050708,1,0,0,108,255,1,2
4688,20050708,9,1,3,368,782,1,2
4689,20050708,7,1,1,329,554,1,2
4690,20050708,6,0,0,85,727,2,2
4691,20050708,0,0,0,54,130,2,1
4692,20050708,1,0,0,346,326,2,1
4693,20050708,5,1,1,271,369,2,1
4694,20050708,3,0,0,38,794,1,2
4695,20050708,9,1,6,62,175,2,1
4696,20050708,5,0,0,112,300,1,1
4697,20050708,3,0,0,205,900,2,2
4698,20050708,5,0,0,338,864,1,2
4699,20050708,5,0,0,494,538,2,2
4700,20050708,4,0,0,156,850,1,1
4701,20050708,5,0,0,406,661,1,2
4702,20050708,1,0,0,164,570,1,1
4703,20050708,4,0,0,59,626,2,1
4704,20050708,1,0,0,212,496,2,1
4705,20050708,4,0,0,534,811,1,2
4706,20050708,9,1,4,419,552,2,1
4707,20050708,2,0,0,367,10,2,1
4708,20050708,8,1,5,548,715,1,2
4709,20050708,6,1,1,516,864,1,1
4710,20050708,4,0,0,28,56,1,2
4711,20050708,3,0,0,424,505,2,1
4712,20050708,9,1,6,62,517,2,2
4713,20050708,8,1,5,175,306,1,1
4714,20050708,8,1,1,300,420,1,2
4715,20050708,1,0,0,578,873,1,2
4716,20050708,2,0,0,282,418,1,2
4717,20050708,2,0,0,582,327,1,2
4718,20050708,9,1,4,76,361,1,2
4719,20050708,6,1,1,540,291,1,1
4720,20050708,0,0,0,531,586,1,1
4721,20050708,7,1,3,308,682,1,1
4722,20050708,0,0,0,28,817,1,2
4723,20050708,8,1,4,440,215,1,2
4724,20050708,5,0,0,371,740,2,1
4725,20050708,6,1,1,173,447,1,2
4726,20050708,8,1,5,33,953,1,2
4727,20050708,9,1,3,62,276,1,2
4728,20050708,5,1,1,452,806,2,1
4729,20050708,2,0,0,387,313,1,2
4730,20050708,6,0,0,54,353,2,2
4731,20050708,1,0,0,121,896,2,2
4732,20050708,5,1,2,376,69,2,1
4733,20050708,4,1,1,130,482,1,1
4734,20050708,1,0,0,111,418,2,2
4735,20050708,4,0,0,8,942,1,2
4736,20050708,8,1,1,284,660,2,1
4737,20050708,4,0,0,247,933,1,1
4738,20050708,9,1,5,206,439,2,2
4739,20050708,3,0,0,83,28,1,1
4740,20050708,6,0,0,186,561,1,1
4741,20050708,8,1,5,84,114,2,2
4742,20050708,2,0,0,588,663,2,2
4743,20050708,3,0,0,76,16,2,2
4744,20050708,3,0,0,512,647,1,2
4745,20050708,4,0,0,58,298,2,1
4746,20050708,2,0,0,425,37,2,2
4747,20050708,4,1,1,7,859,2,2
4748,20050708,7,0,0,379,931,2,1
4749,20050708,2,0,0,410,265,1,2
4750,20050708,5,0,0,369,743,1,1
4751,20050708,4,0,0,75,760,2,2
4752,20050708,3,0,0,537,715,2,1
4753,20050708,0,0,0,282,358,1,2
4754,20050708,2,0,0,332,697,2,1
4755,20050708,2,0,0,114,143,1,1
4756,20050708,4,1,1,453,674,1,1
4757,20050708,4,0,0,562,283,1,1
4758,20050708,4,0,0,346,809,2,2
4759,20050708,9,1,3,365,871,1,2
4760,20050708,1,0,0,336,813,2,2
4761,20050708,6,1,1,453,777,2,1
4762,20050708,4,0,0,253,86,1,1
4763,20050708,6,0,0,347,200,1,2
4764,20050708,9,1,4,15,265,1,1
4765,20050708,4,0,0,142,103,2,1
4766,20050708,6,0,0,549,235,2,2
4767,20050708,5,1,2,451,819,1,1
4768,20050708,0,0,0,324,611,1,1
4769,20050708,1,0,0,417,759,2,2
4770,20050708,5,1,1,305,525,2,1
4771,20050708,1,0,0,204,235,2,1
4772,20050708,8,1,2,318,466,1,1
4773,20050708,5,0,0,278,664,2,1
4774,20050708,8,1,3,292,147,1,2
4775,20050708,3,0,0,98,930,2,2
4776,20050708,8,1,2,424,571,1,2
4777,20050708,7,0,0,262,99,2,1
4778,20050708,4,0,0,222,132,2,2
4779,20050708,7,1,4,469,292,1,1
4780,20050708,5,1,1,339,601,1,1
4781,20050708,7,1,3,558,395,1,2
4782,20050708,9,1,2,75,99,1,1
4783,20050708,8,1,3,576,862,1,2
4784,20050708,1,0,0,553,119,2,1
4785,20050708,3,0,0,362,11,2,1
4786,20050708,7,1,2,555,597,2,1
4787,20050708,6,1,3,597,857,1,2
4788,20050708,2,0,0,82,151,1,2
4789,20050708,7,1,2,491,4,2,2
4790,20050708,2,0,0,245,20,1,1
4791,20050708,6,1,3,437,551,1,2
4792,20050708,2,0,0,303,461,2,2
4793,20050708,7,1,1,47,679,2,1
4794,20050708,8,1,5,328,548,1,2
4795,20050708,0,0,0,542,747,2,1
4796,20050708,4,0,0,379,545,1,2
4797,20050708,0,0,0,141,304,2,1
4798,20050708,7,0,0,548,847,2,2
4799,20050708,4,0,0,537,894,2,2
4800,20050708,4,0,0,474,422,2,2
4801,20050708,5,0,0,35,166,1,1
4802,20050708,7,1,2,376,4,2,1
4803,20050708,6,1,1,583,388,1,1
4804,20050708,2,0,0,573,821,2,1
4805,20050708,0,0,0,582,83,2,1
4806,20050708,7,1,4,248,48,2,1
4807,20050708,8,1,4,494,985,1,2
4808,20050708,4,1,1,424,558,2,2
4809,20050708,9,1,2,362,924,2,1
4810,20050708,0,0,0,187,883,2,1
4811,20050708,3,0,0,449,878,2,2
4812,20050708,9,1,6,389,723,1,2
4813,20050708,1,0,0,267,603,2,1
4814,20050708,8,1,3,403,766,1,2
4815,20050708,8,1,5,333,184,1,1
4816,20050708,2,0,0,175,593,2,1
4817,20050708,1,0,0,471,351,2,2
4818,20050708,5,1,2,33,23,1,1
4819,20050708,7,1,4,85,295,2,1
4820,20050708,9,1,5,510,586,2,2
4821,20050708,3,0,0,510,369,1,1
4822,20050708,5,1,2,258,865,1,1
4823,20050708,3,0,0,43,32,2,1
4824,20050708,8,1,3,182,403,2,1
4825,20050708,3,0,0,424,527,2,1
4826,20050708,8,1,3,136,202,1,2
4827,20050708,2,0,0,88,973,2,2
4828,20050708,2,0,0,46,244,2,1
4829,20050708,3,0,0,344,584,1,1
4830,20050708,9,1,5,9,254,2,2
4831,20050708,3,0,0,18,601,1,2
4832,20050708,2,0,0,193,399,2,2
4833,20050708,4,0,0,333,641,2,2
4834,20050708,5,1,2,433,285,1,1
4835,20050708,8,1,4,217,549,1,2
4836,20050708,7,1,3,439,604,2,1
4837,20050708,2,0,0,549,423,2,1
4838,20050708,8,1,5,320,816,1,2
4839,20050708,6,0,0,540,393,1,1
4840,20050708,7,1,3,153,365,1,1
4841,20050708,2,0,0,577,114,2,2
4842,20050708,2,0,0,441,314,2,2
4843,20050708,6,0,0,77,795,1,2
4844,20050708,1,0,0,475,883,2,2
4845,20050708,0,0,0,598,508,2,2
4846,20050708,2,0,0,540,91,2,2
4847,20050708,6,1,1,59,745,2,2
4848,20050708,4,0,0,168,649,2,2
4849,20050708,6,1,2,575,941,2,2
4850,20050708,4,0,0,128,666,2,2
4851,20050708,4,1,1,312,26,2,1
4852,20050708,7,1,3,143,775,1,2
4853,20050708,3,0,0,310,319,1,2
4854,20050708,4,1,1,447,796,1,1
4855,20050708,2,0,0,295,253,2,2
4856,20050708,4,0,0,597,532,2,2
4857,20050708,3,0,0,90,449,2,1
4858,20050708,9,1,6,444,750,1,2
4859,20050708,4,0,0,334,421,2,1
4860,20050708,8,1,3,236,95,1,2
4861,20050708,7,1,3,34,654,2,2
4862,20050708,9,1,3,570,66,1,1
4863,20050708,3,0,0,35,1,1,2
4864,20050708,8,1,5,91,651,2,2
4865,20050708,5,0,0,143,353,1,2
4866,20050708,6,1,3,514,879,1,2
4867,20050708,1,0,0,558,891,2,2
4868,20050708,6,0,0,37,255,2,2
4869,20050708,7,1,2,438,626,2,1
4870,20050708,3,0,0,84,679,1,2
4871,20050708,5,1,2,593,551,2,2
4872,20050708,1,0,0,370,398,2,2
4873,20050708,2,0,0,244,982,2,1
4874,20050708,4,0,0,382,521,1,2
4875,20050708,2,0,0,464,184,2,2
4876,20050708,5,0,0,100,427,1,1
4877,20050708,6,1,3,231,402,2,1
4878,20050708,8,1,5,510,873,1,1
4879,20050708,0,0,0,169,308,1,1
4880,20050708,4,1,1,573,908,2,1
4881,20050708,0,0,0,402,947,1,2
4882,20050708,8,1,4,363,991,2,1
4883,20050708,1,0,0,424,301,1,1
4884,20050708,7,1,3,343,775,1,2
4885,20050708,3,0,0,149,98,1,2
4886,20050708,0,0,0,362,745,1,1
4887,20050708,7,0,0,349,789,2,1
4888,20050708,1,0,0,32,270,2,2
4889,20050708,4,0,0,496,975,2,2
4890,20050708,5,0,0,273,782,2,2
4891,20050708,7,1,2,213,388,2,1
4892,20050708,5,1,1,306,779,2,1
4893,20050708,7,1,2,593,447,1,2
4894,20050708,2,0,0,367,230,1,1
4895,20050708,4,1,1,109,574,2,1
4896,20050708,1,0,0,105,660,1,1
4897,20050708,0,0,0,144,647,2,1
4898,20050708,6,1,1,1,706,1,2
4899,20050708,2,0,0,204,91,1,1
4900,20050708,1,0,0,221,764,1,2
4901,20050708,1,0,0,512,473,1,1
4902,20050708,4,1,1,223,484,1,2
4903,20050708,4,0,0,463,383,2,1
4904,20050708,9,1,4,23,445,2,1
4905,20050708,3,0,0,53,893,1,2
4906,20050708,6,0,0,138,334,1,2
4907,20050708,4,0,0,187,268,2,2
4908,20050708,9,1,3,441,428,1,2
4909,20050708,2,0,0,68,317,2,1
4910,20050708,9,1,2,21,804,1,2
4911,20050708,6,0,0,486,979,1,1
4912,20050708,9,1,6,569,438,1,1
4913,20050708,9,1,3,256,219,1,1
4914,20050708,8,1,3,76,67,2,1
4915,20050708,4,0,0,57,609,1,2
4916,20050708,5,1,1,548,588,2,2
4917,20050708,0,0,0,160,709,2,1
4918,20050708,2,0,0,502,836,1,2
4919,20050708,3,0,0,378,457,1,1
4920,20050708,6,1,2,240,933,1,1
4921,20050708,1,0,0,467,93,2,2
4922,20050708,1,0,0,497,644,1,2
4923,20050708,8,1,2,371,206,2,2
4924,20050708,7,1,4,136,946,2,1
4925,20050708,5,0,0,229,468,2,2
4926,20050708,9,1,3,359,902,1,1
4927,20050708,6,0,0,202,562,1,2
4928,20050708,1,0,0,40,951,2,2
4929,20050708,8,1,4,180,160,2,2
4930,20050708,6,1,1,328,447,1,2
4931,20050708,8,1,2,365,603,1,1
4932,20050708,6,0,0,420,921,2,2
4933,20050708,4,0,0,261,72,1,2
4934,20050708,1,0,0,492,379,2,2
4935,20050708,3,0,0,423,595,1,2
4936,20050708,6,0,0,157,443,1,2
4937,20050708,6,0,0,341,7,1,2
4938,20050708,5,0,0,143,467,2,2
4939,20050708,8,1,2,343,703,2,1
4940,20050708,6,1,3,66,216,2,1
4941,20050708,6,0,0,598,835,2,2
4942,20050708,6,0,0,134,976,1,2
4943,20050708,6,1,3,297,599,2,2
4944,20050708,8,1,5,479,796,2,2
4945,20050708,3,0,0,93,450,2,2
4946,20050708,7,1,2,194,61,1,1
4947,20050708,8,1,4,397,852,1,1
4948,20050708,8,1,5,518,651,2,2
4949,20050708,2,0,0,448,263,2,2
4950,20050708,0,0,0,425,724,2,2
4951,20050708,7,1,1,212,608,1,1
4952,20050708,0,0,0,551,101,1,1
4953,20050708,2,0,0,96,537,2,2
4954,20050708,6,0,0,474,136,1,2
4955,20050708,5,1,1,182,245,1,2
4956,20050708,9,1,2,541,330,2,1
4957,20050708,0,0,0,384,890,1,1
4958,20050708,8,1,3,442,512,2,1
4959,20050708,1,0,0,410,851,1,2
4960,20050708,9,1,5,405,470,1,1
4961,20050708,5,0,0,545,803,1,2
4962,20050708,6,0,0,586,961,2,1
4963,20050708,3,0,0,294,161,1,2
4964,20050708,0,0,0,34,231,2,2
4965,20050708,6,0,0,468,117,1,1
4966,20050708,5,0,0,560,951,1,1
4967,20050708,7,1,1,124,22,1,2
4968,20050708,5,1,2,503,704,2,1
4969,20050708,3,0,0,234,996,1,2
4970,20050708,7,1,3,432,654,1,1
4971,20050708,7,1,4,85,101,1,1
4972,20050708,7,1,1,380,535,1,1
4973,20050708,5,0,0,468,86,2,1
4974,20050709,4,0,0,214,239,1,1
4975,20050709,5,1,2,455,816,1,2
4976,20050709,1,0,0,587,134,2,1
4977,20050709,1,0,0,165,728,2,2
4978,20050709,9,1,5,260,564,2,1
4979,20050709,3,0,0,522,755,2,1
4980,20050709,5,1,2,432,579,1,1
4981,20050709,7,1,4,384,738,1,2
4982,20050709,6,0,0,159,56,1,1
4983,20050709,8,1,5,313,321,1,2
4984,20050709,8,1,3,576,287,2,1
4985,20050709,5,1,2,184,464,1,2
4986,20050709,0,0,0,145,770,2,2
4987,20050709,5,1,1,372,222,2,2
4988,20050709,7,1,3,353,596,2,2
4989,20050709,8,1,3,593,732,1,1
4990,20050709,1,0,0,161,727,2,2
4991,20050709,4,0,0,65,403,2,1
4992,20050709,7,0,0,264,451,1,1
4993,20050709,2,0,0,492,378,2,1
4994,20050709,0,0,0,53,559,1,1
4995,20050709,4,0,0,323,447,2,1
4996,20050709,7,0,0,105,970,2,2
4997,20050709,9,1,4,262,42,2,2
4998,20050709,1,0,0,183,45,1,2
4999,20050709,7,1,1,169,391,1,1
5000,20050709,5,0,0,575,145,2,1
5001,20050709,7,1,1,350,440,2,2
5002,20050709,6,0,0,428,521,1,1
5003,20050709,1,0,0,104,753,2,2
5004,20050709,0,0,0,567,578,2,1
5005,20050709,5,1,1,328,665,2,1
5006,20050709,9,1,4,318,282,2,1
5007,20050709,3,0,0,175,677,1,1
5008,20050709,2,0,0,193,180,2,2
5009,20050709,9,1,3,262,337,1,2
5010,20050709,5,0,0,273,435,1,2
5011,20050709,1,0,0,116,102,2,2
5012,20050709,3,0,0,168,319,2,1
5013,20050709,7,0,0,161,658,2,1
5014,20050709,1,0,0,27,892,1,1
5015,20050709,3,0,0,57,343,1,1
5016,20050709,0,0,0,496,408,2,1
5017,20050709,5,1,2,121,819,1,1
5018,20050709,1,0,0,270,503,1,1
5019,20050709,6,0,0,436,773,1,2
5020,20050709,0,0,0,390,894,2,1
5021,20050709,4,0,0,491,755,2,1
5022,20050709,8,1,2,269,206,1,2
5023,20050709,6,1,3,225,704,2,1
5024,20050709,3,0,0,507,655,1,1
5025,20050709,3,0,0,64,31,2,2
5026,20050709,4,0,0,72,220,2,2
5027,20050709,7,0,0,467,471,1,1
5028,20050709,5,1,1,495,989,1,2
5029,20050709,8,1,3,141,858,2,1
5030,20050709,7,1,1,542,5,2,1
5031,20050709,5,1,1,459,918,2,2
5032,20050709,1,0,0,26,488,2,1
5033,20050709,4,0,0,277,623,2,1
5034,20050709,2,0,0,425,75,2,2
5035,20050709,7,1,2,474,809,2,1
5036,20050709,8,1,3,305,15,2,1
5037,20050709,6,1,2,250,96,1,2
5038,20050709,8,1,5,254,678,1,2
5039,20050709,7,1,3,215,439,1,2
5040,20050709,7,1,2,20,543,1,2
5041,20050709,3,0,0,544,595,2,1
5042,20050709,6,0,0,55,789,1,1
5043,20050709,3,0,0,334,652,1,2
5044,20050709,1,0,0,303,355,2,2
5045,20050709,9,1,2,423,232,2,1
5046,20050709,8,1,3,170,358,1,2
5047,20050709,6,1,1,125,51,2,2
5048,20050709,5,0,0,86,281,2,1
5049,20050709,2,0,0,33,733,2,2
5050,20050709,0,0,0,295,847,2,2
5051,20050709,7,1,4,534,891,2,2
5052,20050709,3,0,0,544,410,2,1
5053,20050709,0,0,0,436,123,2,2
5054,20050709,9,1,3,220,871,2,2
5055,20050709,5,1,1,280,164,2,2
5056,20050709,1,0,0,550,571,1,2
5057,20050709,5,0,0,57,239,2,1
5058,20050709,9,1,5,271,204,1,2
5059,20050709,6,1,1,281,862,1,1
5060,20050709,3,0,0,311,941,1,2
5061,20050709,2,0,0,423,850,2,1
5062,20050709,1,0,0,274,473,2,1
5063,20050709,4,0,0,344,230,1,2
5064,20050709,8,1,5,537,82,1,2
5065,20050709,3,0,0,118,388,2,1
5066,20050709,3,0,0,108,370,2,2
5067,20050709,2,0,0,182,324,1,2
5068,20050709,4,0,0,254,645,1,1
5069,20050709,4,1,1,52,966,1,2
5070,20050709,0,0,0,470,501,1,2
5071,20050709,0,0,0,238,949,2,1
5072,20050709,9,1,3,55,19,1,2
5073,20050709,5,0,0,483,119,1,2
5074,20050709,2,0,0,238,303,1,1
5075,20050709,3,0,0,232,200,2,1
5076,20050709,7,1,1,273,958,2,1
5077,20050709,8,1,1,273,150,2,2
5078,20050709,4,1,1,222,434,2,2
5079,20050709,7,1,4,521,861,2,1
5080,20050709,2,0,0,55,138,2,2
5081,20050709,4,0,0,556,426,2,1
5082,20050709,0,0,0,594,347,1,2
5083,20050709,1,0,0,147,31,1,1
5084,20050709,8,1,3,137,683,2,2
5085,20050709,4,0,0,142,905,1,1
5086,20050709,7,0,0,584,676,1,1
5087,20050709,0,0,0,484,813,2,2
5088,20050709,5,0,0,345,731,2,2
5089,20050709,5,0,0,177,100,1,1
5090,20050709,2,0,0,218,376,2,2
5091,20050709,0,0,0,549,999,2,1
5092,20050709,2,0,0,498,716,2,2
5093,20050709,1,0,0,392,600,1,2
5094,20050709,8,1,5,57,973,1,2
5095,20050709,2,0,0,533,611,2,1
5096,20050709,5,1,2,234,109,2,1
5097,20050709,0,0,0,337,715,2,2
5098,20050709,0,0,0,592,384,2,1
5099,20050709,3,0,0,437,167,2,2
5100,20050709,1,0,0,455,702,1,1
5101,20050709,1,0,0,128,600,2,1
5102,20050709,7,1,1,211,55,1,2
5103,20050709,0,0,0,426,521,2,2
5104,20050709,5,0,0,551,457,2,1
5105,20050709,7,1,1,585,560,1,2
5106,20050709,4,0,0,360,22,1,1
5107,20050709,1,0,0,31,369,2,2
5108,20050709,7,1,4,495,919,1,1
5109,20050709,4,0,0,262,518,1,1
5110,20050709,2,0,0,523,43,2,2
5111,20050709,0,0,0,238,630,2,2
5112,20050709,4,0,0,296,772,2,1
5113,20050709,4,0,0,422,790,1,2
5114,20050709,5,1,2,85,816,2,1
5115,20050709,6,1,1,548,500,1,2
5116,20050709,5,0,0,29,546,2,2
5117,20050709,6,1,2,184,494,1,1
5118,20050709,8,1,4,496,213,1,2
5119,20050709,8,1,3,433,657,1,1
5120,20050709,4,0,0,409,969,1,2
5121,20050709,5,1,2,550,730,2,1
5122,20050709,6,1,2,412,311,2,2
5123,20050709,4,0,0,21,931,2,1
5124,20050709,5,0,0,390,405,2,1
5125,20050709,3,0,0,404,220,2,1
5126,20050709,8,1,3,264,729,2,1
5127,20050709,4,0,0,105,797,1,2
5128,20050709,6,0,0,488,822,2,2
5129,20050709,4,0,0,2,986,1,2
5130,20050709,3,0,0,130,719,1,1
5131,20050709,0,0,0,192,697,2,1
5132,20050709,6,0,0,455,902,2,2
5133,20050709,2,0,0,481,746,2,1
5134,20050709,6,1,1,150,31,1,1
5135,20050709,6,1,3,80,659,2,2
5136,20050709,1,0,0,484,766,1,2
5137,20050709,2,0,0,54,90,2,1
5138,20050709,3,0,0,411,284,1,2
5139,20050709,9,1,3,584,10,2,2
5140,20050709,2,0,0,595,210,2,2
5141,20050709,8,1,5,335,129,1,1
5142,20050709,4,0,0,164,81,1,2
5143,20050709,9,1,4,169,833,1,1
5144,20050709,8,1,4,15,772,2,2
5145,20050709,0,0,0,522,524,1,2
5146,20050709,1,0,0,276,169,2,1
5147,20050709,9,1,5,454,491,1,2
5148,20050709,8,1,1,445,100,2,1
5149,20050709,6,0,0,546,328,2,2
5150,20050709,6,0,0,74,428,1,1
5151,20050709,0,0,0,68,50,1,2
5152,20050709,0,0,0,19,872,2,1
5153,20050709,9,1,4,562,620,2,1
5154,20050709,4,0,0,70,829,1,1
5155,20050709,4,0,0,591,220,1,1
5156,20050709,5,0,0,496,91,2,2
5157,20050709,2,0,0,72,138,2,2
5158,20050709,1,0,0,125,620,2,1
5159,20050709,0,0,0,596,763,1,1
5160,20050709,8,1,3,325,418,1,1
5161,20050709,8,1,5,365,574,1,2
5162,20050709,7,1,1,163,608,1,1
5163,20050709,7,1,1,370,326,1,2
5164,20050709,4,0,0,115,259,1,1
5165,20050709,4,0,0,28,63,1,1
5166,20050709,6,0,0,157,609,1,1
5167,20050709,5,1,1,142,545,1,2
5168,20050709,2,0,0,556,892,1,1
5169,20050709,0,0,0,247,572,2,1
5170,20050709,8,1,2,187,12,2,1
5171,20050709,1,0,0,396,455,1,1
5172,20050709,3,0,0,576,880,2,1
5173,20050709,5,1,2,138,624,2,2
5174,20050709,5,0,0,50,790,2,1
5175,20050709,6,1,3,366,225,1,2
5176,20050709,8,1,3,153,73,1,2
5177,20050709,3,0,0,531,366,1,1
5178,20050709,9,1,2,192,380,2,2
5179,20050709,1,0,0,355,657,1,1
5180,20050709,3,0,0,147,806,1,1
5181,20050709,8,1,2,77,563,1,2
5182,20050709,7,1,2,83,159,1,2
5183,20050709,7,1,2,480,628,1,2
5184,20050709,5,0,0,314,244,2,2
5185,20050709,1,0,0,291,78,2,1
5186,20050709,3,0,0,578,527,1,2
5187,20050709,5,1,1,64,577,1,1
5188,20050709,3,0,0,287,719,1,1
5189,20050709,4,0,0,581,557,1,1
5190,20050709,8,1,1,586,479,1,1
5191,20050709,1,0,0,192,461,2,2
5192,20050709,1,0,0,74,271,2,1
5193,20050709,3,0,0,113,468,1,1
5194,20050709,5,1,1,190,834,2,2
5195,20050709,9,1,4,213,745,2,1
5196,20050709,4,0,0,476,493,2,2
5197,20050709,6,1,3,270,345,1,1
5198,20050709,3,0,0,455,49,1,1
5199,20050709,0,0,0,504,77,2,1
5200,20050709,4,0,0,462,988,2,1
5201,20050709,7,1,1,36,535,1,2
5202,20050709,6,1,2,358,748,2,1
5203,20050709,5,0,0,120,800,1,2
5204,20050709,3,0,0,468,389,1,2
5205,20050709,3,0,0,284,35,1,1
5206,20050709,7,1,2,492,151,2,2
5207,20050709,7,1,2,213,766,1,1
5208,20050709,0,0,0,10,410,1,2
5209,20050709,7,1,3,431,971,1,1
5210,20050709,1,0,0,289,985,2,1
5211,20050709,7,0,0,121,479,2,1
5212,20050709,6,1,2,554,711,2,1
5213,20050709,9,1,5,92,811,1,2
5214,20050709,7,1,2,585,361,2,2
5215,20050709,8,1,2,6,849,2,1
5216,20050709,2,0,0,78,358,2,2
5217,20050709,7,1,4,428,901,2,1
5218,20050709,3,0,0,472,249,1,2
5219,20050709,5,1,2,187,857,2,2
5220,20050709,5,1,1,99,564,2,1
5221,20050709,7,1,1,320,508,2,1
5222,20050709,4,1,1,554,551,2,1
5223,20050709,8,1,4,407,507,2,1
5224,20050709,7,1,2,439,62,2,1
5225,20050709,2,0,0,13,154,1,2
5226,20050709,2,0,0,1,687,2,2
5227,20050709,9,1,4,42,406,2,2
5228,20050709,5,1,2,171,135,2,2
5229,20050709,5,1,2,249,977,2,2
5230,20050709,3,0,0,557,811,1,1
5231,20050709,0,0,0,20,282,2,1
5232,20050709,5,1,1,181,736,1,1
5233,20050709,5,0,0,527,307,1,1
5234,20050709,7,0,0,41,911,1,1
5235,20050709,9,1,6,391,233,1,1
5236,20050709,3,0,0,278,270,1,1
5237,20050709,2,0,0,320,509,2,1
5238,20050709,0,0,0,432,725,2,2
5239,20050709,1,0,0,542,84,1,1
5240,20050709,1,0,0,451,303,1,2
5241,20050709,2,0,0,61,889,1,1
5242,20050709,8,1,2,238,186,1,1
5243,20050709,6,0,0,322,24,1,1
5244,20050709,5,0,0,298,814,2,2
5245,20050709,2,0,0,339,775,2,1
5246,20050709,4,0,0,578,776,1,1
5247,20050709,3,0,0,157,264,2,2
5248,20050709,3,0,0,260,55,2,1
5249,20050709,1,0,0,87,424,2,2
5250,20050709,3,0,0,95,467,2,1
5251,20050709,5,0,0,362,105,2,1
5252,20050709,4,0,0,507,566,1,1
5253,20050709,8,1,5,586,484,2,1
5254,20050709,3,0,0,404,142,1,1
5255,20050709,8,1,5,89,966,2,2
5256,20050709,6,1,3,341,919,1,1
5257,20050709,1,0,0,533,64,2,2
5258,20050709,2,0,0,175,687,1,2
5259,20050709,2,0,0,175,289,1,2
5260,20050709,4,0,0,490,690,1,2
5261,20050709,2,0,0,524,637,2,2
5262,20050709,3,0,0,279,243,2,1
5263,20050709,3,0,0,592,23,2,1
5264,20050709,3,0,0,526,728,1,2
5265,20050709,9,1,3,498,979,2,2
5266,20050709,6,1,2,431,525,2,1
5267,20050709,5,1,2,149,484,2,1
5268,20050709,2,0,0,153,241,1,1
5269,20050709,7,1,1,423,849,2,1
5270,20050709,4,0,0,415,333,1,1
5271,20050709,7,1,4,406,590,2,1
5272,20050709,3,0,0,106,339,2,1
5273,20050709,4,0,0,348,999,1,2
5274,20050709,4,1,1,332,1000,2,1
5275,20050709,3,0,0,116,159,2,2
5276,20050709,2,0,0,127,554,2,2
5277,20050709,6,0,0,29,440,2,2
5278,20050709,5,0,0,586,563,2,1
5279,20050709,7,1,1,85,155,1,2
5280,20050709,2,0,0,453,262,2,2
5281,20050709,4,1,1,393,429,1,2
5282,20050709,3,0,0,386,958,1,2
5283,20050709,7,1,1,436,140,1,2
5284,20050709,6,0,0,17,231,2,2
5285,20050709,6,1,1,191,147,2,2
5286,20050709,1,0,0,380,107,2,2
5287,20050709,7,1,2,591,683,1,2
5288,20050709,6,0,0,134,186,2,1
5289,20050709,2,0,0,495,945,1,2
5290,20050709,2,0,0,485,61,2,2
5291,20050709,5,1,1,276,301,1,2
5292,20050709,2,0,0,572,702,1,1
5293,20050709,1,0,0,246,631,2,2
5294,20050709,6,1,2,351,710,2,2
5295,20050709,0,0,0,505,974,1,1
5296,20050709,5,1,1,467,110,1,2
5297,20050709,4,1,1,190,753,1,1
5298,20050709,9,1,6,549,764,2,2
5299,20050709,6,1,3,481,966,1,2
5300,20050709,5,0,0,364,554,1,1
5301,20050709,7,1,1,257,55,1,2
5302,20050709,1,0,0,407,929,1,2
5303,20050709,6,0,0,451,782,1,2
5304,20050709,5,1,1,557,964,1,1
5305,20050709,9,1,6,268,135,2,1
5306,20050709,6,1,3,366,480,2,2
5307,20050709,7,1,4,204,624,2,2
5308,20050709,5,0,0,478,367,1,2
5309,20050709,8,1,4,469,877,1,1
5310,20050709,2,0,0,12,344,1,2
5311,20050709,8,1,1,16,220,1,1
5312,20050709,4,1,1,144,460,1,2
5313,20050709,8,1,1,478,410,2,2
5314,20050709,1,0,0,249,825,1,1
5315,20050709,5,0,0,151,127,2,1
5316,20050709,1,0,0,599,844,1,1
5317,20050709,9,1,3,551,591,2,2
5318,20050709,4,0,0,589,378,1,2
5319,20050709,9,1,6,422,414,1,1
5320,20050709,9,1,2,68,690,1,1
5321,20050709,5,0,0,477,735,2,2
5322,20050709,8,1,5,468,966,2,1
5323,20050709,4,0,0,161,287,2,1
5324,20050709,5,1,1,581,877,1,2
5325,20050709,0,0,0,207,593,2,1
5326,20050709,4,0,0,298,174,1,1
5327,20050709,3,0,0,285,798,2,2
5328,20050709,8,1,4,323,533,1,2
5329,20050709,7,1,2,158,356,1,1
5330,20050709,9,1,3,74,835,1,1
5331,20050709,1,0,0,444,911,1,1
5332,20050709,0,0,0,579,720,2,2
5333,20050709,7,1,3,209,463,2,2
5334,20050709,1,0,0,324,843,2,1
5335,20050709,2,0,0,120,512,1,2
5336,20050709,2,0,0,74,900,2,2
5337,20050709,7,1,3,337,906,2,2
5338,20050709,4,0,0,446,756,2,1
5339,20050709,1,0,0,419,153,1,2
5340,20050709,8,1,2,103,141,1,2
5341,20050709,5,0,0,364,554,2,2
5342,20050709,8,1,3,177,838,2,2
5343,20050709,9,1,3,113,18,2,1
5344,20050709,0,0,0,83,34,2,2
5345,20050709,1,0,0,494,670,2,2
5346,20050709,4,0,0,231,545,2,2
5347,20050709,1,0,0,53,285,2,2
5348,20050709,6,0,0,392,765,1,2
5349,20050709,8,1,3,265,689,2,1
5350,20050709,1,0,0,105,159,1,2
5351,20050709,4,0,0,564,814,1,2
5352,20050709,5,0,0,249,201,1,1
5353,20050709,5,0,0,169,657,1,2
5354,20050709,6,0,0,58,212,1,1
5355,20050709,7,1,4,432,536,2,2
5356,20050709,4,0,0,394,638,2,2
5357,20050709,6,1,2,239,433,2,2
5358,20050709,5,1,1,393,823,2,2
5359,20050709,8,1,3,582,960,2,2
5360,20050709,0,0,0,376,149,1,2
5361,20050709,8,1,5,260,444,2,2
5362,20050709,9,1,3,25,5,2,1
5363,20050709,5,0,0,343,471,1,1
5364,20050709,0,0,0,509,602,2,1
5365,20050709,1,0,0,32,976,2,1
5366,20050709,4,0,0,530,196,1,1
5367,20050709,6,1,2,113,317,1,2
5368,20050709,6,0,0,230,968,1,2
5369,20050709,2,0,0,80,340,1,2
5370,20050709,6,0,0,577,474,2,1
5371,20050709,4,0,0,343,172,2,2
5372,20050709,1,0,0,425,776,2,1
5373,20050709,0,0,0,450,212,1,1
5374,20050709,6,1,3,33,210,2,1
5375,20050709,6,1,3,420,308,1,2
5376,20050709,8,1,1,160,377,1,1
5377,20050709,1,0,0,321,685,2,1
5378,20050709,0,0,0,94,345,1,2
5379,20050709,0,0,0,528,457,2,1
5380,20050709,2,0,0,314,668,2,1
5381,20050709,3,0,0,29,665,2,2
5382,20050709,4,0,0,499,16,1,1
5383,20050709,2,0,0,551,124,2,1
5384,20050709,2,0,0,136,377,1,1
5385,20050709,6,1,1,564,935,2,2
5386,20050709,3,0,0,97,158,2,2
5387,20050709,2,0,0,403,973,1,1
5388,20050709,5,0,0,29,339,2,2
5389,20050709,7,1,1,126,849,1,1
5390,20050709,5,1,2,498,156,2,1
5391,20050709,8,1,1,463,89,2,1
5392,20050709,6,0,0,269,559,2,1
5393,20050709,1,0,0,233,310,1,1
5394,20050709,8,1,3,472,397,1,2
5395,20050709,0,0,0,527,968,1,1
5396,20050709,6,1,1,148,831,1,1
5397,20050709,7,0,0,446,956,1,1
5398,20050709,7,1,1,587,948,2,1
5399,20050709,0,0,0,122,58,2,2
5400,20050709,5,1,2,196,753,2,2
5401,20050709,2,0,0,163,95,2,2
5402,20050709,0,0,0,186,972,2,1
5403,20050709,2,0,0,253,870,1,1
5404,20050709,3,0,0,410,806,1,1
5405,20050709,8,1,2,77,174,2,2
5406,20050709,2,0,0,424,292,2,2
5407,20050709,5,0,0,528,795,1,2
5408,20050709,9,1,3,33,694,1,1
5409,20050709,4,0,0,233,773,2,1
5410,20050709,9,1,5,91,489,1,2
5411,20050709,6,1,1,389,935,2,2
5412,20050709,8,1,1,252,697,1,1
5413,20050709,0,0,0,192,446,2,2
5414,20050709,3,0,0,583,267,1,2
5415,20050709,8,1,4,528,964,2,1
5416,20050709,4,0,0,21,123,1,2
5417,20050709,4,0,0,141,780,2,2
5418,20050709,4,0,0,166,11,1,1
5419,20050709,2,0,0,386,331,1,1
5420,20050709,6,1,1,368,378,2,2
5421,20050709,0,0,0,266,531,2,1
5422,20050709,5,0,0,366,97,1,2
5423,20050709,7,1,1,194,425,2,2
5424,20050709,2,0,0,407,808,2,2
5425,20050709,7,1,3,107,116,2,2
5426,20050709,7,1,1,599,56,2,1
5427,20050709,4,0,0,269,702,2,1
5428,20050709,4,0,0,442,683,1,2
5429,20050709,8,1,1,524,540,1,1
5430,20050709,6,1,2,23,315,2,1
5431,20050709,0,0,0,596,610,1,1
5432,20050709,5,0,0,85,427,1,2
5433,20050709,0,0,0,402,588,2,2
5434,20050709,5,0,0,27,830,2,2
5435,20050709,8,1,2,341,633,2,2
5436,20050709,3,0,0,15,514,2,2
5437,20050709,5,0,0,176,773,1,2
5438,20050709,6,1,3,121,109,1,2
5439,20050709,3,0,0,316,434,1,2
5440,20050709,2,0,0,29,27,1,2
5441,20050709,7,1,3,597,854,2,1
5442,20050709,9,1,5,299,680,1,2
5443,20050709,6,1,2,360,647,2,2
5444,20050709,1,0,0,254,650,2,2
5445,20050709,5,0,0,321,122,2,1
5446,20050709,1,0,0,345,608,2,2
5447,20050709,8,1,4,244,555,2,2
5448,20050709,5,0,0,72,140,2,2
5449,20050709,8,1,4,412,204,2,2
5450,20050709,4,0,0,241,512,2,1
5451,20050709,1,0,0,62,764,1,1
5452,20050709,7,1,1,368,443,2,1
5453,20050709,9,1,2,430,387,1,1
5454,20050709,1,0,0,354,670,1,1
5455,20050709,8,1,1,79,426,2,2
5456,20050709,2,0,0,421,658,2,1
5457,20050709,2,0,0,353,910,2,1
5458,20050709,7,1,2,127,476,2,1
5459,20050709,2,0,0,96,402,2,1
5460,20050709,2,0,0,348,526,2,2
5461,20050709,0,0,0,403,11,1,2
5462,20050709,1,0,0,538,191,2,2
5463,20050709,1,0,0,63,131,1,1
5464,20050709,5,1,1,405,807,2,1
5465,20050709,3,0,0,302,158,2,1
5466,20050709,0,0,0,324,500,2,2
5467,20050709,6,1,1,349,83,1,2
5468,20050709,3,0,0,313,475,2,1
5469,20050709,3,0,0,528,476,2,1
5470,20050709,8,1,2,45,716,1,1
5471,20050709,3,0,0,309,890,2,2
5472,20050709,0,0,0,93,190,2,2
5473,20050709,9,1,6,557,932,2,2
5474,20050709,5,0,0,140,789,1,1
5475,20050709,2,0,0,21,159,1,1
5476,20050709,6,1,2,47,266,2,1
5477,20050709,5,1,1,246,222,1,2
5478,20050709,5,0,0,538,706,2,1
5479,20050709,3,0,0,375,49,1,1
5480,20050709,2,0,0,531,186,1,1
5481,20050709,1,0,0,543,122,1,2
5482,20050709,5,0,0,135,462,2,1
5483,20050709,7,1,1,15,951,2,1
5484,20050709,5,1,2,81,715,1,1
5485,20050709,4,1,1,23,857,1,1
5486,20050709,4,0,0,80,628,1,1
5487,20050710,0,0,0,361,253,1,1
5488,20050710,5,0,0,23,927,1,2
5489,20050710,5,0,0,138,504,1,1
5490,20050710,4,0,0,179,668,1,1
5491,20050710,1,0,0,458,437,1,1
5492,20050710,4,1,1,420,987,2,1
5493,20050710,5,0,0,584,443,2,2
5494,20050710,7,1,4,498,678,1,2
5495,20050710,9,1,4,352,476,1,2
5496,20050710,8,1,5,334,698,1,2
5497,20050710,6,1,3,46,977,2,1
5498,20050710,3,0,0,117,12,2,2
5499,20050710,7,0,0,449,333,2,1
5500,20050710,5,0,0,571,741,2,1
5501,20050710,7,1,2,249,867,1,1
5502,20050710,1,0,0,18,812,1,1
5503,20050710,2,0,0,146,850,2,1
5504,20050710,6,1,2,34,670,2,1
5505,20050710,2,0,0,290,199,2,2
5506,20050710,8,1,5,197,531,1,2
5507,20050710,5,0,0,384,157,2,2
5508,20050710,6,1,3,388,652,1,1
5509,20050710,6,1,1,262,253,1,1
5510,20050710,7,0,0,122,286,2,2
5511,20050710,2,0,0,433,804,2,1
5512,20050710,7,1,1,20,976,2,1
5513,20050710,1,0,0,227,560,2,2
5514,20050710,7,1,2,406,396,2,1
5515,20050710,2,0,0,62,825,1,1
5516,20050710,5,1,2,333,414,2,1
5517,20050710,9,1,5,504,807,1,1
5518,20050710,8,1,4,328,734,2,2
5519,20050710,1,0,0,534,290,1,1
5520,20050710,5,1,1,417,555,1,2
5521,20050710,7,1,2,553,427,1,2
5522,20050710,7,1,4,305,575,1,2
5523,20050710,8,1,5,462,483,1,1
5524,20050710,4,0,0,525,786,1,1
5525,20050710,8,1,1,121,690,1,1
5526,20050710,6,1,3,33,853,1,2
5527,20050710,4,0,0,223,975,1,2
5528,20050710,7,0,0,36,149,1,2
5529,20050710,5,0,0,28,361,1,2
5530,20050710,8,1,2,56,593,2,2
5531,20050710,4,1,1,23,656,2,2
5532,20050710,6,0,0,406,219,1,2
5533,20050710,0,0,0,416,562,2,1
5534,20050710,1,0,0,373,715,2,1
5535,20050710,2,0,0,480,354,2,1
5536,20050710,3,0,0,171,417,1,2
5537,20050710,3,0,0,55,387,2,2
5538,20050710,1,0,0,179,459,2,2
5539,20050710,5,0,0,106,707,1,2
5540,20050710,1,0,0,375,26,2,1
5541,20050710,3,0,0,220,269,2,2
5542,20050710,5,1,2,524,374,1,2
5543,20050710,7,1,4,393,327,2,2
5544,20050710,6,1,2,211,227,2,1
5545,20050710,5,1,2,410,23,2,1
5546,20050710,6,1,2,78,641,2,1
5547,20050710,5,0,0,278,313,2,1
5548,20050710,2,0,0,156,651,2,2
5549,20050710,7,1,4,283,589,2,2
5550,20050710,5,1,2,55,415,1,2
5551,20050710,7,0,0,440,921,2,2
5552,20050710,3,0,0,398,631,2,2
5553,20050710,4,0,0,565,367,2,2
5554,20050710,6,1,1,536,890,2,2
5555,20050710,0,0,0,284,559,2,2
5556,20050710,3,0,0,58,979,2,1
5557,20050710,1,0,0,442,313,2,1
5558,20050710,3,0,0,545,249,2,2
5559,20050710,8,1,5,110,896,1,1
5560,20050710,9,1,3,234,158,1,2
5561,20050710,5,0,0,334,234,1,1
5562,20050710,2,0,0,216,788,1,1
5563,20050710,4,1,1,42,488,2,1
5564,20050710,6,1,1,289,44,1,2
5565,20050710,7,1,3,551,739,1,1
5566,20050710,3,0,0,516,296,1,1
5567,20050710,5,0,0,303,353,2,2
5568,20050710,1,0,0,112,250,2,2
5569,20050710,5,0,0,3,621,2,2
5570,20050710,7,1,4,63,438,1,1
5571,20050710,0,0,0,304,242,1,2
5572,20050710,3,0,0,252,595,1,1
5573,20050710,7,0,0,232,648,2,2
5574,20050710,9,1,6,283,501,2,2
5575,20050710,2,0,0,16,503,1,1
5576,20050710,2,0,0,226,319,1,2
5577,20050710,3,0,0,25,827,2,1
5578,20050710,6,1,1,114,992,2,2
5579,20050710,4,1,1,242,210,2,1
5580,20050710,8,1,2,127,603,2,2
5581,20050710,5,0,0,317,756,2,2
5582,20050710,3,0,0,544,734,2,1
5583,20050710,9,1,5,282,274,2,1
5584,20050710,6,1,2,177,572,1,2
5585,20050710,5,1,2,566,771,2,1
5586,20050710,8,1,5,47,650,1,1
5587,20050710,4,0,0,288,980,1,1
5588,20050710,5,0,0,76,258,2,2
5589,20050710,0,0,0,218,804,1,1
5590,20050710,9,1,5,470,971,1,1
5591,20050710,5,0,0,63,83,2,1
5592,20050710,8,1,3,431,541,2,2
5593,20050710,7,1,1,231,154,1,2
5594,20050710,2,0,0,194,12,1,2
5595,20050710,5,1,1,414,59,1,1
5596,20050710,1,0,0,279,363,1,2
5597,20050710,6,0,0,493,927,1,2
5598,20050710,8,1,4,426,748,1,2
5599,20050710,3,0,0,282,670,2,1
5600,20050710,7,0,0,94,812,2,2
5601,20050710,0,0,0,115,673,1,1
5602,20050710,4,0,0,290,775,1,2
5603,20050710,1,0,0,56,288,2,2
5604,20050710,2,0,0,222,810,1,1
5605,20050710,4,1,1,341,650,1,2
5606,20050710,4,0,0,557,637,1,2
5607,20050710,4,1,1,478,925,2,2
5608,20050710,0,0,0,95,843,2,1
5609,20050710,2,0,0,207,341,1,1
5610,20050710,3,0,0,527,106,1,2
5611,20050710,6,1,1,112,621,2,1
5612,20050710,7,1,1,589,514,2,2
5613,20050710,3,0,0,502,986,1,2
5614,20050710,2,0,0,396,26,2,1
5615,20050710,7,1,1,23,331,2,2
5616,20050710,8,1,5,228,873,2,2
5617,20050710,1,0,0,44,504,2,2
5618,20050710,7,0,0,211,165,2,1
5619,20050710,4,0,0,522,22,2,1
5620,20050710,5,1,2,46,653,1,1
5621,20050710,3,0,0,49,120,1,1
5622,20050710,4,0,0,579,387,2,2
5623,20050710,3,0,0,38,975,2,2
5624,20050710,1,0,0,166,227,2,1
5625,20050710,1,0,0,166,380,2,2
5626,20050710,5,1,1,87,665,1,1
5627,20050710,7,1,1,202,55,1,2
5628,20050710,7,1,1,137,880,1,1
5629,20050710,6,0,0,111,89,1,1
5630,20050710,3,0,0,547,254,2,2
5631,20050710,7,1,1,98,454,1,2
5632,20050710,6,1,2,294,577,1,2
5633,20050710,0,0,0,513,235,1,2
5634,20050710,7,1,1,447,72,1,2
5635,20050710,7,1,3,431,319,2,2
5636,20050710,2,0,0,574,895,1,1
5637,20050710,6,0,0,77,970,1,1
5638,20050710,2,0,0,338,334,2,2
5639,20050710,9,1,3,116,535,1,1
5640,20050710,8,1,2,273,594,1,2
5641,20050710,4,0,0,485,780,2,1
5642,20050710,3,0,0,277,792,2,1
5643,20050710,3,0,0,287,174,1,1
5644,20050710,4,0,0,71,887,1,2
5645,20050710,7,0,0,26,348,2,2
5646,20050710,3,0,0,314,322,1,2
5647,20050710,2,0,0,415,321,1,2
5648,20050710,6,0,0,12,951,1,2
5649,20050710,2,0,0,224,298,1,2
5650,20050710,5,0,0,399,613,1,1
5651,20050710,5,0,0,240,68,1,2
5652,20050710,9,1,3,504,206,1,1
5653,20050710,5,1,1,212,204,1,1
5654,20050710,4,0,0,138,749,1,2
5655,20050710,7,1,2,581,760,2,1
5656,20050710,4,0,0,24,899,1,1
5657,20050710,7,1,4,237,946,2,2
5658,20050710,8,1,1,93,962,1,2
5659,20050710,4,0,0,379,928,1,1
5660,20050710,7,1,1,315,307,2,1
5661,20050710,4,1,1,332,409,2,2
5662,20050710,4,0,0,230,49,2,1
5663,20050710,4,0,0,14,677,1,2
5664,20050710,7,1,2,481,518,2,1
5665,20050710,0,0,0,359,261,1,2
5666,20050710,6,1,2,109,481,2,2
5667,20050710,5,0,0,224,149,2,2
5668,20050710,6,1,3,90,69,2,1
5669,20050710,0,0,0,326,260,2,2
5670,20050710,3,0,0,195,132,2,2
5671,20050710,0,0,0,215,288,1,2
5672,20050710,5,0,0,561,505,2,2
5673,20050710,0,0,0,197,875,2,2
5674,20050710,5,0,0,144,119,2,1
5675,20050710,7,1,2,438,462,1,1
5676,20050710,3,0,0,243,786,1,1
5677,20050710,2,0,0,524,580,1,2
5678,20050710,8,1,1,545,952,1,1
5679,20050710,3,0,0,94,86,1,1
5680,20050710,6,0,0,587,767,2,1
5681,20050710,7,1,4,485,908,1,1
5682,20050710,2,0,0,117,4,1,2
5683,20050710,9,1,5,296,969,1,1
5684,20050710,4,0,0,463,20,1,1
5685,20050710,7,1,3,232,320,2,1
5686,20050710,1,0,0,127,157,2,2
5687,20050710,6,1,1,307,468,2,2
5688,20050710,5,1,1,489,666,1,1
5689,20050710,4,0,0,8,377,1,1
5690,20050710,8,1,2,42,293,1,2
5691,20050710,6,1,2,86,772,1,1
5692,20050710,5,0,0,403,11,2,2
5693,20050710,1,0,0,184,468,1,2
5694,20050710,3,0,0,311,762,2,1
5695,20050710,3,0,0,257,97,2,2
5696,20050710,2,0,0,545,25,2,2
5697,20050710,2,0,0,78,207,1,2
5698,20050710,5,0,0,443,139,1,1
5699,20050710,6,1,2,90,213,1,1
5700,20050710,8,1,3,137,863,2,1
5701,20050710,6,0,0,64,523,1,2
5702,20050710,1,0,0,129,735,2,1
5703,20050710,5,0,0,463,348,2,1
5704,20050710,7,1,1,51,456,2,1
5705,20050710,8,1,5,216,878,2,2
5706,20050710,5,0,0,400,810,1,2
5707,20050710,7,1,1,333,154,2,1
5708,20050710,7,1,1,126,123,2,1
5709,20050710,2,0,0,117,160,1,1
5710,20050710,7,1,4,141,624,1,1
5711,20050710,3,0,0,500,869,2,1
5712,20050710,2,0,0,389,763,1,1
5713,20050710,9,1,6,414,269,2,1
5714,20050710,8,1,3,429,810,2,1
5715,20050710,8,1,1,463,357,2,1
5716,20050710,6,1,2,262,748,2,2
5717,20050710,3,0,0,189,116,2,1
5718,20050710,9,1,2,383,813,2,2
5719,20050710,5,0,0,395,456,1,2
5720,20050710,5,0,0,124,125,2,1
5721,20050710,7,0,0,496,511,1,2
5722,20050710,2,0,0,540,634,2,2
5723,20050710,1,0,0,266,131,2,2
5724,20050710,6,0,0,177,786,2,2
5725,20050710,3,0,0,221,936,1,2
5726,20050710,2,0,0,527,784,1,1
5727,20050710,0,0,0,132,734,1,2
5728,20050710,5,0,0,507,138,2,1
5729,20050710,4,0,0,394,898,2,2
5730,20050710,1,0,0,433,414,2,2
5731,20050710,4,0,0,194,649,2,1
5732,20050710,2,0,0,392,621,2,2
5733,20050710,1,0,0,359,833,2,2
5734,20050710,5,0,0,444,89,1,1
5735,20050710,8,1,2,162,717,1,1
5736,20050710,3,0,0,398,260,2,1
5737,20050710,2,0,0,1,247,2,1
5738,20050710,9,1,4,530,44,2,1
5739,20050710,9,1,5,21,35,1,1
5740,20050710,1,0,0,45,464,1,2
5741,20050710,6,1,3,357,444,1,2
5742,20050710,8,1,2,174,866,2,2
5743,20050710,9,1,6,180,129,2,2
5744,20050710,4,0,0,142,302,1,2
5745,20050710,8,1,5,544,9,1,1
5746,20050710,5,0,0,529,676,1,1
5747,20050710,7,1,2,538,995,2,1
5748,20050710,2,0,0,474,353,2,1
5749,20050710,8,1,2,389,383,2,1
5750,20050710,6,0,0,546,844,1,2
5751,20050710,1,0,0,543,86,1,1
5752,20050710,7,1,3,505,971,1,2
5753,20050710,7,1,2,154,794,2,2
5754,20050710,2,0,0,570,35,1,2
5755,20050710,9,1,6,574,606,1,1
5756,20050710,1,0,0,52,26,1,2
5757,20050710,2,0,0,455,397,1,1
5758,20050710,5,1,1,307,112,1,2
5759,20050710,6,1,2,51,177,2,1
5760,20050710,3,0,0,128,234,1,1
5761,20050710,2,0,0,231,382,2,2
5762,20050710,8,1,1,226,394,1,1
5763,20050710,3,0,0,426,165,1,1
5764,20050710,8,1,3,477,341,2,1
5765,20050710,5,1,2,479,574,2,1
5766,20050710,5,0,0,592,1,2,1
5767,20050710,7,0,0,204,629,2,2
5768,20050710,4,0,0,169,77,1,1
5769,20050710,0,0,0,274,882,1,1
5770,20050710,0,0,0,393,203,2,2
5771,20050710,4,0,0,243,722,1,1
5772,20050710,6,0,0,31,793,1,1
5773,20050710,4,0,0,136,722,2,2
5774,20050710,7,1,2,581,73,1,1
5775,20050710,4,0,0,45,469,2,1
5776,20050710,2,0,0,579,785,2,1
5777,20050710,7,1,2,350,863,1,2
5778,20050710,4,0,0,129,970,1,1
5779,20050710,5,1,2,403,720,1,1
5780,20050710,4,1,1,67,37,1,2
5781,20050710,0,0,0,192,700,2,2
5782,20050710,4,0,0,194,552,2,2
5783,20050710,5,1,1,300,733,1,1
5784,20050710,6,1,1,102,504,2,1
5785,20050710,7,1,2,90,29,1,2
5786,20050710,4,1,1,451,496,2,2
5787,20050710,9,1,4,440,239,2,1
5788,20050710,4,0,0,566,372,1,2
5789,20050710,8,1,2,418,571,2,1
5790,20050710,3,0,0,133,369,2,2
5791,20050710,8,1,3,342,614,1,2
5792,20050710,8,1,5,46,920,2,1
5793,20050710,3,0,0,215,643,2,1
5794,20050710,6,1,3,369,257,2,2
5795,20050710,3,0,0,389,863,1,1
5796,20050710,6,1,1,367,356,2,2
5797,20050710,3,0,0,95,409,2,2
5798,20050710,5,0,0,16,73,2,1
5799,20050710,4,0,0,590,668,1,2
5800,20050710,1,0,0,239,539,1,2
5801,20050710,4,1,1,267,768,2,2
5802,20050710,9,1,6,590,499,1,2
5803,20050710,4,0,0,403,432,2,1
5804,20050710,3,0,0,360,468,1,1
5805,20050710,9,1,4,586,777,1,2
5806,20050710,4,1,1,332,6,2,2
5807,20050710,0,0,0,433,453,2,2
5808,20050710,3,0,0,232,502,1,2
5809,20050710,2,0,0,399,380,1,2
5810,20050710,8,1,4,324,312,2,2
5811,20050710,2,0,0,2,873,1,1
5812,20050710,8,1,2,333,367,1,2
5813,20050710,7,1,1,537,209,1,2
5814,20050710,2,0,0,393,556,2,2
5815,20050710,2,0,0,351,644,2,1
5816,20050710,2,0,0,567,379,2,2
5817,20050710,8,1,5,212,656,2,2
5818,20050710,3,0,0,27,859,1,2
5819,20050710,2,0,0,309,754,2,2
5820,20050710,5,0,0,113,330,2,1
5821,20050710,4,0,0,117,31,1,1
5822,20050710,3,0,0,348,304,1,2
5823,20050710,0,0,0,511,409,2,2
5824,20050710,1,0,0,259,432,1,2
5825,20050710,1,0,0,154,841,2,1
5826,20050710,7,1,3,55,893,1,1
5827,20050710,5,0,0,585,286,1,2
5828,20050710,1,0,0,373,657,2,1
5829,20050710,4,1,1,560,746,2,1
5830,20050710,8,1,2,213,513,2,1
5831,20050710,0,0,0,163,181,2,2
5832,20050710,7,0,0,566,521,1,1
5833,20050710,6,1,1,530,838,2,1
5834,20050710,3,0,0,421,17,2,2
5835,20050710,6,0,0,297,174,2,2
5836,20050710,1,0,0,49,401,1,2
5837,20050710,7,1,3,263,360,1,2
5838,20050710,0,0,0,190,356,1,1
5839,20050710,3,0,0,179,56,2,2
5840,20050710,5,0,0,407,239,2,1
5841,20050710,7,1,1,272,273,1,2
5842,20050710,4,0,0,323,28,1,1
5843,20050710,5,0,0,118,353,1,2
5844,20050710,2,0,0,303,132,1,1
5845,20050710,1,0,0,27,632,1,2
5846,20050710,1,0,0,149,208,1,2
5847,20050710,1,0,0,502,962,1,2
5848,20050710,3,0,0,366,993,1,1
5849,20050710,9,1,4,440,356,2,1
5850,20050710,4,0,0,288,875,1,2
5851,20050710,1,0,0,434,859,2,2
5852,20050710,4,0,0,126,850,1,2
5853,20050710,7,1,1,590,664,2,1
5854,20050710,3,0,0,285,222,2,2
5855,20050710,7,1,4,314,536,2,2
5856,20050710,0,0,0,61,111,2,1
5857,20050710,8,1,1,299,280,2,1
5858,20050710,1,0,0,352,640,2,2
5859,20050710,1,0,0,502,26,1,1
5860,20050710,5,1,2,136,851,1,2
5861,20050710,3,0,0,372,849,1,1
5862,20050710,6,1,1,378,450,1,1
5863,20050710,5,0,0,209,560,2,1
5864,20050710,8,1,1,142,957,1,2
5865,20050710,1,0,0,54,303,2,2
5866,20050710,9,1,6,126,101,1,2
5867,20050710,9,1,4,358,159,2,2
5868,20050710,5,0,0,301,100,1,1
5869,20050710,7,1,1,350,466,1,1
5870,20050710,1,0,0,599,333,2,2
5871,20050710,5,0,0,37,724,2,1
5872,20050710,8,1,5,329,60,1,1
5873,20050710,4,1,1,58,692,2,2
5874,20050710,5,1,2,527,488,1,1
5875,20050710,7,1,3,327,215,1,2
5876,20050710,3,0,0,321,972,1,2
5877,20050710,9,1,3,547,331,2,1
5878,20050710,5,0,0,210,833,2,1
5879,20050710,5,1,1,428,843,1,1
5880,20050710,6,1,1,324,79,1,1
5881,20050710,2,0,0,385,53,1,1
5882,20050710,0,0,0,342,621,1,2
5883,20050710,6,1,3,429,619,2,2
5884,20050710,1,0,0,380,204,1,1
5885,20050710,6,0,0,19,687,2,2
5886,20050710,1,0,0,66,201,1,2
5887,20050710,5,0,0,586,571,2,1
5888,20050710,8,1,2,215,354,1,2
5889,20050710,2,0,0,150,372,1,2
5890,20050710,7,1,3,76,320,2,2
5891,20050710,1,0,0,363,949,1,1
5892,20050710,1,0,0,26,941,2,1
5893,20050710,4,0,0,267,368,1,1
5894,20050710,6,1,2,276,489,2,1
5895,20050710,6,1,2,520,491,2,1
5896,20050710,1,0,0,461,160,1,1
5897,20050710,8,1,4,185,162,1,2
5898,20050710,5,0,0,80,716,2,1
5899,20050710,2,0,0,397,305,1,1
5900,20050710,6,1,2,209,241,1,1
5901,20050710,8,1,5,93,17,2,2
5902,20050710,1,0,0,68,598,1,1
5903,20050710,0,0,0,305,304,2,1
5904,20050710,2,0,0,288,77,2,2
5905,20050710,8,1,1,254,850,1,1
5906,20050710,3,0,0,326,114,1,2
5907,20050710,5,1,1,96,969,1,2
5908,20050710,2,0,0,373,176,2,2
5909,20050710,3,0,0,440,506,2,2
5910,20050710,8,1,1,79,232,1,1
5911,20050710,4,0,0,556,899,1,2
5912,20050710,6,0,0,453,264,2,2
5913,20050710,2,0,0,372,608,2,1
5914,20050710,5,1,2,249,579,1,2
5915,20050710,4,0,0,486,538,2,2
5916,20050710,8,1,4,161,489,2,1
5917,20050710,1,0,0,56,639,2,2
5918,20050710,9,1,3,287,24,1,1
5919,20050710,1,0,0,46,35,2,1
5920,20050710,6,0,0,271,412,2,2
5921,20050710,7,1,2,597,856,1,1
5922,20050710,5,0,0,210,305,1,1
5923,20050710,2,0,0,286,395,1,1
5924,20050710,5,1,2,446,137,2,1
5925,20050710,7,1,1,302,814,2,2
5926,20050710,9,1,5,422,623,2,1
5927,20050710,5,1,2,456,175,2,1
5928,20050710,4,1,1,485,897,2,1
5929,20050710,3,0,0,280,937,2,2
5930,20050710,0,0,0,55,508,2,2
5931,20050710,2,0,0,361,488,2,2
5932,20050710,1,0,0,591,490,1,2
5933,20050710,2,0,0,209,953,1,2
5934,20050710,4,0,0,493,838,1,2
5935,20050710,8,1,4,144,739,2,2
5936,20050710,4,0,0,406,425,2,1
5937,20050710,5,1,1,401,346,2,2
5938,20050710,6,1,1,410,621,2,2
5939,20050710,3,0,0,175,981,1,2
5940,20050710,3,0,0,533,725,2,1
5941,20050710,6,1,3,163,109,2,2
5942,20050710,6,1,2,156,627,2,2
5943,20050710,5,0,0,400,663,1,1
5944,20050710,7,1,3,468,852,1,2
5945,20050710,0,0,0,63,94,1,1
5946,20050710,1,0,0,563,356,1,1
5947,20050710,8,1,3,19,73,1,1
5948,20050710,7,1,1,311,717,2,2
5949,20050710,3,0,0,110,961,1,2
5950,20050710,2,0,0,17,941,1,1
5951,20050710,2,0,0,145,549,2,1
5952,20050710,5,0,0,98,747,1,1
5953,20050710,3,0,0,525,220,2,2
5954,20050710,3,0,0,204,576,2,2
5955,20050710,6,1,2,366,183,1,2
5956,20050710,2,0,0,269,556,2,1
5957,20050710,1,0,0,593,553,2,1
5958,20050710,8,1,3,428,760,2,2
5959,20050710,2,0,0,75,696,2,1
5960,20050710,0,0,0,240,849,1,1
5961,20050710,4,0,0,31,773,2,2
5962,20050710,2,0,0,512,285,2,2
5963,20050710,1,0,0,161,970,1,1
5964,20050710,1,0,0,460,868,1,2
5965,20050710,0,0,0,494,978,1,1
5966,20050710,3,0,0,95,450,2,2
5967,20050711,7,1,4,66,460,2,1
5968,20050711,8,1,1,223,721,1,1
5969,20050711,7,1,4,353,908,2,2
5970,20050711,8,1,2,395,331,1,1
5971,20050711,8,1,3,320,473,2,2
5972,20050711,6,1,3,495,1000,1,1
5973,20050711,3,0,0,93,266,1,1
5974,20050711,7,1,3,492,869,1,2
5975,20050711,5,0,0,189,657,1,1
5976,20050711,9,1,5,408,369,1,2
5977,20050711,8,1,5,126,873,2,1
5978,20050711,8,1,4,237,375,1,1
5979,20050711,3,0,0,168,378,1,1
5980,20050711,3,0,0,268,385,2,1
5981,20050711,2,0,0,121,465,1,1
5982,20050711,3,0,0,235,506,1,2
5983,20050711,4,0,0,449,78,1,1
5984,20050711,3,0,0,57,615,2,1
5985,20050711,3,0,0,248,245,2,2
5986,20050711,2,0,0,315,354,2,2
5987,20050711,5,0,0,444,223,2,2
5988,20050711,2,0,0,561,31,2,2
5989,20050711,4,0,0,100,152,1,1
5990,20050711,4,0,0,468,342,1,1
5991,20050711,1,0,0,28,791,1,2
5992,20050711,2,0,0,280,916,2,2
5993,20050711,3,0,0,188,785,1,1
5994,20050711,0,0,0,436,933,1,2
5995,20050711,9,1,3,421,949,2,2
5996,20050711,6,0,0,382,927,1,1
5997,20050711,5,1,2,415,774,1,1
5998,20050711,4,0,0,375,319,2,1
5999,20050711,8,1,3,251,47,2,1
6000,20050711,1,0,0,396,433,1,2
6001,20050711,0,0,0,77,387,1,1
6002,20050711,1,0,0,77,967,1,1
6003,20050711,6,1,1,32,67,2,1
6004,20050711,6,0,0,522,381,2,2
6005,20050711,3,0,0,222,176,1,2
6006,20050711,6,0,0,384,914,1,2
6007,20050711,6,1,1,177,960,2,1
6008,20050711,6,1,1,39,272,1,1
6009,20050711,7,1,3,594,110,1,2
6010,20050711,2,0,0,296,168,1,1
6011,20050711,7,1,4,32,851,2,2
6012,20050711,6,1,2,144,572,2,2
6013,20050711,3,0,0,349,826,2,1
6014,20050711,1,0,0,426,820,1,1
6015,20050711,2,0,0,174,67,1,2
6016,20050711,6,0,0,218,141,1,1
6017,20050711,3,0,0,174,891,1,1
6018,20050711,1,0,0,245,994,1,2
6019,20050711,2,0,0,379,763,2,2
6020,20050711,5,0,0,393,430,2,1
6021,20050711,2,0,0,23,861,2,1
6022,20050711,2,0,0,481,531,2,2
6023,20050711,4,0,0,460,831,1,2
6024,20050711,1,0,0,210,643,1,1
6025,20050711,0,0,0,581,728,1,1
6026,20050711,2,0,0,366,858,2,1
6027,20050711,7,1,4,357,990,2,1
6028,20050711,3,0,0,251,172,1,1
6029,20050711,3,0,0,590,442,1,2
6030,20050711,5,0,0,253,19,1,2
6031,20050711,3,0,0,205,334,2,2
6032,20050711,7,0,0,212,830,2,2
6033,20050711,5,1,2,11,619,2,2
6034,20050711,5,0,0,129,378,1,1
6035,20050711,2,0,0,4,761,2,2
6036,20050711,4,0,0,180,559,2,2
6037,20050711,1,0,0,525,411,1,2
6038,20050711,8,1,3,18,341,2,2
6039,20050711,8,1,2,360,385,2,1
6040,20050711,2,0,0,115,467,1,2
6041,20050711,1,0,0,36,618,2,2
6042,20050711,8,1,4,496,465,2,1
6043,20050711,1,0,0,428,727,2,1
6044,20050711,2,0,0,500,281,2,2
6045,20050711,6,1,2,62,436,2,1
6046,20050711,8,1,1,104,420,2,1
6047,20050711,5,1,2,133,901,1,2
6048,20050711,3,0,0,128,218,1,1
6049,20050711,4,0,0,410,566,1,2
6050,20050711,3,0,0,32,181,1,1
6051,20050711,0,0,0,99,587,1,2
6052,20050711,4,0,0,490,194,1,2
6053,20050711,8,1,4,475,622,2,2
6054,20050711,2,0,0,58,261,1,1
6055,20050711,7,0,0,462,130,1,2
6056,20050711,1,0,0,471,675,1,1
6057,20050711,5,1,2,530,295,2,2
6058,20050711,2,0,0,380,823,1,1
6059,20050711,6,1,3,480,314,2,1
6060,20050711,0,0,0,44,691,1,1
6061,20050711,0,0,0,155,406,1,1
6062,20050711,4,0,0,483,727,1,1
6063,20050711,2,0,0,278,374,1,2
6064,20050711,7,1,3,180,59,1,1
6065,20050711,6,1,2,376,226,1,1
6066,20050711,3,0,0,488,409,1,2
6067,20050711,5,0,0,199,455,1,1
6068,20050711,3,0,0,141,506,1,1
6069,20050711,1,0,0,598,57,1,1
6070,20050711,1,0,0,103,366,2,2
6071,20050711,8,1,4,435,199,1,1
6072,20050711,6,1,3,124,389,1,1
6073,20050711,9,1,2,86,922,2,1
6074,20050711,2,0,0,200,631,1,1
6075,20050711,0,0,0,100,467,1,1
6076,20050711,6,1,3,515,389,2,1
6077,20050711,5,1,1,246,465,2,1
6078,20050711,6,1,2,64,869,1,2
6079,20050711,6,1,3,153,327,1,1
6080,20050711,5,1,2,339,589,2,2
6081,20050711,2,0,0,407,494,2,2
6082,20050711,4,1,1,529,243,2,2
6083,20050711,3,0,0,296,698,1,2
6084,20050711,7,1,2,543,294,2,2
6085,20050711,4,0,0,488,70,1,2
6086,20050711,4,0,0,556,329,2,1
6087,20050711,1,0,0,488,44,2,2
6088,20050711,6,1,1,380,831,1,2
6089,20050711,6,0,0,401,726,2,2
6090,20050711,9,1,4,121,15,1,2
6091,20050711,4,0,0,7,127,1,1
6092,20050711,5,1,2,490,461,1,1
6093,20050711,9,1,5,197,408,1,1
6094,20050711,7,1,4,296,589,2,2
6095,20050711,8,1,3,417,159,1,1
6096,20050711,2,0,0,556,596,2,1
6097,20050711,5,0,0,381,67,2,1
6098,20050711,5,1,2,272,662,2,1
6099,20050711,4,0,0,481,845,2,2
6100,20050711,3,0,0,539,764,1,2
6101,20050711,6,1,3,237,574,2,2
6102,20050711,6,1,3,575,938,1,1
6103,20050711,5,0,0,65,58,2,1
6104,20050711,5,0,0,87,773,1,1
6105,20050711,7,1,1,98,767,1,1
6106,20050711,9,1,2,258,595,2,1
6107,20050711,3,0,0,389,832,1,2
6108,20050711,2,0,0,414,936,2,2
6109,20050711,2,0,0,283,787,1,2
6110,20050711,8,1,1,20,118,1,2
6111,20050711,2,0,0,216,767,2,2
6112,20050711,7,1,2,509,289,1,1
6113,20050711,9,1,2,339,970,2,2
6114,20050711,6,0,0,294,105,2,2
6115,20050711,2,0,0,398,748,2,1
6116,20050711,3,0,0,8,55,2,2
6117,20050711,7,1,1,220,573,1,2
6118,20050711,8,1,3,517,661,1,1
6119,20050711,8,1,5,589,932,1,2
6120,20050711,7,0,0,215,726,2,2
6121,20050711,4,0,0,309,352,2,2
6122,20050711,5,1,1,204,478,2,1
6123,20050711,4,0,0,523,299,1,2
6124,20050711,0,0,0,256,439,2,2
6125,20050711,7,1,2,37,532,2,1
6126,20050711,5,0,0,423,239,1,1
6127,20050711,1,0,0,289,64,2,1
6128,20050711,1,0,0,371,445,2,1
6129,20050711,7,0,0,431,847,2,1
6130,20050711,5,0,0,80,559,1,2
6131,20050711,2,0,0,16,729,2,1
6132,20050711,1,0,0,342,709,2,1
6133,20050711,2,0,0,16,434,1,1
6134,20050711,7,1,3,544,708,2,2
6135,20050711,6,0,0,45,182,1,1
6136,20050711,2,0,0,442,45,2,1
6137,20050711,1,0,0,122,442,1,2
6138,20050711,2,0,0,599,392,2,2
6139,20050711,5,1,2,43,673,2,2
6140,20050711,2,0,0,307,603,1,1
6141,20050711,5,0,0,68,493,2,1
6142,20050711,6,1,2,202,376,1,2
6143,20050711,7,0,0,108,231,1,2
6144,20050711,4,0,0,223,240,2,2
6145,20050711,7,1,2,65,300,1,1
6146,20050711,9,1,4,297,740,2,2
6147,20050711,5,0,0,161,202,1,1
6148,20050711,0,0,0,74,941,1,1
6149,20050711,6,1,1,176,945,2,2
6150,20050711,4,0,0,143,246,2,2
6151,20050711,0,0,0,71,78,1,1
6152,20050711,5,0,0,70,122,1,2
6153,20050711,7,1,4,50,21,2,1
6154,20050711,5,1,1,256,596,2,1
6155,20050711,6,0,0,38,172,1,1
6156,20050711,3,0,0,180,68,2,1
6157,20050711,4,0,0,344,979,1,2
6158,20050711,1,0,0,46,862,2,2
6159,20050711,2,0,0,182,25,1,2
6160,20050711,2,0,0,88,596,1,1
6161,20050711,4,0,0,250,805,2,2
6162,20050711,7,0,0,284,172,1,2
6163,20050711,8,1,3,298,294,1,2
6164,20050711,3,0,0,50,604,2,1
6165,20050711,5,1,2,379,774,1,1
6166,20050711,1,0,0,302,215,2,1
6167,20050711,3,0,0,523,716,2,1
6168,20050711,2,0,0,40,64,2,2
6169,20050711,7,0,0,425,610,2,2
6170,20050711,4,0,0,401,62,2,2
6171,20050711,5,0,0,150,99,2,1
6172,20050711,3,0,0,21,769,2,1
6173,20050711,4,0,0,209,924,2,1
6174,20050711,7,1,1,597,687,1,2
6175,20050711,3,0,0,171,666,1,1
6176,20050711,1,0,0,260,650,2,2
6177,20050711,6,0,0,145,70,1,1
6178,20050711,5,0,0,64,609,2,2
6179,20050711,5,0,0,504,800,2,1
6180,20050711,7,0,0,453,962,1,2
6181,20050711,3,0,0,523,961,2,1
6182,20050711,5,0,0,65,561,1,2
6183,20050711,5,0,0,158,188,1,1
6184,20050711,7,1,1,575,251,1,1
6185,20050711,7,1,1,555,944,2,2
6186,20050711,6,1,2,415,452,2,2
6187,20050711,1,0,0,245,735,1,1
6188,20050711,3,0,0,166,43,1,1
6189,20050711,9,1,4,92,832,1,2
6190,20050711,8,1,2,358,562,1,2
6191,20050711,6,0,0,513,756,2,1
6192,20050711,7,1,2,61,999,2,1
6193,20050711,8,1,1,73,103,1,2
6194,20050711,4,0,0,472,234,1,2
6195,20050711,5,1,2,342,912,2,2
6196,20050711,6,1,2,301,222,2,2
6197,20050711,0,0,0,174,902,2,1
6198,20050711,6,0,0,594,735,1,2
6199,20050711,7,1,1,368,944,1,2
6200,20050711,5,0,0,360,717,1,2
6201,20050711,0,0,0,148,989,1,2
6202,20050711,6,1,2,409,311,2,1
6203,20050711,4,0,0,483,224,1,1
6204,20050711,1,0,0,42,563,1,2
6205,20050711,1,0,0,595,755,1,2
6206,20050711,4,0,0,257,301,2,2
6207,20050711,2,0,0,515,708,2,2
6208,20050711,8,1,3,206,147,1,1
6209,20050711,6,0,0,21,679,2,2
6210,20050711,6,0,0,187,206,2,2
6211,20050711,9,1,3,565,592,2,2
6212,20050711,4,0,0,295,863,2,2
6213,20050711,4,1,1,310,109,1,2
6214,20050711,6,0,0,458,279,1,2
6215,20050711,0,0,0,503,71,2,1
6216,20050711,1,0,0,139,781,2,1
6217,20050711,8,1,5,336,243,1,2
6218,20050711,4,0,0,74,177,2,2
6219,20050711,2,0,0,595,8,2,2
6220,20050711,1,0,0,219,374,2,2
6221,20050711,4,0,0,437,370,1,1
6222,20050711,2,0,0,525,448,2,1
6223,20050711,1,0,0,196,821,2,1
6224,20050711,4,0,0,528,721,1,1
6225,20050711,2,0,0,522,544,2,1
6226,20050711,4,0,0,151,605,2,2
6227,20050711,6,1,1,593,361,1,1
6228,20050711,6,1,2,179,494,1,2
6229,20050711,8,1,3,384,689,1,1
6230,20050711,5,1,1,138,489,1,2
6231,20050711,2,0,0,391,555,1,2
6232,20050711,9,1,2,28,546,2,2
6233,20050711,4,1,1,114,816,1,2
6234,20050711,8,1,1,377,639,2,1
6235,20050711,5,1,2,186,583,2,2
6236,20050711,2,0,0,469,835,1,2
6237,20050711,4,0,0,314,479,2,1
6238,20050711,3,0,0,310,820,1,1
6239,20050711,5,1,1,463,893,2,2
6240,20050711,9,1,2,250,139,1,1
6241,20050711,6,1,2,56,972,2,1
6242,20050711,1,0,0,477,146,1,2
6243,20050711,3,0,0,176,758,2,2
6244,20050711,1,0,0,7,341,2,1
6245,20050711,4,1,1,121,114,1,1
6246,20050711,8,1,3,510,518,2,2
6247,20050711,6,0,0,145,550,1,1
6248,20050711,8,1,5,565,590,1,1
6249,20050711,2,0,0,495,945,1,2
6250,20050711,5,1,2,252,891,1,1
6251,20050711,7,1,2,423,863,1,2
6252,20050711,4,1,1,436,285,2,1
6253,20050711,1,0,0,338,312,2,1
6254,20050711,5,0,0,383,443,2,2
6255,20050711,4,0,0,342,320,1,2
6256,20050711,1,0,0,37,105,2,1
6257,20050711,3,0,0,207,716,1,2
6258,20050711,7,1,4,457,137,2,1
6259,20050711,1,0,0,320,660,1,2
6260,20050711,2,0,0,345,938,2,2
6261,20050711,3,0,0,525,152,1,1
6262,20050711,5,1,1,289,898,2,1
6263,20050711,5,0,0,224,521,2,2
6264,20050711,0,0,0,390,923,2,2
6265,20050711,0,0,0,541,857,2,2
6266,20050711,4,0,0,426,209,1,1
6267,20050711,6,1,2,383,465,1,2
6268,20050711,8,1,2,462,255,1,1
6269,20050711,1,0,0,192,854,2,1
6270,20050711,6,1,3,533,501,2,2
6271,20050711,8,1,5,325,275,1,2
6272,20050711,4,0,0,279,681,2,1
6273,20050711,3,0,0,214,525,1,2
6274,20050711,8,1,3,589,657,2,1
6275,20050711,6,0,0,26,786,2,2
6276,20050711,8,1,3,365,397,1,2
6277,20050711,7,1,4,46,876,1,2
6278,20050711,8,1,5,420,483,1,2
6279,20050711,6,1,2,458,277,1,2
6280,20050711,1,0,0,266,882,1,2
6281,20050711,1,0,0,410,183,1,2
6282,20050711,3,0,0,203,973,1,1
6283,20050711,6,1,3,158,730,2,1
6284,20050711,4,0,0,336,645,2,1
6285,20050711,2,0,0,154,463,1,2
6286,20050711,2,0,0,552,239,1,1
6287,20050711,0,0,0,130,7,2,1
6288,20050711,7,1,3,461,710,1,1
6289,20050711,0,0,0,474,698,2,2
6290,20050711,8,1,4,486,578,1,2
6291,20050711,2,0,0,146,687,2,2
6292,20050711,0,0,0,408,956,1,2
6293,20050711,2,0,0,465,926,2,2
6294,20050711,4,0,0,72,377,2,1
6295,20050711,3,0,0,597,305,1,1
6296,20050711,6,0,0,126,914,1,1
6297,20050711,7,1,3,3,601,1,2
6298,20050711,2,0,0,355,852,2,2
6299,20050711,1,0,0,129,897,1,2
6300,20050711,6,0,0,100,281,2,1
6301,20050711,7,1,3,569,772,1,2
6302,20050711,6,1,1,282,707,2,1
6303,20050711,1,0,0,410,185,1,1
6304,20050711,2,0,0,261,911,1,1
6305,20050711,8,1,2,295,338,2,1
6306,20050711,8,1,5,184,109,1,2
6307,20050711,6,1,3,388,878,2,2
6308,20050711,7,1,2,589,693,1,2
6309,20050711,2,0,0,377,234,2,1
6310,20050711,4,1,1,547,673,2,2
6311,20050711,4,0,0,409,388,2,2
6312,20050711,6,1,1,457,473,1,1
6313,20050711,3,0,0,100,652,1,1
6314,20050711,6,1,3,427,897,1,1
6315,20050711,1,0,0,63,132,1,2
6316,20050711,8,1,5,550,415,2,2
6317,20050711,2,0,0,182,914,2,1
6318,20050711,0,0,0,343,445,1,1
6319,20050711,0,0,0,149,818,1,1
6320,20050711,2,0,0,115,97,2,2
6321,20050711,3,0,0,397,582,2,2
6322,20050711,2,0,0,235,895,1,2
6323,20050711,2,0,0,442,298,2,1
6324,20050711,5,1,2,525,142,1,1
6325,20050711,6,0,0,246,994,1,2
6326,20050711,1,0,0,424,462,2,1
6327,20050711,3,0,0,575,202,1,1
6328,20050711,1,0,0,84,223,2,2
6329,20050711,7,1,4,69,606,2,2
6330,20050711,5,0,0,153,855,1,1
6331,20050711,6,1,2,436,299,1,2
6332,20050711,1,0,0,80,377,2,2
6333,20050711,5,1,1,296,572,2,1
6334,20050711,7,0,0,96,211,1,2
6335,20050711,4,0,0,281,605,2,1
6336,20050711,9,1,4,465,272,1,2
6337,20050711,8,1,3,50,864,2,2
6338,20050711,6,1,2,280,369,1,2
6339,20050711,7,1,1,471,524,2,2
6340,20050711,8,1,3,275,518,1,2
6341,20050711,3,0,0,167,783,1,1
6342,20050711,1,0,0,235,403,1,2
6343,20050711,0,0,0,303,114,1,1
6344,20050711,6,0,0,222,676,2,2
6345,20050711,8,1,2,586,944,2,1
6346,20050711,4,0,0,13,886,1,2
6347,20050711,5,0,0,57,694,1,1
6348,20050711,7,1,2,486,4,2,2
6349,20050711,9,1,2,39,347,1,2
6350,20050711,5,1,2,182,625,2,1
6351,20050711,6,1,1,512,403,1,2
6352,20050711,1,0,0,133,253,1,1
6353,20050711,9,1,2,48,153,1,1
6354,20050711,7,1,4,4,704,1,2
6355,20050711,8,1,5,324,542,1,2
6356,20050711,1,0,0,549,580,1,2
6357,20050711,0,0,0,536,142,2,1
6358,20050711,3,0,0,448,988,1,2
6359,20050711,4,0,0,495,361,2,2
6360,20050711,4,0,0,469,676,2,1
6361,20050711,2,0,0,559,638,1,2
6362,20050711,2,0,0,225,926,2,1
6363,20050711,8,1,4,506,906,1,1
6364,20050711,9,1,6,441,901,1,2
6365,20050711,2,0,0,521,993,1,1
6366,20050711,5,1,1,509,869,2,1
6367,20050711,3,0,0,461,320,2,1
6368,20050711,1,0,0,120,803,1,2
6369,20050711,2,0,0,536,242,2,2
6370,20050711,8,1,2,474,309,1,2
6371,20050711,5,1,2,141,936,2,1
6372,20050711,3,0,0,85,162,2,2
6373,20050711,2,0,0,339,233,1,2
6374,20050711,5,1,1,403,59,1,2
6375,20050711,6,0,0,364,421,2,2
6376,20050711,2,0,0,404,398,2,1
6377,20050711,3,0,0,560,875,1,1
6378,20050711,2,0,0,471,696,2,1
6379,20050711,5,0,0,231,115,2,2
6380,20050711,5,0,0,510,741,1,1
6381,20050711,4,1,1,588,567,1,1
6382,20050711,5,1,1,224,708,1,2
6383,20050711,5,1,1,318,930,2,1
6384,20050711,5,1,2,89,109,2,1
6385,20050711,8,1,3,3,397,2,1
6386,20050711,3,0,0,558,138,1,2
6387,20050711,2,0,0,95,376,2,2
6388,20050711,8,1,2,272,767,2,2
6389,20050711,4,0,0,208,490,1,2
6390,20050711,3,0,0,40,672,1,2
6391,20050711,4,0,0,275,379,2,1
6392,20050711,4,0,0,191,963,2,1
6393,20050711,2,0,0,520,833,1,1
6394,20050711,8,1,2,478,563,2,2
6395,20050711,6,0,0,275,672,2,1
6396,20050711,7,0,0,512,523,1,2
6397,20050711,2,0,0,231,529,1,1
6398,20050711,5,1,2,218,308,2,2
6399,20050711,4,0,0,346,442,1,1
6400,20050711,7,1,2,476,724,2,2
6401,20050711,0,0,0,161,312,2,2
6402,20050711,4,0,0,486,564,2,1
6403,20050711,1,0,0,228,228,2,1
6404,20050711,2,0,0,550,263,2,2
6405,20050711,7,1,2,461,868,1,2
6406,20050711,8,1,1,155,970,2,2
6407,20050711,9,1,6,552,169,2,1
6408,20050711,8,1,1,451,437,2,2
6409,20050711,1,0,0,547,845,1,2
6410,20050711,7,1,3,10,250,2,2
6411,20050711,7,1,1,516,948,1,1
6412,20050711,4,0,0,502,832,1,1
6413,20050711,5,1,1,168,972,1,2
6414,20050711,6,1,2,230,177,2,1
6415,20050711,7,1,4,320,908,1,2
6416,20050711,1,0,0,561,236,2,1
6417,20050711,6,1,3,368,667,2,2
6418,20050711,4,0,0,258,681,2,1
6419,20050711,1,0,0,439,805,2,1
6420,20050711,5,1,1,43,971,1,2
6421,20050711,3,0,0,543,978,1,2
6422,20050711,8,1,2,352,166,2,1
6423,20050711,7,1,3,47,199,1,1
6424,20050711,9,1,6,9,667,1,1
6425,20050711,1,0,0,124,545,1,1
6426,20050711,9,1,6,81,111,2,1
6427,20050711,2,0,0,391,233,1,2
6428,20050712,8,1,2,530,951,2,2
6429,20050712,9,1,4,44,28,1,1
6430,20050712,3,0,0,503,39,2,1
6431,20050712,8,1,3,252,760,2,1
6432,20050712,8,1,5,479,216,1,1
6433,20050712,9,1,5,455,299,1,2
6434,20050712,8,1,1,262,323,2,2
6435,20050712,5,0,0,559,427,1,1
6436,20050712,1,0,0,391,822,2,2
6437,20050712,0,0,0,289,991,1,1
6438,20050712,5,0,0,90,91,1,1
6439,20050712,1,0,0,592,759,2,2
6440,20050712,1,0,0,573,464,2,2
6441,20050712,2,0,0,408,545,2,1
6442,20050712,3,0,0,421,282,1,2
6443,20050712,4,0,0,488,199,2,1
6444,20050712,6,0,0,96,479,1,1
6445,20050712,5,0,0,300,127,1,2
6446,20050712,2,0,0,244,793,1,2
6447,20050712,6,1,3,324,861,1,2
6448,20050712,4,0,0,441,585,2,1
6449,20050712,9,1,2,197,961,1,1
6450,20050712,1,0,0,204,526,2,2
6451,20050712,4,0,0,8,226,2,2
6452,20050712,2,0,0,397,22,1,1
6453,20050712,2,0,0,108,551,1,2
6454,20050712,4,0,0,233,877,2,1
6455,20050712,4,0,0,372,928,1,2
6456,20050712,8,1,4,139,57,2,2
6457,20050712,2,0,0,85,651,1,1
6458,20050712,4,0,0,94,616,2,1
6459,20050712,3,0,0,312,877,1,1
6460,20050712,5,1,1,396,525,1,2
6461,20050712,7,1,1,220,391,1,1
6462,20050712,7,1,3,319,989,2,2
6463,20050712,1,0,0,282,644,1,1
6464,20050712,7,1,3,595,681,1,1
6465,20050712,7,1,2,175,445,1,2
6466,20050712,2,0,0,133,739,1,1
6467,20050712,8,1,5,571,448,2,2
6468,20050712,7,1,2,270,995,1,2
6469,20050712,4,0,0,303,838,2,2
6470,20050712,3,0,0,279,366,2,2
6471,20050712,1,0,0,426,487,2,1
6472,20050712,3,0,0,52,827,2,1
6473,20050712,8,1,4,97,116,1,1
6474,20050712,4,1,1,163,69,2,2
6475,20050712,5,0,0,56,443,2,1
6476,20050712,0,0,0,212,218,2,2
6477,20050712,5,1,2,568,175,1,2
6478,20050712,3,0,0,511,568,2,1
6479,20050712,9,1,5,420,568,1,1
6480,20050712,4,0,0,268,676,2,1
6481,20050712,8,1,4,415,522,2,1
6482,20050712,2,0,0,311,898,1,2
6483,20050712,0,0,0,404,234,2,2
6484,20050712,5,1,2,540,891,2,2
6485,20050712,7,1,2,342,271,2,1
6486,20050712,2,0,0,490,873,1,2
6487,20050712,6,0,0,372,871,1,2
6488,20050712,7,1,4,108,865,2,2
6489,20050712,5,1,1,215,395,2,2
6490,20050712,7,0,0,411,486,1,2
6491,20050712,8,1,2,359,615,2,1
6492,20050712,5,0,0,28,103,1,2
6493,20050712,4,0,0,363,4,1,1
6494,20050712,8,1,1,311,249,2,1
6495,20050712,2,0,0,466,532,2,1
6496,20050712,7,1,1,498,776,2,1
6497,20050712,5,0,0,431,206,2,2
6498,20050712,7,1,1,445,55,1,1
6499,20050712,9,1,3,362,695,1,2
6500,20050712,0,0,0,497,987,1,2
6501,20050712,3,0,0,21,625,1,2
6502,20050712,5,0,0,350,358,1,2
6503,20050712,2,0,0,134,292,1,1
6504,20050712,4,0,0,76,829,1,2
6505,20050712,5,1,1,359,869,1,2
6506,20050712,5,1,1,152,85,2,1
6507,20050712,8,1,1,560,538,2,1
6508,20050712,4,0,0,392,322,2,2
6509,20050712,1,0,0,47,540,1,2
6510,20050712,8,1,1,233,201,1,1
6511,20050712,4,0,0,11,298,1,2
6512,20050712,1,0,0,229,371,1,2
6513,20050712,1,0,0,437,586,2,1
6514,20050712,7,1,4,491,778,1,1
6515,20050712,3,0,0,412,154,2,2
6516,20050712,1,0,0,570,190,2,2
6517,20050712,8,1,3,139,42,2,1
6518,20050712,7,1,1,346,592,2,2
6519,20050712,6,1,3,489,901,2,1
6520,20050712,3,0,0,416,336,1,1
6521,20050712,9,1,3,458,725,1,1
6522,20050712,3,0,0,535,855,1,1
6523,20050712,4,1,1,273,402,2,1
6524,20050712,4,1,1,438,321,1,2
6525,20050712,6,1,3,370,308,2,1
6526,20050712,6,1,3,182,374,2,2
6527,20050712,4,0,0,162,118,1,1
6528,20050712,5,1,1,489,837,2,2
6529,20050712,5,0,0,302,235,2,2
6530,20050712,3,0,0,490,747,2,1
6531,20050712,4,1,1,434,920,1,2
6532,20050712,0,0,0,182,514,1,1
6533,20050712,6,1,2,509,843,2,1
6534,20050712,4,0,0,497,513,2,1
6535,20050712,5,0,0,233,417,2,1
6536,20050712,5,1,2,177,771,2,2
6537,20050712,6,0,0,175,741,2,2
6538,20050712,8,1,4,188,433,1,2
6539,20050712,6,1,2,200,491,2,1
6540,20050712,8,1,1,373,207,1,1
6541,20050712,5,1,1,188,390,1,2
6542,20050712,0,0,0,9,528,1,1
6543,20050712,3,0,0,275,562,2,2
6544,20050712,5,0,0,354,270,2,1
6545,20050712,8,1,4,438,972,1,1
6546,20050712,5,0,0,524,86,2,2
6547,20050712,6,1,3,146,583,1,2
6548,20050712,6,1,2,335,544,1,2
6549,20050712,8,1,5,519,590,1,2
6550,20050712,6,0,0,564,471,2,1
6551,20050712,1,0,0,448,63,2,1
6552,20050712,1,0,0,519,167,1,2
6553,20050712,9,1,3,141,252,1,1
6554,20050712,9,1,5,57,601,2,2
6555,20050712,1,0,0,394,284,1,1
6556,20050712,0,0,0,338,851,2,2
6557,20050712,8,1,4,247,315,2,1
6558,20050712,1,0,0,520,474,2,2
6559,20050712,4,1,1,340,101,1,2
6560,20050712,2,0,0,280,96,1,2
6561,20050712,3,0,0,6,998,2,2
6562,20050712,3,0,0,398,865,1,2
6563,20050712,9,1,3,599,18,1,1
6564,20050712,6,1,1,593,504,1,2
6565,20050712,0,0,0,161,603,1,2
6566,20050712,6,1,1,57,396,2,2
6567,20050712,7,1,4,369,295,1,2
6568,20050712,2,0,0,517,914,2,2
6569,20050712,8,1,2,52,166,1,2
6570,20050712,1,0,0,226,451,2,1
6571,20050712,3,0,0,552,810,1,1
6572,20050712,4,0,0,161,686,1,1
6573,20050712,1,0,0,240,728,1,2
6574,20050712,5,1,2,339,135,1,2
6575,20050712,6,0,0,489,309,2,2
6576,20050712,3,0,0,42,75,2,1
6577,20050712,3,0,0,267,912,1,1
6578,20050712,3,0,0,38,501,1,1
6580,20050712,1,0,0,206,338,2,1
6581,20050712,1,0,0,191,460,1,2
6582,20050712,6,1,1,556,450,2,1
6583,20050712,3,0,0,452,510,1,1
6584,20050712,4,0,0,589,391,1,2
6585,20050712,9,1,6,202,448,1,1
6586,20050712,5,0,0,130,845,1,1
6587,20050712,7,1,2,209,54,1,2
6588,20050712,3,0,0,556,278,1,1
6589,20050712,2,0,0,112,349,2,2
6590,20050712,5,1,1,119,238,1,2
6591,20050712,3,0,0,193,624,2,2
6592,20050712,6,1,3,341,763,1,1
6593,20050712,1,0,0,227,755,1,2
6594,20050712,1,0,0,492,973,2,1
6595,20050712,7,1,2,252,284,2,2
6596,20050712,0,0,0,366,199,1,1
6597,20050712,4,0,0,543,218,2,2
6598,20050712,7,1,2,586,445,1,1
6599,20050712,8,1,2,278,948,1,2
6600,20050712,6,1,3,87,730,1,2
6601,20050712,7,1,2,79,358,1,2
6602,20050712,7,1,4,576,519,2,2
6603,20050712,4,0,0,343,784,1,2
6604,20050712,3,0,0,293,179,1,2
6605,20050712,6,0,0,285,635,2,1
6606,20050712,1,0,0,57,616,1,1
6607,20050712,8,1,4,376,74,2,1
6608,20050712,5,0,0,403,782,2,2
6609,20050712,7,1,3,344,733,1,2
6610,20050712,9,1,3,340,140,1,2
6611,20050712,3,0,0,367,351,1,1
6612,20050712,4,0,0,214,53,1,1
6613,20050712,2,0,0,135,749,2,2
6614,20050712,5,1,2,33,659,2,2
6615,20050712,8,1,2,599,5,2,1
6616,20050712,8,1,3,435,398,2,1
6617,20050712,2,0,0,577,498,1,2
6618,20050712,1,0,0,508,928,1,1
6619,20050712,2,0,0,544,885,1,1
6620,20050712,3,0,0,295,514,2,2
6621,20050712,2,0,0,559,482,1,1
6622,20050712,0,0,0,45,948,2,1
6623,20050712,7,1,3,117,964,2,2
6624,20050712,6,1,3,507,861,1,2
6625,20050712,8,1,4,60,160,2,2
6626,20050712,4,0,0,573,527,2,2
6627,20050712,5,0,0,390,136,1,1
6628,20050712,8,1,3,90,636,1,2
6629,20050712,8,1,5,331,625,2,2
6630,20050712,1,0,0,452,402,1,2
6631,20050712,2,0,0,522,509,2,2
6632,20050712,3,0,0,119,644,1,1
6633,20050712,1,0,0,330,638,2,2
6634,20050712,0,0,0,485,646,1,1
6635,20050712,4,1,1,341,114,1,1
6636,20050712,2,0,0,2,720,2,1
6637,20050712,6,1,3,520,625,1,1
6638,20050712,0,0,0,137,46,2,1
6639,20050712,6,0,0,322,743,2,1
6640,20050712,8,1,3,425,614,1,2
6641,20050712,7,1,2,27,468,1,2
6642,20050712,1,0,0,2,45,1,1
6643,20050712,6,1,1,473,39,1,1
6644,20050712,2,0,0,296,586,1,1
6645,20050712,4,0,0,491,626,2,1
6646,20050712,2,0,0,237,885,1,1
6647,20050712,1,0,0,364,401,1,1
6648,20050712,2,0,0,227,157,2,1
6649,20050712,2,0,0,311,13,2,2
6650,20050712,1,0,0,550,349,1,1
6651,20050712,2,0,0,444,19,2,2
6652,20050712,1,0,0,518,476,1,1
6653,20050712,7,0,0,385,133,2,2
6654,20050712,7,0,0,252,629,2,1
6655,20050712,3,0,0,432,858,2,1
6656,20050712,1,0,0,546,494,1,1
6657,20050712,4,0,0,598,809,2,1
6658,20050712,4,1,1,398,37,2,2
6659,20050712,4,0,0,151,494,2,2
6660,20050712,8,1,1,489,99,1,2
6661,20050712,3,0,0,264,515,2,2
6662,20050712,1,0,0,474,320,2,1
6663,20050712,9,1,3,496,951,2,1
6664,20050712,2,0,0,453,1000,2,1
6665,20050712,6,1,1,322,640,2,2
6666,20050712,2,0,0,61,702,1,2
6667,20050712,7,1,4,485,48,2,1
6668,20050712,2,0,0,587,328,2,2
6669,20050712,7,1,3,289,311,1,1
6670,20050712,6,1,2,116,682,1,2
6671,20050712,7,1,3,550,213,1,2
6672,20050712,0,0,0,267,83,1,2
6673,20050712,1,0,0,11,434,2,1
6674,20050712,1,0,0,384,521,1,1
6675,20050712,0,0,0,591,460,2,1
6676,20050712,6,1,3,418,499,1,1
6677,20050712,8,1,1,67,521,2,2
6678,20050712,3,0,0,546,761,2,2
6679,20050712,1,0,0,499,800,2,1
6680,20050712,4,0,0,163,634,2,1
6681,20050712,6,0,0,256,188,1,2
6682,20050712,8,1,4,124,433,1,2
6683,20050712,5,1,2,403,753,1,2
6684,20050712,8,1,5,538,619,1,2
6685,20050712,7,1,4,496,314,1,1
6686,20050712,1,0,0,565,833,2,2
6687,20050712,7,1,2,415,600,2,1
6688,20050712,2,0,0,53,518,2,1
6689,20050712,3,0,0,272,344,2,1
6690,20050712,4,1,1,444,925,1,2
6691,20050712,6,0,0,196,89,2,2
6692,20050712,7,1,3,249,622,2,2
6693,20050712,7,1,4,305,438,2,1
6694,20050712,7,1,2,522,127,2,1
6695,20050712,5,0,0,132,679,1,2
6696,20050712,4,0,0,341,67,2,1
6697,20050712,7,1,2,370,47,2,1
6698,20050712,3,0,0,85,966,2,2
6699,20050712,3,0,0,390,748,1,1
6700,20050712,9,1,6,363,673,1,1
6701,20050712,0,0,0,345,752,2,1
6702,20050712,0,0,0,520,52,2,1
6703,20050712,4,0,0,594,10,1,1
6704,20050712,8,1,4,98,349,1,2
6705,20050712,0,0,0,307,929,1,1
6706,20050712,6,0,0,103,993,2,1
6707,20050712,4,1,1,368,90,1,2
6708,20050712,8,1,5,529,82,1,1
6709,20050712,3,0,0,11,881,2,2
6710,20050712,7,1,4,452,175,2,2
6711,20050712,7,0,0,352,486,1,2
6712,20050712,7,1,4,386,1000,2,2
6713,20050712,3,0,0,312,917,1,1
6714,20050712,6,0,0,198,424,1,2
6715,20050712,3,0,0,525,139,2,2
6716,20050712,7,0,0,179,610,2,1
6717,20050712,8,1,3,341,115,2,1
6718,20050712,5,1,1,270,494,1,1
6719,20050712,3,0,0,546,162,1,2
6720,20050712,1,0,0,101,594,1,2
6721,20050712,7,1,2,452,614,2,2
6722,20050712,6,0,0,90,687,1,2
6723,20050712,2,0,0,269,588,2,2
6724,20050712,7,1,3,146,545,1,1
6725,20050712,4,0,0,596,181,2,1
6726,20050712,3,0,0,354,981,2,1
6727,20050712,2,0,0,470,830,2,1
6728,20050712,3,0,0,319,458,1,1
6729,20050712,6,1,3,34,547,2,2
6730,20050712,7,1,2,586,341,1,1
6731,20050712,2,0,0,558,184,2,2
6732,20050712,5,0,0,277,416,2,1
6733,20050712,9,1,2,17,323,2,2
6734,20050712,9,1,2,233,486,1,1
6735,20050712,5,0,0,450,61,2,2
6736,20050712,3,0,0,44,116,2,1
6737,20050712,6,0,0,389,70,2,1
6738,20050712,8,1,4,509,266,2,2
6739,20050712,6,1,1,393,271,1,2
6740,20050712,2,0,0,498,531,1,1
6741,20050712,2,0,0,9,54,1,1
6742,20050712,4,0,0,420,922,2,2
6743,20050712,0,0,0,412,34,2,1
6744,20050712,2,0,0,85,562,1,1
6745,20050712,0,0,0,250,294,1,2
6746,20050712,5,0,0,547,687,2,2
6747,20050712,0,0,0,54,797,2,2
6748,20050712,5,1,1,65,798,1,2
6749,20050712,9,1,4,27,636,1,2
6750,20050712,6,1,1,257,841,1,2
6751,20050712,3,0,0,459,380,2,2
6752,20050712,7,1,3,582,744,2,1
6753,20050712,6,0,0,303,569,1,1
6754,20050712,1,0,0,166,320,1,2
6755,20050712,9,1,4,54,557,2,2
6756,20050712,0,0,0,288,260,2,2
6757,20050712,4,0,0,420,119,2,2
6758,20050712,7,1,4,111,892,2,2
6759,20050712,2,0,0,458,791,1,1
6760,20050712,7,1,3,230,112,1,2
6761,20050712,6,1,3,597,796,1,2
6762,20050712,9,1,3,146,844,2,1
6763,20050712,6,1,3,61,738,2,2
6764,20050712,9,1,4,281,963,2,2
6765,20050712,6,0,0,353,563,1,2
6766,20050712,5,0,0,315,789,2,2
6767,20050712,5,1,1,184,395,2,2
6768,20050712,7,1,3,101,748,2,2
6769,20050712,8,1,2,566,367,2,2
6770,20050712,7,0,0,421,451,1,2
6771,20050712,5,1,2,281,247,1,2
6772,20050712,5,1,1,15,834,2,1
6773,20050712,6,0,0,238,735,2,2
6774,20050712,1,0,0,315,191,1,1
6775,20050712,6,0,0,7,639,2,1
6776,20050712,8,1,2,494,524,2,1
6777,20050712,7,1,4,453,891,1,2
6778,20050712,2,0,0,8,983,1,2
6779,20050712,4,0,0,294,976,2,2
6780,20050712,1,0,0,195,277,1,2
6781,20050712,3,0,0,82,828,2,1
6782,20050712,8,1,4,587,601,2,2
6783,20050712,0,0,0,248,793,1,2
6784,20050712,3,0,0,321,44,1,1
6785,20050712,6,1,2,3,972,2,1
6786,20050712,3,0,0,111,437,2,2
6787,20050712,6,1,3,44,324,1,2
6788,20050712,7,1,4,135,257,2,2
6789,20050712,2,0,0,304,430,2,2
6790,20050712,5,1,1,554,980,1,2
6791,20050712,7,1,4,33,327,2,2
6792,20050712,7,1,3,418,113,2,2
6793,20050712,8,1,5,425,21,1,2
6794,20050712,8,1,2,149,176,2,2
6795,20050712,9,1,3,477,326,2,1
6796,20050712,3,0,0,570,51,1,2
6797,20050712,1,0,0,481,336,1,2
6798,20050712,6,1,1,339,61,1,2
6799,20050712,1,0,0,504,609,2,2
6800,20050712,9,1,5,118,818,2,2
6801,20050712,9,1,3,245,191,2,1
6802,20050712,4,0,0,157,646,1,2
6803,20050712,2,0,0,138,587,1,2
6804,20050712,8,1,3,573,341,1,1
6805,20050712,9,1,6,146,382,1,2
6806,20050712,4,1,1,435,142,1,1
6807,20050712,5,0,0,438,146,1,2
6808,20050712,6,1,1,404,79,2,2
6809,20050712,4,0,0,96,757,2,1
6810,20050712,7,1,1,113,615,2,2
6811,20050712,7,1,4,16,345,1,1
6812,20050712,8,1,4,598,481,2,2
6813,20050712,3,0,0,280,27,1,1
6814,20050712,6,1,1,261,406,2,2
6815,20050712,4,0,0,191,710,1,1
6816,20050712,6,1,2,585,649,2,2
6817,20050712,7,1,3,220,40,2,1
6818,20050712,8,1,4,243,227,1,2
6819,20050712,1,0,0,369,277,1,1
6820,20050712,1,0,0,18,50,1,1
6821,20050712,1,0,0,307,135,2,2
6822,20050712,7,1,3,216,349,1,1
6823,20050712,5,0,0,312,174,1,1
6824,20050712,8,1,5,261,189,1,1
6825,20050712,3,0,0,91,509,2,1
6826,20050712,4,0,0,483,373,1,1
6827,20050712,1,0,0,100,334,2,1
6828,20050712,2,0,0,230,193,1,1
6829,20050712,4,0,0,70,911,1,1
6830,20050712,4,0,0,321,423,1,1
6831,20050712,4,1,1,283,205,1,2
6832,20050712,7,1,3,502,98,1,2
6833,20050712,7,1,2,433,203,2,2
6834,20050712,6,0,0,82,200,1,1
6835,20050712,5,0,0,179,316,2,1
6836,20050712,2,0,0,581,602,1,1
6837,20050712,9,1,5,82,267,1,2
6838,20050712,5,0,0,58,765,1,1
6839,20050712,3,0,0,461,851,2,1
6840,20050712,8,1,2,326,303,1,2
6841,20050712,2,0,0,332,489,2,1
6842,20050712,7,0,0,509,741,1,1
6843,20050712,8,1,4,559,163,2,1
6844,20050712,5,0,0,324,706,1,2
6845,20050712,1,0,0,319,840,1,1
6846,20050712,4,0,0,371,270,1,1
6847,20050712,8,1,3,566,77,1,2
6848,20050712,1,0,0,353,387,2,1
6849,20050712,7,1,4,543,938,1,1
6850,20050712,5,0,0,353,253,1,2
6851,20050712,5,0,0,374,143,2,1
6852,20050712,1,0,0,490,471,2,2
6853,20050712,7,1,4,277,872,2,1
6854,20050712,3,0,0,101,697,1,1
6855,20050712,2,0,0,12,583,1,2
6856,20050712,2,0,0,569,945,2,1
6857,20050712,0,0,0,169,93,2,1
6858,20050712,6,1,1,67,244,1,1
6859,20050712,4,0,0,358,893,2,2
6860,20050712,5,0,0,64,638,2,1
6861,20050712,0,0,0,472,78,2,1
6862,20050712,5,0,0,234,762,2,2
6863,20050712,8,1,3,126,51,2,1
6864,20050712,6,0,0,348,487,2,2
6865,20050712,7,1,2,181,313,1,2
6866,20050712,2,0,0,459,544,1,1
6867,20050712,6,1,2,501,737,1,1
6868,20050712,3,0,0,317,158,1,2
6869,20050712,0,0,0,514,775,2,1
6870,20050712,4,0,0,517,681,2,2
6871,20050712,1,0,0,522,789,2,2
6872,20050712,5,1,2,505,715,1,1
6873,20050712,4,0,0,265,174,2,1
6874,20050712,6,0,0,584,979,1,1
6875,20050712,6,0,0,510,749,1,2
6876,20050712,4,0,0,288,7,2,1
6877,20050712,5,0,0,234,864,2,1
6878,20050712,6,1,1,307,530,1,2
6879,20050712,7,1,4,381,414,1,2
6880,20050712,4,0,0,38,322,1,1
6881,20050712,8,1,5,442,548,1,2
6882,20050712,2,0,0,314,540,1,1
6883,20050712,6,0,0,174,103,1,2
6884,20050712,8,1,1,429,795,1,1
6885,20050712,2,0,0,24,865,1,2
6886,20050712,5,1,1,301,989,1,2
6887,20050712,8,1,4,246,980,1,1
6888,20050712,5,0,0,138,413,1,2
6889,20050712,7,1,3,369,641,2,2
6890,20050712,1,0,0,244,556,2,1
6891,20050712,1,0,0,512,700,2,2
6892,20050712,1,0,0,94,344,1,2
6893,20050712,8,1,4,255,572,2,2
6894,20050712,8,1,2,264,297,2,2
6895,20050712,6,0,0,118,645,1,2
6896,20050712,8,1,2,580,281,1,1
6897,20050712,2,0,0,517,37,1,1
6898,20050712,2,0,0,312,376,1,1
6899,20050712,9,1,5,511,779,2,2
6900,20050712,6,1,3,533,25,2,1
6901,20050712,3,0,0,561,1000,1,1
6902,20050712,1,0,0,113,70,2,1
6903,20050712,1,0,0,492,807,1,2
6904,20050712,4,0,0,347,502,1,1
6905,20050712,6,0,0,385,166,2,1
6906,20050712,2,0,0,507,314,1,1
6907,20050712,5,1,1,327,553,2,1
6908,20050712,8,1,2,188,694,1,2
6909,20050712,4,0,0,583,167,2,2
6910,20050712,8,1,5,111,285,1,1
6911,20050712,5,0,0,70,200,2,1
6912,20050712,6,1,2,465,370,2,1
6913,20050712,2,0,0,60,123,2,2
6914,20050712,4,0,0,70,110,1,1
6915,20050712,1,0,0,148,274,2,1
6916,20050712,6,1,1,473,729,2,1
6917,20050712,7,0,0,310,668,2,1
6918,20050712,7,1,2,552,890,2,1
6919,20050712,5,0,0,65,249,1,1
6920,20050712,6,1,1,467,500,2,2
6921,20050712,8,1,5,141,730,2,2
6922,20050712,1,0,0,396,247,1,1
6923,20050712,7,1,4,138,579,2,2
6924,20050726,7,1,3,230,278,1,2
6925,20050726,2,0,0,504,641,2,1
6926,20050726,1,0,0,58,282,2,1
6927,20050726,9,1,5,594,985,1,2
6928,20050726,3,0,0,447,788,1,1
6929,20050726,7,1,3,237,734,2,1
6930,20050726,8,1,3,437,655,2,2
6931,20050726,1,0,0,26,614,1,2
6932,20050726,9,1,3,72,986,1,1
6933,20050726,4,0,0,300,294,2,1
6934,20050726,8,1,1,16,100,2,1
6935,20050726,0,0,0,99,609,1,1
6936,20050726,3,0,0,80,12,1,1
6937,20050726,0,0,0,178,383,2,1
6938,20050726,9,1,4,47,447,1,2
6939,20050726,7,1,2,58,62,2,2
6940,20050726,9,1,2,549,847,2,2
6941,20050726,4,0,0,2,346,1,2
6942,20050726,4,0,0,594,267,1,2
6943,20050726,3,0,0,31,531,2,2
6944,20050726,9,1,3,409,258,2,1
6945,20050726,1,0,0,10,356,1,1
6946,20050726,8,1,3,568,403,2,2
6947,20050726,6,0,0,523,166,1,2
6948,20050726,0,0,0,68,679,1,2
6949,20050726,3,0,0,370,349,2,2
6950,20050726,4,0,0,302,44,1,2
6951,20050726,4,0,0,532,735,2,1
6952,20050726,3,0,0,585,934,2,2
6953,20050726,3,0,0,317,639,2,1
6954,20050726,1,0,0,165,247,1,2
6955,20050726,6,1,2,481,245,1,2
6956,20050726,7,1,3,279,549,1,1
6957,20050727,2,0,0,518,483,1,2
6958,20050727,1,0,0,26,142,2,2
6959,20050727,0,0,0,531,353,2,2
6960,20050727,7,1,1,219,43,2,2
6961,20050727,3,0,0,348,477,2,2
6962,20050727,3,0,0,477,982,2,2
6963,20050727,7,1,4,292,932,2,1
6964,20050727,3,0,0,294,336,2,2
6965,20050727,1,0,0,258,15,2,2
6966,20050727,9,1,5,77,346,2,2
6967,20050727,7,1,2,218,253,1,1
6968,20050727,3,0,0,198,363,1,2
6969,20050727,7,1,4,261,580,2,1
6970,20050727,7,1,2,143,4,1,2
6971,20050727,5,0,0,509,765,1,2
6972,20050727,1,0,0,405,374,2,2
6973,20050727,2,0,0,123,999,2,2
6974,20050727,8,1,5,391,643,1,2
6975,20050727,6,1,1,32,732,1,1
6976,20050727,4,0,0,22,680,2,2
6977,20050727,6,1,2,301,775,1,2
6978,20050727,4,1,1,463,796,1,2
6979,20050727,4,0,0,274,224,1,2
6980,20050727,7,1,3,520,250,2,1
6981,20050727,1,0,0,42,32,2,2
6982,20050727,4,0,0,365,841,2,2
6983,20050727,5,1,2,60,382,1,2
6984,20050727,6,1,2,180,525,2,2
6985,20050727,3,0,0,167,398,2,1
6986,20050727,1,0,0,146,456,2,1
6987,20050727,1,0,0,27,689,1,1
6988,20050727,4,0,0,211,165,2,2
6989,20050727,3,0,0,134,879,1,1
6990,20050727,3,0,0,575,886,1,1
6991,20050727,9,1,6,37,71,2,2
6992,20050727,1,0,0,430,748,1,2
6993,20050727,3,0,0,128,683,2,2
6994,20050727,8,1,2,554,940,1,2
6995,20050727,2,0,0,486,356,1,1
6996,20050727,1,0,0,410,710,2,1
6997,20050727,1,0,0,44,461,2,2
6998,20050727,3,0,0,216,172,2,2
6999,20050727,2,0,0,205,3,2,2
7000,20050727,7,1,1,206,440,1,2
7001,20050727,4,0,0,279,320,1,2
7002,20050727,5,0,0,402,902,2,1
7003,20050727,3,0,0,265,138,2,2
7004,20050727,7,1,4,61,966,1,1
7005,20050727,6,1,1,233,532,2,2
7006,20050727,7,1,4,275,771,2,1
7007,20050727,4,0,0,352,911,2,1
7008,20050727,1,0,0,238,799,1,2
7009,20050727,1,0,0,319,348,2,1
7010,20050727,3,0,0,28,662,2,1
7011,20050727,1,0,0,55,890,1,1
7012,20050727,9,1,4,240,170,2,2
7013,20050727,4,0,0,72,855,2,1
7014,20050727,6,1,3,250,156,2,2
7015,20050727,1,0,0,287,83,1,2
7016,20050727,5,1,1,152,312,2,2
7017,20050727,4,0,0,4,165,1,1
7018,20050727,6,0,0,328,240,2,2
7019,20050727,6,1,1,150,841,1,1
7020,20050727,1,0,0,248,864,1,2
7021,20050727,8,1,5,419,590,2,1
7022,20050727,2,0,0,18,373,2,1
7023,20050727,7,1,4,595,913,1,1
7024,20050727,1,0,0,536,683,2,1
7025,20050727,2,0,0,4,772,2,2
7026,20050727,2,0,0,519,758,2,2
7027,20050727,8,1,5,487,723,1,1
7028,20050727,6,1,2,435,183,1,2
7029,20050727,3,0,0,87,627,2,1
7030,20050727,4,0,0,132,282,2,1
7031,20050727,6,1,3,14,314,1,1
7032,20050727,1,0,0,573,745,2,1
7033,20050727,0,0,0,69,615,2,2
7034,20050727,1,0,0,91,373,2,1
7035,20050727,6,1,1,106,532,2,2
7036,20050727,1,0,0,456,563,1,2
7037,20050727,6,1,1,315,693,1,2
7038,20050727,4,1,1,518,415,2,2
7039,20050727,5,1,2,474,415,1,1
7040,20050727,2,0,0,250,103,2,2
7041,20050727,3,0,0,186,915,2,2
7042,20050727,4,0,0,394,89,1,1
7043,20050727,8,1,2,519,749,2,2
7044,20050727,5,0,0,303,18,1,2
7045,20050727,5,0,0,85,388,2,2
7046,20050727,2,0,0,402,818,1,2
7047,20050727,7,1,2,410,628,1,1
7048,20050727,9,1,5,333,811,1,2
7049,20050727,8,1,5,29,667,2,2
7050,20050727,5,0,0,427,251,2,1
7051,20050727,4,0,0,363,289,1,2
7052,20050727,7,1,2,490,832,1,1
7053,20050727,3,0,0,483,31,1,1
7054,20050727,8,1,2,435,584,1,1
7055,20050727,3,0,0,128,938,1,1
7056,20050727,9,1,6,149,175,2,1
7057,20050727,8,1,4,5,266,2,1
7058,20050727,8,1,1,106,157,2,2
7059,20050727,6,1,3,321,25,2,1
7060,20050727,7,1,3,543,854,2,1
7061,20050727,4,0,0,471,193,2,1
7062,20050727,7,1,4,481,50,2,1
7063,20050727,8,1,5,316,460,2,1
7064,20050727,7,1,1,5,914,2,1
7065,20050727,3,0,0,476,781,2,2
7066,20050727,8,1,3,258,406,2,1
7067,20050727,4,0,0,203,191,2,1
7068,20050727,3,0,0,579,975,2,1
7069,20050727,8,1,3,337,450,1,1
7070,20050727,3,0,0,374,911,1,2
7071,20050727,7,1,1,487,951,1,2
7072,20050727,1,0,0,84,851,2,2
7073,20050727,7,0,0,46,845,1,1
7074,20050727,0,0,0,93,305,1,1
7075,20050727,7,1,1,14,965,1,2
7076,20050727,8,1,5,26,619,2,1
7077,20050727,4,1,1,488,698,2,1
7078,20050727,8,1,2,526,986,1,1
7079,20050727,8,1,2,227,949,1,1
7080,20050727,7,1,1,86,155,1,2
7081,20050727,4,1,1,556,101,2,1
7082,20050727,3,0,0,85,443,1,2
7083,20050727,3,0,0,327,585,2,2
7084,20050727,8,1,1,204,172,1,2
7085,20050727,9,1,3,382,571,2,2
7086,20050727,8,1,1,98,645,2,2
7087,20050727,5,0,0,351,256,2,1
7088,20050727,8,1,5,473,82,1,2
7089,20050727,3,0,0,233,303,1,1
7090,20050727,2,0,0,1,765,1,2
7091,20050727,4,0,0,11,570,1,1
7092,20050727,7,1,2,388,313,2,2
7093,20050727,4,1,1,273,673,2,1
7094,20050727,3,0,0,409,191,1,2
7095,20050727,9,1,5,36,226,2,2
7096,20050727,6,0,0,173,563,2,2
7097,20050727,4,0,0,447,57,2,1
7098,20050727,6,0,0,9,560,1,2
7099,20050727,1,0,0,565,689,1,2
7100,20050727,1,0,0,185,918,2,2
7101,20050727,2,0,0,271,437,1,1
7102,20050727,5,1,1,239,241,1,2
7103,20050727,1,0,0,235,369,2,2
7104,20050727,5,1,2,226,23,2,2
7105,20050727,1,0,0,189,190,2,2
7106,20050727,5,0,0,172,309,2,2
7107,20050727,6,0,0,160,410,1,1
7108,20050727,4,0,0,289,596,2,1
7109,20050727,8,1,3,592,361,2,2
7110,20050727,0,0,0,378,724,2,1
7111,20050727,1,0,0,244,276,1,2
7112,20050727,6,0,0,455,883,2,1
7113,20050727,2,0,0,183,428,1,1
7114,20050727,1,0,0,195,850,2,1
7115,20050727,5,0,0,9,790,2,2
7116,20050727,9,1,2,187,381,2,1
7117,20050727,4,0,0,454,609,1,1
7118,20050727,8,1,3,51,127,1,2
7119,20050727,1,0,0,262,377,2,1
7120,20050727,8,1,3,532,91,2,1
7121,20050727,2,0,0,536,280,2,1
7122,20050727,8,1,4,510,370,1,2
7123,20050727,7,1,4,377,26,2,1
7124,20050727,6,0,0,287,756,2,1
7125,20050727,8,1,2,135,174,2,2
7126,20050727,1,0,0,331,711,2,2
7127,20050727,4,0,0,318,61,1,2
7128,20050727,5,0,0,188,29,1,1
7129,20050727,0,0,0,271,418,2,1
7130,20050727,1,0,0,313,92,1,1
7131,20050727,4,0,0,17,621,2,1
7132,20050727,8,1,2,170,703,2,2
7133,20050727,1,0,0,110,657,1,2
7134,20050727,0,0,0,273,235,2,1
7135,20050727,0,0,0,510,649,1,1
7136,20050727,6,1,1,565,418,2,1
7137,20050727,2,0,0,511,863,1,2
7138,20050727,6,1,2,206,311,1,2
7139,20050727,2,0,0,327,185,1,1
7140,20050727,7,1,2,161,441,1,2
7141,20050727,5,0,0,152,783,1,1
7142,20050727,0,0,0,281,379,2,2
7143,20050727,3,0,0,64,631,1,2
7144,20050727,4,1,1,113,984,1,1
7145,20050727,3,0,0,467,797,2,1
7146,20050727,9,1,3,326,485,2,1
7147,20050727,4,0,0,196,220,2,1
7148,20050727,7,0,0,58,387,2,2
7149,20050727,7,1,3,109,852,1,2
7150,20050727,8,1,5,446,101,1,2
7151,20050727,4,0,0,177,279,1,2
7152,20050727,8,1,2,198,508,2,1
7153,20050727,1,0,0,22,583,1,1
7154,20050727,0,0,0,518,439,1,2
7155,20050727,8,1,5,310,37,2,1
7156,20050727,3,0,0,128,7,2,1
7157,20050727,5,1,1,152,298,2,1
7158,20050727,6,1,3,348,531,1,2
7159,20050727,9,1,2,561,270,2,1
7160,20050727,3,0,0,393,852,1,2
7161,20050727,6,1,1,414,83,2,2
7162,20050727,2,0,0,177,486,2,1
7163,20050727,7,0,0,348,803,1,2
7164,20050727,7,1,3,365,116,1,2
7165,20050727,3,0,0,18,111,2,2
7166,20050727,5,0,0,376,302,2,1
7167,20050727,6,1,1,419,54,1,1
7168,20050727,4,0,0,536,1,2,2
7169,20050727,4,0,0,148,160,2,1
7170,20050727,0,0,0,552,81,1,1
7171,20050727,6,0,0,592,957,1,1
7172,20050727,4,0,0,42,525,1,1
7173,20050727,0,0,0,178,39,2,2
7174,20050727,4,0,0,338,10,1,1
7175,20050727,4,0,0,501,123,1,2
7176,20050727,2,0,0,352,51,1,2
7177,20050727,2,0,0,344,835,2,2
7178,20050727,2,0,0,206,414,1,2
7179,20050727,1,0,0,547,514,2,2
7180,20050727,3,0,0,66,101,1,1
7181,20050727,0,0,0,48,611,2,1
7182,20050727,7,1,3,354,705,1,2
7183,20050727,4,0,0,117,743,2,1
7184,20050727,6,1,1,571,504,2,2
7185,20050727,3,0,0,195,509,2,1
7186,20050727,1,0,0,165,872,2,1
7187,20050727,9,1,6,108,599,2,1
7188,20050727,0,0,0,200,476,1,1
7189,20050727,3,0,0,101,966,2,2
7190,20050727,2,0,0,249,294,1,2
7191,20050727,7,1,2,81,935,2,1
7192,20050727,3,0,0,586,944,1,2
7193,20050727,3,0,0,475,391,2,2
7194,20050727,4,0,0,510,57,1,1
7195,20050727,2,0,0,378,158,2,2
7196,20050727,1,0,0,560,657,2,1
7197,20050727,4,0,0,497,457,2,1
7198,20050727,8,1,5,590,932,2,2
7199,20050727,7,1,3,533,806,1,1
7200,20050727,6,1,1,222,963,2,2
7201,20050727,8,1,4,489,106,1,2
7202,20050727,7,1,1,10,22,1,1
7203,20050727,8,1,2,207,367,2,1
7204,20050727,6,1,1,288,552,2,2
7205,20050727,8,1,3,253,621,1,1
7206,20050727,3,0,0,409,820,2,2
7207,20050727,5,1,1,557,74,1,1
7208,20050727,1,0,0,94,333,1,1
7209,20050727,2,0,0,458,824,2,2
7210,20050727,0,0,0,4,433,1,1
7211,20050727,6,1,2,296,972,1,1
7212,20050727,4,0,0,51,638,2,2
7213,20050727,7,1,3,230,622,2,2
7214,20050727,7,1,1,268,174,2,2
7215,20050727,8,1,1,244,595,2,2
7216,20050727,7,0,0,533,394,1,1
7217,20050727,2,0,0,383,580,1,1
7218,20050727,4,1,1,14,536,2,1
7219,20050727,1,0,0,537,880,2,1
7220,20050727,7,1,4,284,846,1,2
7221,20050727,1,0,0,261,836,1,1
7222,20050727,0,0,0,43,506,1,1
7223,20050727,7,1,4,45,575,2,1
7224,20050727,9,1,3,430,593,2,2
7225,20050727,7,1,4,317,137,2,2
7226,20050727,4,1,1,198,768,1,1
7227,20050727,8,1,1,520,173,1,2
7228,20050727,1,0,0,500,369,1,2
7229,20050727,1,0,0,553,218,2,2
7230,20050727,6,1,2,477,254,2,1
7231,20050727,9,1,2,505,357,2,2
7232,20050727,0,0,0,317,253,2,2
7233,20050727,4,1,1,477,48,1,1
7234,20050727,4,1,1,249,846,2,1
7235,20050727,9,1,2,58,280,1,2
7236,20050727,7,1,4,1,659,2,1
7237,20050727,3,0,0,299,414,2,2
7238,20050727,2,0,0,247,266,2,1
7239,20050727,1,0,0,514,388,1,1
7240,20050727,6,1,2,129,997,1,1
7241,20050727,0,0,0,58,531,1,2
7242,20050727,8,1,5,390,429,1,2
7243,20050727,2,0,0,228,284,2,2
7244,20050727,3,0,0,124,293,2,1
7245,20050727,9,1,3,217,58,2,2
7246,20050727,2,0,0,26,436,2,1
7247,20050727,1,0,0,262,317,1,2
7248,20050727,5,1,2,460,925,1,1
7249,20050727,1,0,0,343,532,2,2
7250,20050727,1,0,0,145,747,2,1
7251,20050727,5,0,0,421,378,1,1
7252,20050727,7,1,2,482,683,1,2
7253,20050727,1,0,0,410,424,2,1
7254,20050727,0,0,0,367,592,1,1
7255,20050727,3,0,0,230,456,1,2
7256,20050727,1,0,0,307,930,2,2
7257,20050727,8,1,2,513,727,1,2
7258,20050727,6,1,1,147,450,2,1
7259,20050727,5,0,0,592,510,1,2
7260,20050727,6,1,1,405,838,2,1
7261,20050727,0,0,0,510,209,1,2
7262,20050727,2,0,0,406,892,2,2
7263,20050727,7,1,2,129,159,1,1
7264,20050727,6,0,0,277,521,2,2
7265,20050727,4,0,0,585,760,1,1
7266,20050727,7,0,0,12,741,1,1
7267,20050727,4,0,0,391,800,1,1
7268,20050727,5,1,1,84,601,1,2
7269,20050727,4,1,1,187,453,1,1
7270,20050727,8,1,2,550,412,1,1
7271,20050727,9,1,6,481,189,1,1
7272,20050727,2,0,0,329,56,1,2
7273,20050727,3,0,0,298,539,1,1
7274,20050727,4,1,1,136,891,1,1
7275,20050727,3,0,0,326,169,2,2
7276,20050727,4,1,1,61,363,2,1
7277,20050727,6,0,0,122,338,2,1
7278,20050727,4,0,0,178,116,2,1
7279,20050727,2,0,0,238,311,2,2
7280,20050727,3,0,0,44,53,1,2
7281,20050727,8,1,4,150,298,1,1
7282,20050727,8,1,5,578,966,2,2
7283,20050727,8,1,4,237,681,2,1
7284,20050727,3,0,0,478,507,2,2
7285,20050727,7,1,4,380,625,2,2
7286,20050727,7,1,3,380,757,1,1
7287,20050727,4,0,0,369,206,1,1
7288,20050727,6,1,3,386,9,2,2
7289,20050727,6,0,0,530,466,1,2
7290,20050727,5,0,0,152,797,2,1
7291,20050727,5,1,2,404,69,2,1
7292,20050727,5,0,0,191,174,1,2
7293,20050727,3,0,0,496,733,1,2
7294,20050727,3,0,0,89,109,1,1
7295,20050727,8,1,3,452,745,1,1
7296,20050727,8,1,2,554,367,1,2
7297,20050727,2,0,0,220,403,2,2
7298,20050727,2,0,0,195,361,1,1
7299,20050727,6,0,0,367,658,2,1
7300,20050727,8,1,3,125,995,2,1
7301,20050727,4,1,1,130,738,2,2
7302,20050727,2,0,0,541,991,1,2
7303,20050727,3,0,0,283,306,1,2
7304,20050727,8,1,5,56,257,2,2
7305,20050727,3,0,0,38,538,2,2
7306,20050727,6,1,2,175,490,1,2
7307,20050727,1,0,0,98,849,1,1
7308,20050727,7,1,3,38,319,1,1
7309,20050727,1,0,0,156,138,1,2
7310,20050727,1,0,0,370,812,1,1
7311,20050727,7,1,3,331,616,2,1
7312,20050727,3,0,0,349,51,1,2
7313,20050727,5,0,0,281,410,2,1
7314,20050727,6,1,1,297,302,2,2
7315,20050727,6,0,0,184,218,1,2
7316,20050727,0,0,0,166,735,1,2
7317,20050727,2,0,0,60,331,2,2
7318,20050727,3,0,0,433,426,2,2
7319,20050727,7,0,0,493,516,2,1
7320,20050727,3,0,0,121,948,1,2
7321,20050727,6,1,2,348,772,1,2
7322,20050727,7,1,1,237,393,1,2
7323,20050727,1,0,0,462,838,2,2
7324,20050727,7,1,1,452,563,1,2
7325,20050727,1,0,0,177,376,2,1
7326,20050727,2,0,0,468,624,1,1
7327,20050727,8,1,3,237,888,1,2
7328,20050727,5,0,0,176,143,2,1
7329,20050727,8,1,1,386,201,1,1
7330,20050727,7,1,2,475,810,2,1
7331,20050727,3,0,0,203,453,1,1
7332,20050727,5,1,2,101,382,2,1
7333,20050727,3,0,0,423,294,1,1
7334,20050727,1,0,0,399,660,1,1
7335,20050727,9,1,2,21,270,2,2
7336,20050727,0,0,0,443,594,1,2
7337,20050727,7,1,2,272,729,2,2
7338,20050727,7,1,4,168,21,2,2
7339,20050727,3,0,0,211,735,1,2
7340,20050727,2,0,0,448,296,1,1
7341,20050727,0,0,0,380,780,2,2
7342,20050727,7,1,2,562,890,2,2
7343,20050727,2,0,0,550,262,2,2
7344,20050727,4,1,1,509,374,1,1
7345,20050727,7,1,4,414,531,2,2
7346,20050727,6,1,2,574,162,2,1
7347,20050727,4,0,0,182,827,2,1
7348,20050727,1,0,0,163,710,2,1
7349,20050727,5,1,2,171,189,2,2
7350,20050727,6,0,0,74,161,1,2
7351,20050727,2,0,0,13,464,1,2
7352,20050727,0,0,0,301,7,2,1
7353,20050727,4,0,0,461,288,2,1
7354,20050727,7,0,0,489,523,1,2
7355,20050727,6,1,1,339,833,1,2
7356,20050727,1,0,0,426,69,2,2
7357,20050727,6,1,1,599,417,1,2
7358,20050727,1,0,0,477,39,1,1
7359,20050727,4,0,0,52,39,1,2
7360,20050727,5,1,1,325,290,1,2
7361,20050727,4,0,0,72,998,2,2
7362,20050727,4,1,1,209,414,2,1
7363,20050727,8,1,4,470,360,1,1
7364,20050727,6,0,0,178,668,2,2
7365,20050727,2,0,0,251,723,2,1
7366,20050727,8,1,5,461,101,2,1
7367,20050727,5,0,0,7,378,1,1
7368,20050727,3,0,0,367,489,2,2
7369,20050727,2,0,0,498,850,1,2
7370,20050727,7,1,3,15,439,2,2
7371,20050727,4,0,0,497,392,1,1
7372,20050727,5,1,2,165,704,1,2
7373,20050727,7,0,0,335,676,2,1
7374,20050727,8,1,5,599,698,2,2
7375,20050727,5,1,2,8,651,1,1
7376,20050727,7,1,4,574,109,1,2
7377,20050727,6,1,2,120,301,2,2
7378,20050727,7,1,1,33,725,2,2
7379,20050727,3,0,0,359,93,2,2
7380,20050727,7,0,0,494,220,1,1
7381,20050727,6,1,2,511,349,2,2
7382,20050727,0,0,0,518,78,2,2
7383,20050727,6,0,0,485,845,1,1
7384,20050727,7,1,1,17,782,1,1
7385,20050727,0,0,0,164,657,1,2
7386,20050727,7,0,0,501,780,2,1
7387,20050727,6,0,0,149,721,1,1
7388,20050727,5,0,0,34,995,1,2
7389,20050727,3,0,0,373,837,2,2
7390,20050727,7,1,3,423,376,1,2
7391,20050727,8,1,2,288,255,1,2
7392,20050727,5,0,0,522,694,1,2
7393,20050727,5,0,0,568,516,2,1
7394,20050727,7,1,1,495,524,2,2
7395,20050727,4,0,0,239,634,2,2
7396,20050727,8,1,1,98,735,2,2
7397,20050727,5,1,2,477,977,2,1
7398,20050727,9,1,6,557,345,1,1
7399,20050727,7,1,1,550,367,1,2
7400,20050727,3,0,0,344,630,2,2
7401,20050727,7,1,4,538,606,1,1
7402,20050727,8,1,1,231,595,1,2
7403,20050727,4,0,0,283,559,2,1
7404,20050727,1,0,0,501,513,2,2
7405,20050727,4,0,0,504,502,1,2
7406,20050727,9,1,3,40,309,2,1
7407,20050727,5,1,1,74,680,1,2
7408,20050727,3,0,0,396,135,2,2
7409,20050727,3,0,0,17,512,1,1
7410,20050727,2,0,0,295,342,1,1
7411,20050727,9,1,6,117,114,1,1
7412,20050727,7,0,0,331,212,1,2
7413,20050727,3,0,0,55,639,2,1
7414,20050727,6,1,1,141,722,1,1
7415,20050727,5,1,1,555,964,1,1
7416,20050727,1,0,0,451,141,2,1
7417,20050727,3,0,0,576,648,1,1
7418,20050727,1,0,0,29,665,1,2
7419,20050727,9,1,5,69,757,2,2
7420,20050727,2,0,0,285,767,2,2
7421,20050727,9,1,3,456,776,1,1
7422,20050727,7,1,2,367,862,2,1
7423,20050727,1,0,0,372,145,2,2
7424,20050727,5,0,0,420,143,1,2
7425,20050727,5,1,1,404,96,1,1
7426,20050727,2,0,0,240,966,2,1
7427,20050727,7,0,0,119,559,1,2
7428,20050727,8,1,2,106,55,1,2
7429,20050727,9,1,3,78,467,1,1
7430,20050727,4,0,0,376,914,2,2
7431,20050727,4,1,1,145,857,2,1
7432,20050727,1,0,0,463,696,2,2
7433,20050727,5,0,0,422,380,1,1
7434,20050727,1,0,0,121,643,2,1
7435,20050727,2,0,0,419,345,2,1
7436,20050727,4,0,0,77,67,2,2
7437,20050727,1,0,0,220,574,1,2
7438,20050727,8,1,4,478,301,1,1
7439,20050727,8,1,5,262,891,2,1
7440,20050727,7,0,0,126,323,2,1
7441,20050727,4,1,1,369,879,2,1
7442,20050727,1,0,0,524,541,2,1
7443,20050727,1,0,0,419,154,1,1
7444,20050727,0,0,0,288,24,1,1
7445,20050727,4,1,1,480,895,1,1
7446,20050727,1,0,0,318,508,2,1
7447,20050727,2,0,0,16,390,1,1
7448,20050727,1,0,0,181,784,1,1
7449,20050727,5,0,0,219,451,2,1
7450,20050727,7,1,2,446,766,1,1
7451,20050727,6,1,3,299,519,2,2
7452,20050727,7,1,4,296,763,2,2
7453,20050727,2,0,0,299,656,2,1
7454,20050727,3,0,0,490,715,1,1
7455,20050727,3,0,0,20,835,2,1
7456,20050727,1,0,0,417,427,1,2
7457,20050727,2,0,0,434,793,1,2
7458,20050727,4,1,1,508,650,1,1
7459,20050727,6,1,1,574,446,1,2
7460,20050727,1,0,0,119,204,1,2
7461,20050727,1,0,0,71,273,2,1
7462,20050727,2,0,0,166,193,2,2
7463,20050727,2,0,0,365,804,2,2
7464,20050727,1,0,0,206,185,1,2
7465,20050727,3,0,0,339,512,2,1
7466,20050727,3,0,0,291,612,2,1
7467,20050727,7,1,4,279,846,1,2
7468,20050727,7,1,1,581,695,1,2
7469,20050727,3,0,0,73,814,2,1
7470,20050727,9,1,6,123,65,2,2
7471,20050727,2,0,0,217,385,2,1
7472,20050727,6,1,1,370,336,1,2
7473,20050727,8,1,1,361,89,1,1
7474,20050727,2,0,0,88,651,1,1
7475,20050727,8,1,4,400,365,1,2
7476,20050727,3,0,0,85,496,1,2
7477,20050727,6,1,3,289,590,2,1
7478,20050727,8,1,1,127,830,2,2
7479,20050727,2,0,0,405,49,1,1
7480,20050727,5,0,0,506,100,1,1
7481,20050727,1,0,0,279,392,1,2
7482,20050727,8,1,5,494,109,1,2
7483,20050727,2,0,0,430,804,2,2
7484,20050727,4,0,0,90,602,2,2
7485,20050727,2,0,0,42,137,2,1
7486,20050727,6,0,0,437,951,2,2
7487,20050727,0,0,0,316,973,1,1
7488,20050727,8,1,4,293,121,1,1
7489,20050727,3,0,0,539,816,1,2
7490,20050727,7,0,0,98,983,1,1
7491,20050727,1,0,0,240,927,1,2
7492,20050727,3,0,0,488,201,1,2
7493,20050727,5,0,0,336,628,2,2
7494,20050727,2,0,0,203,488,2,1
7495,20050727,2,0,0,221,755,2,1
7496,20050727,6,1,1,352,534,2,1
7497,20050727,3,0,0,139,64,2,1
7498,20050727,2,0,0,34,253,1,1
7499,20050727,2,0,0,378,767,2,1
7500,20050727,1,0,0,441,132,1,1
7501,20050727,7,1,3,322,320,2,2
7502,20050727,0,0,0,595,709,2,2
7503,20050727,8,1,5,173,126,2,2
7504,20050727,3,0,0,100,737,1,2
7505,20050727,6,1,3,187,295,2,1
7506,20050727,8,1,5,32,453,1,1
7507,20050727,5,0,0,537,790,1,1
7508,20050727,4,1,1,347,746,1,1
7509,20050727,7,1,3,68,898,1,2
7510,20050727,4,0,0,352,353,2,2
7511,20050727,8,1,2,51,880,2,2
7512,20050727,8,1,3,69,296,1,1
7513,20050727,6,0,0,239,208,1,2
7514,20050727,1,0,0,440,89,1,2
7515,20050727,5,1,2,503,269,2,2
7516,20050727,2,0,0,151,471,1,1
7517,20050727,7,0,0,22,697,2,1
7518,20050727,6,0,0,352,587,1,1
7519,20050727,8,1,5,516,873,1,1
7520,20050727,0,0,0,446,847,2,1
7521,20050727,6,0,0,4,690,2,1
7522,20050727,5,0,0,263,443,2,1
7523,20050727,0,0,0,74,902,1,1
7524,20050727,6,1,3,182,936,2,1
7525,20050727,7,1,2,91,890,2,2
7526,20050727,8,1,3,440,152,1,2
7527,20050727,8,1,5,221,460,2,1
7528,20050727,6,0,0,596,270,2,1
7529,20050727,9,1,6,471,796,1,1
7530,20050727,3,0,0,532,834,2,2
7531,20050727,9,1,5,271,522,2,2
7532,20050727,3,0,0,287,147,2,1
7533,20050727,8,1,5,97,389,1,2
7534,20050727,8,1,2,422,492,1,2
7535,20050727,9,1,4,236,168,1,1
7536,20050727,5,1,1,37,748,2,1
7537,20050727,4,1,1,573,973,2,1
7538,20050727,5,1,1,70,545,1,1
7539,20050727,9,1,4,152,403,1,1
7540,20050727,7,1,2,175,476,1,2
7541,20050727,1,0,0,43,892,2,1
7542,20050727,2,0,0,88,416,1,1
7543,20050727,7,1,4,550,285,1,2
7544,20050727,8,1,2,116,167,1,2
7545,20050727,5,0,0,533,557,2,2
7546,20050727,8,1,3,147,805,2,2
7547,20050727,9,1,2,285,377,2,2
7548,20050727,5,0,0,126,474,2,1
7549,20050727,8,1,2,51,383,1,1
7550,20050727,1,0,0,393,980,2,2
7551,20050727,3,0,0,389,578,2,2
7552,20050727,1,0,0,539,468,1,1
7553,20050727,6,1,1,569,358,2,1
7554,20050727,7,1,2,220,392,1,2
7555,20050727,5,0,0,82,749,2,2
7556,20050727,0,0,0,394,173,2,2
7557,20050727,1,0,0,527,692,2,1
7558,20050727,2,0,0,368,119,2,1
7559,20050727,9,1,3,549,143,1,2
7560,20050727,6,0,0,376,782,1,2
7561,20050727,7,1,4,570,753,1,1
7562,20050727,4,1,1,509,966,1,2
7563,20050727,4,0,0,582,595,1,2
7564,20050727,4,0,0,570,634,2,2
7565,20050727,2,0,0,166,230,1,2
7566,20050727,4,0,0,33,391,2,1
7567,20050727,2,0,0,562,237,1,1
7568,20050727,1,0,0,218,346,2,1
7569,20050727,8,1,4,6,502,2,2
7570,20050727,1,0,0,88,700,2,1
7571,20050727,2,0,0,256,843,1,1
7572,20050727,4,1,1,586,674,1,1
7573,20050727,7,0,0,325,70,2,1
7574,20050727,1,0,0,523,67,2,2
7575,20050727,1,0,0,331,154,1,1
7576,20050727,6,1,1,233,740,2,2
7577,20050727,8,1,3,29,597,2,2
7578,20050727,2,0,0,29,915,1,1
7579,20050727,3,0,0,69,112,1,2
7580,20050727,8,1,4,212,74,2,1
7581,20050727,1,0,0,314,445,2,1
7582,20050727,1,0,0,415,859,1,2
7583,20050727,7,1,1,369,634,2,2
7584,20050727,6,0,0,469,959,1,2
7585,20050727,2,0,0,194,103,1,1
7586,20050727,1,0,0,211,3,2,1
7587,20050727,4,1,1,581,142,1,1
7588,20050727,7,1,4,421,879,1,1
7589,20050727,7,1,4,204,344,2,1
7590,20050727,0,0,0,491,465,1,2
7591,20050727,5,0,0,272,141,1,1
7592,20050727,2,0,0,211,893,2,2
7593,20050727,5,0,0,75,255,2,1
7594,20050727,5,0,0,112,709,2,1
7595,20050727,6,1,2,503,939,2,1
7596,20050727,4,0,0,569,455,1,2
7597,20050727,2,0,0,108,625,2,1
7598,20050727,1,0,0,599,992,2,2
7599,20050727,0,0,0,137,720,2,1
7600,20050727,9,1,2,16,765,1,1
7601,20050727,1,0,0,68,200,2,1
7602,20050727,7,1,3,509,553,2,1
7603,20050727,1,0,0,542,25,1,1
7604,20050727,8,1,2,592,814,1,2
7605,20050727,6,0,0,493,305,1,1
7606,20050728,1,0,0,172,138,2,2
7607,20050728,3,0,0,479,854,2,1
7608,20050728,0,0,0,192,278,1,1
7609,20050728,3,0,0,435,798,1,1
7610,20050728,3,0,0,251,283,1,1
7611,20050728,0,0,0,325,735,2,1
7612,20050728,2,0,0,424,309,1,1
7613,20050728,9,1,2,190,924,2,2
7614,20050728,1,0,0,194,762,2,1
7615,20050728,3,0,0,409,849,1,1
7616,20050728,2,0,0,379,830,2,1
7617,20050728,4,0,0,588,638,1,1
7618,20050728,4,1,1,210,169,1,1
7619,20050728,2,0,0,209,235,2,2
7620,20050728,3,0,0,401,206,2,1
7621,20050728,8,1,3,473,398,2,1
7622,20050728,3,0,0,369,873,2,2
7623,20050728,7,1,2,257,253,2,2
7624,20050728,2,0,0,359,604,2,1
7625,20050728,5,0,0,567,687,2,1
7626,20050728,2,0,0,251,913,2,1
7627,20050728,5,0,0,478,170,2,1
7628,20050728,6,1,2,67,274,2,1
7629,20050728,2,0,0,38,535,1,1
7630,20050728,3,0,0,453,614,2,2
7631,20050728,4,1,1,463,531,2,2
7632,20050728,2,0,0,568,710,1,2
7633,20050728,4,0,0,158,907,1,2
7634,20050728,3,0,0,293,980,1,1
7635,20050728,4,0,0,185,11,1,2
7636,20050728,6,1,1,557,45,1,1
7637,20050728,5,0,0,64,18,1,1
7638,20050728,0,0,0,510,412,1,1
7639,20050728,0,0,0,257,167,1,1
7640,20050728,6,1,3,38,662,1,1
7641,20050728,7,1,3,528,408,1,1
7642,20050728,4,0,0,591,870,2,2
7643,20050728,7,1,4,470,953,1,1
7644,20050728,3,0,0,23,194,1,2
7645,20050728,6,0,0,8,181,2,2
7646,20050728,3,0,0,400,353,1,1
7647,20050728,3,0,0,253,677,1,1
7648,20050728,7,1,1,49,174,1,2
7649,20050728,0,0,0,413,594,1,1
7650,20050728,8,1,1,585,153,1,2
7651,20050728,6,0,0,286,603,2,2
7652,20050728,2,0,0,496,18,2,2
7653,20050728,0,0,0,377,177,2,2
7654,20050728,3,0,0,421,226,2,2
7655,20050728,2,0,0,357,585,2,2
7656,20050728,3,0,0,425,39,2,1
7657,20050728,7,1,2,518,504,1,1
7658,20050728,1,0,0,125,391,1,2
7659,20050728,5,0,0,165,354,1,2
7660,20050728,2,0,0,356,958,1,2
7661,20050728,8,1,1,355,672,2,2
7662,20050728,6,1,2,183,228,1,1
7663,20050728,2,0,0,594,182,1,2
7664,20050728,1,0,0,399,433,2,1
7665,20050728,3,0,0,28,319,2,1
7666,20050728,8,1,1,169,150,2,2
7667,20050728,8,1,4,60,527,1,1
7668,20050728,5,1,2,237,848,1,1
7669,20050728,0,0,0,511,575,2,1
7670,20050728,1,0,0,536,299,1,2
7671,20050728,2,0,0,119,759,2,1
7672,20050728,6,1,3,246,124,2,1
7673,20050728,8,1,1,366,516,2,1
7674,20050728,8,1,1,336,149,2,1
7675,20050728,3,0,0,73,31,2,1
7676,20050728,4,0,0,237,246,2,2
7677,20050728,2,0,0,521,975,2,1
7678,20050728,9,1,4,434,745,2,1
7679,20050728,5,1,1,154,236,2,1
7680,20050728,6,1,1,148,388,1,2
7681,20050728,1,0,0,468,261,1,2
7682,20050728,7,1,1,554,725,2,2
7683,20050728,6,1,3,491,382,1,1
7684,20050728,3,0,0,350,738,2,2
7685,20050728,3,0,0,191,479,1,2
7686,20050728,7,1,4,363,464,1,2
7687,20050728,5,0,0,45,150,2,2
7688,20050728,9,1,3,150,263,1,2
7689,20050728,3,0,0,290,391,2,2
7690,20050728,0,0,0,330,239,2,1
7691,20050728,1,0,0,564,346,2,1
7692,20050728,2,0,0,155,59,2,1
7693,20050728,3,0,0,425,543,1,2
7694,20050728,3,0,0,80,635,2,1
7695,20050728,9,1,5,326,601,2,2
7696,20050728,9,1,5,164,759,2,2
7697,20050728,6,1,1,255,864,1,2
7698,20050728,7,0,0,559,797,1,2
7699,20050728,4,0,0,291,944,2,2
7700,20050728,8,1,4,516,775,2,2
7701,20050728,4,0,0,317,351,1,2
7702,20050728,2,0,0,402,57,1,1
7703,20050728,8,1,5,173,464,2,1
7704,20050728,6,1,1,141,509,2,1
7705,20050728,7,1,2,351,239,1,2
7706,20050728,1,0,0,404,222,1,2
7707,20050728,0,0,0,377,562,1,1
7708,20050728,7,0,0,307,88,2,1
7709,20050728,3,0,0,313,832,1,2
7710,20050728,6,0,0,40,813,2,2
7711,20050728,1,0,0,221,591,2,2
7712,20050728,4,0,0,70,716,2,2
7713,20050728,5,1,1,414,439,1,2
7714,20050728,5,0,0,456,208,1,2
7715,20050728,7,1,3,537,705,1,2
7716,20050728,6,1,3,365,327,1,2
7717,20050728,1,0,0,257,159,2,2
7718,20050728,1,0,0,356,784,2,2
7719,20050728,7,1,3,367,544,1,1
7720,20050728,7,1,2,590,42,2,2
7721,20050728,3,0,0,472,482,1,1
7722,20050728,1,0,0,268,838,2,1
7723,20050728,2,0,0,303,718,2,2
7724,20050728,7,1,2,173,77,1,1
7725,20050728,7,1,2,454,417,2,1
7726,20050728,7,1,3,21,564,2,1
7727,20050728,5,1,1,236,491,2,2
7728,20050728,3,0,0,48,109,2,1
7729,20050728,2,0,0,15,327,1,1
7730,20050728,6,0,0,488,685,2,2
7731,20050728,0,0,0,185,335,1,1
7732,20050728,1,0,0,561,786,2,1
7733,20050728,8,1,5,529,2,2,2
7734,20050728,2,0,0,220,598,1,2
7735,20050728,3,0,0,249,861,2,2
7736,20050728,7,1,1,387,976,1,2
7737,20050728,6,0,0,147,273,2,1
7738,20050728,6,0,0,254,16,2,2
7739,20050728,1,0,0,199,341,1,2
7740,20050728,3,0,0,484,789,2,2
7741,20050728,4,0,0,51,855,1,1
7742,20050728,8,1,3,458,392,2,2
7743,20050728,6,1,1,593,632,1,2
7744,20050728,3,0,0,346,406,2,1
7745,20050728,9,1,5,296,227,2,2
7746,20050728,7,1,2,277,39,1,1
7747,20050728,6,0,0,222,385,2,1
7748,20050728,2,0,0,359,771,2,2
7749,20050728,3,0,0,377,784,2,1
7750,20050728,8,1,4,502,179,1,2
7751,20050728,8,1,3,4,967,2,1
7752,20050728,6,1,3,187,480,1,1
7753,20050728,9,1,2,288,676,1,1
7754,20050728,0,0,0,94,432,1,1
7755,20050728,9,1,6,259,275,2,2
7756,20050728,8,1,4,481,352,2,2
7757,20050728,2,0,0,230,755,2,1
7758,20050728,5,0,0,227,945,1,2
7759,20050728,6,0,0,20,741,2,1
7760,20050728,5,1,2,37,90,2,1
7761,20050728,1,0,0,564,780,2,2
7762,20050728,8,1,4,452,710,1,2
7763,20050728,5,1,2,247,537,2,2
7764,20050728,1,0,0,535,773,2,2
7765,20050728,2,0,0,555,892,2,1
7766,20050728,9,1,2,533,609,1,2
7767,20050728,8,1,3,498,73,1,2
7768,20050728,1,0,0,236,535,1,1
7769,20050728,2,0,0,495,715,2,1
7770,20050728,9,1,3,512,326,1,1
7771,20050728,2,0,0,181,225,1,1
7772,20050728,4,0,0,92,220,1,1
7773,20050728,1,0,0,419,900,2,2
7774,20050728,5,1,2,200,763,2,1
7775,20050728,5,0,0,528,831,1,2
7776,20050728,4,0,0,300,906,2,1
7777,20050728,0,0,0,231,967,1,1
7778,20050728,7,1,4,577,233,1,1
7779,20050728,2,0,0,319,800,2,1
7780,20050728,8,1,2,410,675,1,1
7781,20050728,8,1,1,584,118,1,2
7782,20050728,7,1,1,587,825,1,1
7783,20050728,3,0,0,333,835,2,2
7784,20050728,8,1,1,408,789,1,1
7785,20050728,4,0,0,135,930,2,1
7786,20050728,0,0,0,431,494,2,1
7787,20050728,8,1,3,242,473,2,2
7788,20050728,5,0,0,447,19,1,1
7789,20050728,9,1,5,221,622,2,1
7790,20050728,1,0,0,73,505,2,1
7791,20050728,1,0,0,131,179,1,1
7792,20050728,7,1,4,410,816,2,1
7793,20050728,6,0,0,204,5,2,1
7794,20050728,9,1,5,434,985,1,2
7795,20050728,3,0,0,348,283,1,1
7796,20050728,4,1,1,209,135,2,2
7797,20050728,2,0,0,198,910,2,1
7798,20050728,3,0,0,410,723,1,1
7799,20050728,5,0,0,95,467,2,2
7800,20050728,0,0,0,269,743,2,2
7801,20050728,2,0,0,379,445,2,1
7802,20050728,1,0,0,157,245,2,1
7803,20050728,6,1,3,259,753,2,1
7804,20050728,2,0,0,116,129,2,2
7805,20050728,6,1,3,509,704,2,1
7806,20050728,9,1,5,194,941,1,1
7807,20050728,3,0,0,562,476,2,2
7808,20050728,5,1,1,508,882,1,1
7809,20050728,4,1,1,395,901,2,1
7810,20050728,4,1,1,547,6,2,2
7811,20050728,2,0,0,309,850,1,2
7812,20050728,3,0,0,475,994,1,2
7813,20050728,1,0,0,239,916,2,2
7814,20050728,4,0,0,144,584,1,2
7815,20050728,1,0,0,216,776,2,2
7816,20050728,1,0,0,100,311,2,2
7817,20050728,2,0,0,200,131,1,1
7818,20050728,1,0,0,433,365,2,1
7819,20050728,5,1,2,432,698,1,2
7820,20050728,8,1,5,257,978,1,1
7821,20050728,5,0,0,353,263,2,2
7822,20050728,3,0,0,373,313,1,1
7823,20050728,9,1,6,450,17,2,1
7824,20050728,8,1,5,243,484,2,2
7825,20050728,8,1,3,494,945,2,1
7826,20050728,7,1,2,576,322,1,2
7827,20050728,2,0,0,102,143,1,1
7828,20050728,2,0,0,548,373,1,1
7829,20050728,7,1,1,496,22,1,1
7830,20050728,7,0,0,33,981,1,2
7831,20050728,1,0,0,269,970,1,2
7832,20050728,6,0,0,46,64,2,1
7833,20050728,6,0,0,404,258,2,1
7834,20050728,2,0,0,514,896,2,2
7835,20050728,4,1,1,285,9,1,2
7836,20050728,8,1,3,500,384,2,1
7837,20050728,1,0,0,63,23,1,1
7838,20050728,0,0,0,132,481,1,1
7839,20050728,7,1,2,518,203,2,1
7840,20050728,8,1,1,324,637,2,1
7841,20050728,2,0,0,298,243,2,2
7842,20050728,6,1,1,578,534,2,2
7843,20050728,4,0,0,490,863,2,2
7844,20050728,8,1,5,530,917,2,2
7845,20050728,7,1,1,69,8,2,2
7846,20050728,8,1,2,268,914,1,2
7847,20050728,5,1,1,326,787,1,2
7848,20050728,7,1,3,193,35,1,2
7849,20050728,9,1,5,152,222,2,2
7850,20050728,5,0,0,560,640,2,2
7851,20050728,7,0,0,290,786,1,2
7852,20050728,1,0,0,236,759,2,1
7853,20050728,1,0,0,413,882,1,1
7854,20050728,4,0,0,320,773,1,1
7855,20050728,2,0,0,346,542,1,2
7856,20050728,1,0,0,140,518,2,2
7857,20050728,3,0,0,245,877,2,2
7858,20050728,8,1,1,33,220,2,1
7859,20050728,6,1,2,285,744,2,1
7860,20050728,7,1,1,121,524,2,1
7861,20050728,9,1,2,184,387,2,1
7862,20050728,8,1,5,277,551,1,1
7863,20050728,1,0,0,553,269,2,1
7864,20050728,6,1,2,383,274,1,1
7865,20050728,8,1,4,425,506,2,2
7866,20050728,6,1,3,455,350,2,2
7867,20050728,2,0,0,180,155,2,2
7868,20050728,2,0,0,163,785,1,1
7869,20050728,6,1,3,157,659,2,1
7870,20050728,3,0,0,279,216,1,1
7871,20050728,8,1,4,150,869,2,2
7872,20050728,3,0,0,486,181,1,1
7873,20050728,2,0,0,529,647,1,2
7874,20050728,9,1,6,505,653,1,1
7875,20050728,5,1,1,562,807,2,1
7876,20050728,6,1,3,497,778,2,1
7877,20050728,8,1,4,162,564,2,1
7878,20050728,1,0,0,274,343,1,1
7879,20050728,2,0,0,462,429,2,1
7880,20050728,5,0,0,553,803,2,2
7881,20050728,5,0,0,116,117,1,1
7882,20050728,1,0,0,67,856,1,1
7883,20050728,4,0,0,550,99,1,1
7884,20050728,2,0,0,230,846,2,1
7885,20050728,7,1,4,84,936,1,1
7886,20050728,7,1,2,69,54,1,2
7887,20050728,4,1,1,290,619,2,1
7888,20050728,4,0,0,114,119,1,1
7889,20050728,1,0,0,381,687,1,1
7890,20050728,2,0,0,598,755,1,1
7891,20050728,8,1,3,10,794,1,2
7892,20050728,2,0,0,426,596,2,1
7893,20050728,4,0,0,543,672,2,1
7894,20050728,5,0,0,546,773,1,2
7895,20050728,5,0,0,122,200,1,2
7896,20050728,7,1,4,87,778,1,2
7897,20050728,3,0,0,490,305,2,1
7898,20050728,6,1,2,269,588,2,1
7899,20050728,5,1,2,531,897,2,2
7900,20050728,7,0,0,128,610,2,2
7901,20050728,3,0,0,374,970,1,1
7902,20050728,1,0,0,227,674,1,2
7903,20050728,2,0,0,120,608,2,1
7904,20050728,8,1,5,541,71,2,2
7905,20050728,4,0,0,34,933,1,1
7906,20050728,4,0,0,534,270,1,2
7907,20050728,2,0,0,353,715,2,1
7908,20050728,6,1,3,421,796,2,2
7909,20050728,1,0,0,593,737,1,1
7910,20050728,8,1,5,513,444,2,2
7911,20050728,0,0,0,173,86,1,1
7912,20050728,8,1,4,449,163,2,1
7913,20050728,7,1,1,257,871,2,1
7914,20050728,2,0,0,481,614,1,1
7915,20050728,7,1,3,199,452,2,2
7916,20050728,1,0,0,517,847,2,1
7917,20050728,1,0,0,381,449,2,1
7918,20050728,7,1,1,244,12,2,2
7919,20050728,8,1,3,253,462,2,1
7920,20050728,7,1,1,445,12,2,1
7921,20050728,4,1,1,432,23,1,2
7922,20050728,5,0,0,462,178,1,2
7923,20050728,7,1,3,252,491,2,1
7924,20050728,1,0,0,354,142,1,2
7925,20050728,5,1,2,245,382,2,1
7926,20050728,7,1,2,222,39,2,1
7927,20050728,7,0,0,398,280,1,1
7928,20050728,7,1,2,244,203,2,1
7929,20050728,3,0,0,37,581,1,2
7930,20050728,1,0,0,5,911,1,1
7931,20050728,8,1,3,454,418,1,2
7932,20050728,1,0,0,452,817,1,1
7933,20050728,0,0,0,180,697,1,2
7934,20050728,6,1,3,29,579,2,2
7935,20050728,7,0,0,452,800,2,2
7936,20050728,2,0,0,590,122,1,2
7937,20050728,0,0,0,326,859,2,1
7938,20050728,7,1,1,166,565,1,1
7939,20050728,2,0,0,107,436,2,2
7940,20050728,0,0,0,366,200,2,2
7941,20050728,3,0,0,521,97,1,1
7942,20050728,3,0,0,164,357,2,2
7943,20050728,6,1,1,442,640,2,2
7944,20050728,1,0,0,562,691,1,1
7945,20050728,6,1,1,211,732,1,1
7946,20050728,6,1,2,106,20,1,2
7947,20050728,4,0,0,260,550,1,2
7948,20050728,7,1,4,145,48,2,1
7949,20050728,4,1,1,447,464,1,1
7950,20050728,8,1,4,391,494,2,2
7951,20050728,8,1,3,475,867,1,1
7952,20050728,3,0,0,561,729,2,1
7953,20050728,8,1,2,342,976,2,2
7954,20050728,1,0,0,471,816,2,2
7955,20050728,1,0,0,406,331,2,1
7956,20050728,9,1,4,560,945,1,2
7957,20050728,7,1,1,222,354,2,1
7958,20050728,1,0,0,558,92,2,1
7959,20050728,4,0,0,57,340,1,2
7960,20050728,6,1,2,129,596,2,1
7961,20050728,3,0,0,77,723,2,1
7962,20050728,6,0,0,54,379,2,1
7963,20050728,9,1,5,323,204,2,2
7964,20050728,5,1,1,273,555,2,2
7965,20050728,1,0,0,151,803,2,1
7966,20050728,9,1,4,64,552,2,1
7967,20050728,6,1,3,530,444,1,1
7968,20050728,6,0,0,392,845,2,1
7969,20050728,7,1,3,236,481,1,1
7970,20050728,4,0,0,512,222,2,1
7971,20050728,4,1,1,13,415,2,1
7972,20050728,3,0,0,573,644,1,2
7973,20050728,0,0,0,124,858,2,2
7974,20050728,5,1,1,419,533,1,2
7975,20050728,7,1,1,90,562,1,1
7976,20050728,7,1,2,387,500,1,1
7977,20050728,4,0,0,87,694,1,2
7978,20050728,3,0,0,35,113,2,2
7979,20050728,5,0,0,395,727,2,2
7980,20050728,7,1,3,30,228,2,1
7981,20050728,7,1,1,155,18,2,2
7982,20050728,0,0,0,393,145,2,2
7983,20050728,0,0,0,339,398,2,1
7984,20050728,7,1,2,184,636,1,1
7985,20050728,6,1,3,397,876,1,2
7986,20050728,7,1,2,484,284,1,1
7987,20050728,8,1,5,60,65,2,2
7988,20050728,7,0,0,492,638,2,1
7989,20050728,7,1,3,549,702,2,2
7990,20050728,3,0,0,377,42,2,2
7991,20050728,1,0,0,213,251,2,2
7992,20050728,1,0,0,266,403,1,1
7993,20050728,4,1,1,340,643,2,2
7994,20050728,1,0,0,31,531,1,2
7995,20050728,3,0,0,15,117,2,2
7996,20050728,7,1,2,483,468,2,2
7997,20050728,6,1,3,51,402,1,1
7998,20050728,3,0,0,489,306,1,2
7999,20050728,9,1,3,232,603,1,2
8000,20050728,9,1,4,548,358,2,1
8001,20050728,8,1,2,254,563,1,1
8002,20050728,3,0,0,259,4,2,2
8003,20050728,7,0,0,15,609,2,1
8004,20050728,2,0,0,437,968,1,2
8005,20050728,0,0,0,335,146,1,1
8006,20050728,8,1,3,467,863,1,2
8007,20050728,1,0,0,272,423,1,2
8008,20050728,6,1,3,22,453,2,1
8009,20050728,6,1,2,249,74,2,2
8010,20050728,7,1,3,325,13,2,2
8011,20050728,1,0,0,542,930,1,1
8012,20050728,7,0,0,337,330,2,2
8013,20050728,8,1,3,235,450,1,1
8014,20050728,3,0,0,297,508,2,1
8015,20050728,1,0,0,310,394,1,2
8016,20050728,2,0,0,282,114,2,2
8017,20050728,4,1,1,241,382,2,1
8018,20050728,9,1,6,255,897,2,1
8019,20050728,7,1,4,320,402,1,2
8020,20050728,7,1,3,380,974,1,1
8021,20050728,6,1,1,417,417,1,1
8022,20050728,8,1,3,61,67,1,1
8023,20050728,2,0,0,239,461,2,1
8024,20050728,4,0,0,106,378,1,1
8025,20050728,6,0,0,219,644,2,2
8026,20050728,1,0,0,115,918,2,2
8027,20050728,8,1,5,75,295,1,1
8028,20050728,7,1,3,360,596,1,1
8029,20050728,7,1,3,487,930,1,1
8030,20050728,3,0,0,495,578,1,1
8031,20050728,5,0,0,350,475,2,2
8032,20050728,0,0,0,423,95,2,1
8033,20050728,2,0,0,298,929,1,1
8034,20050728,7,1,4,230,434,2,2
8035,20050728,7,1,3,551,329,1,1
8036,20050728,3,0,0,201,601,2,2
8037,20050728,2,0,0,366,865,2,2
8038,20050728,2,0,0,495,271,2,1
8039,20050728,1,0,0,242,434,2,1
8040,20050728,5,0,0,283,992,2,2
8041,20050728,2,0,0,461,166,2,1
8042,20050728,7,0,0,551,942,1,2
8043,20050728,3,0,0,497,46,2,1
8044,20050728,5,0,0,119,193,2,1
8045,20050728,5,0,0,256,751,2,1
8046,20050728,3,0,0,134,630,2,1
8047,20050728,5,0,0,533,645,1,2
8048,20050728,9,1,4,553,597,2,1
8049,20050728,3,0,0,504,147,1,1
8050,20050728,4,0,0,335,406,2,1
8051,20050728,1,0,0,196,963,1,1
8052,20050728,6,1,3,314,537,2,2
8053,20050728,6,0,0,550,330,2,2
8054,20050728,8,1,4,182,236,2,1
8055,20050728,3,0,0,389,904,1,2
8056,20050728,6,0,0,145,875,2,2
8057,20050728,5,1,2,511,908,2,1
8058,20050728,6,1,3,294,464,2,1
8059,20050728,2,0,0,249,572,2,2
8060,20050728,8,1,4,497,823,2,1
8061,20050728,7,1,1,325,141,1,2
8062,20050728,1,0,0,156,304,1,2
8063,20050728,6,0,0,283,207,1,1
8064,20050728,7,0,0,335,829,2,2
8065,20050728,6,1,1,502,91,1,2
8066,20050728,3,0,0,452,705,1,2
8067,20050728,1,0,0,187,856,1,1
8068,20050728,0,0,0,39,46,2,2
8069,20050728,1,0,0,57,619,2,1
8070,20050728,4,0,0,15,351,1,1
8071,20050728,5,0,0,527,566,1,2
8072,20050728,2,0,0,474,511,1,1
8073,20050728,4,1,1,61,137,2,2
8074,20050728,1,0,0,298,341,2,1
8075,20050728,0,0,0,487,469,2,2
8076,20050728,7,1,4,429,48,2,2
8077,20050728,1,0,0,391,716,1,2
8078,20050728,2,0,0,470,841,1,2
8079,20050728,0,0,0,468,778,2,2
8080,20050728,1,0,0,592,666,1,2
8081,20050728,7,1,2,42,963,1,1
8082,20050728,6,0,0,152,679,1,2
8083,20050728,7,1,2,495,473,1,2
8084,20050728,6,1,1,418,202,1,2
8085,20050728,6,0,0,92,672,2,2
8086,20050728,2,0,0,173,263,1,2
8087,20050728,5,0,0,436,416,2,2
8088,20050728,9,1,5,337,568,2,2
8089,20050728,6,0,0,485,309,2,1
8090,20050728,4,1,1,139,295,1,2
8091,20050728,4,0,0,54,664,2,2
8092,20050728,2,0,0,192,443,1,2
8093,20050728,8,1,4,82,312,2,1
8094,20050728,7,1,3,468,930,2,2
8095,20050728,9,1,6,504,589,2,1
8096,20050728,8,1,4,248,112,1,1
8097,20050728,8,1,4,75,596,2,1
8098,20050728,3,0,0,22,382,1,2
8099,20050728,1,0,0,253,808,2,2
8100,20050728,4,0,0,297,626,2,2
8101,20050728,2,0,0,565,160,1,1
8102,20050728,6,0,0,475,983,1,2
8103,20050728,6,1,3,426,977,2,1
8104,20050728,6,1,2,82,241,1,2
8105,20050728,1,0,0,61,291,1,1
8106,20050728,2,0,0,360,215,1,2
8107,20050728,7,1,2,518,291,1,2
8108,20050728,5,1,2,436,350,2,2
8109,20050728,2,0,0,470,141,2,1
8110,20050728,7,1,4,182,275,1,1
8111,20050728,1,0,0,425,708,2,1
8112,20050728,5,1,1,6,533,1,1
8113,20050728,8,1,3,270,929,1,2
8114,20050728,7,1,3,193,177,2,1
8115,20050728,5,0,0,430,451,1,2
8116,20050728,1,0,0,298,982,1,1
8117,20050728,8,1,4,216,329,1,1
8118,20050728,4,0,0,521,73,2,1
8119,20050728,6,0,0,41,337,2,2
8120,20050728,2,0,0,133,870,1,2
8121,20050728,4,1,1,307,482,1,2
8122,20050728,1,0,0,371,463,1,2
8123,20050728,7,1,4,94,488,1,1
8124,20050728,2,0,0,461,264,2,1
8125,20050728,1,0,0,545,944,2,1
8126,20050728,7,1,1,547,158,1,2
8127,20050728,3,0,0,383,928,1,2
8128,20050728,8,1,1,393,629,2,2
8129,20050728,3,0,0,388,559,1,2
8130,20050728,7,1,3,269,882,1,2
8131,20050728,5,0,0,91,97,1,2
8132,20050728,5,0,0,376,287,2,2
8133,20050728,4,0,0,399,186,2,1
8134,20050728,5,1,1,22,369,2,2
8135,20050728,5,1,2,520,295,2,2
8136,20050728,4,1,1,301,753,1,2
8137,20050728,5,0,0,459,699,1,1
8138,20050728,3,0,0,396,279,1,2
8139,20050728,5,0,0,336,797,2,2
8140,20050728,1,0,0,153,929,1,1
8141,20050728,1,0,0,591,79,2,2
8142,20050728,2,0,0,11,239,2,2
8143,20050728,3,0,0,301,792,2,1
8144,20050728,2,0,0,5,777,2,2
8145,20050728,7,0,0,369,207,1,2
8146,20050728,2,0,0,71,531,1,2
8147,20050728,1,0,0,68,136,1,1
8148,20050728,4,0,0,309,117,2,1
8149,20050728,3,0,0,51,389,1,2
8150,20050728,4,1,1,542,764,2,1
8151,20050728,2,0,0,81,953,1,1
8152,20050728,8,1,2,443,560,2,2
8153,20050728,3,0,0,309,469,2,2
8154,20050728,4,0,0,296,263,1,2
8155,20050728,4,0,0,450,664,1,2
8156,20050728,3,0,0,352,431,2,1
8157,20050728,6,1,1,521,203,2,1
8158,20050728,4,0,0,252,942,2,2
8159,20050728,6,1,3,50,247,2,1
8160,20050728,7,1,2,94,534,1,2
8161,20050728,6,0,0,464,186,1,1
8162,20050728,6,1,1,16,960,2,1
8163,20050728,2,0,0,378,417,1,1
8164,20050728,1,0,0,399,366,1,2
8165,20050728,4,0,0,83,759,1,1
8166,20050728,5,1,1,504,852,2,2
8167,20050728,6,1,3,439,698,1,1
8168,20050728,1,0,0,293,248,2,1
8169,20050728,9,1,4,509,890,2,1
8170,20050728,6,1,3,350,547,2,1
8171,20050728,1,0,0,218,741,2,1
8172,20050728,9,1,5,30,274,1,1
8173,20050728,8,1,1,29,956,1,2
8174,20050728,6,0,0,9,103,1,1
8175,20050728,9,1,2,301,139,1,2
8176,20050728,6,1,2,309,772,1,2
8177,20050728,5,0,0,391,809,2,2
8178,20050728,5,0,0,302,620,2,2
8179,20050728,1,0,0,321,638,1,2
8180,20050728,3,0,0,91,710,1,1
8181,20050728,8,1,1,406,78,2,2
8182,20050728,4,1,1,47,895,2,2
8183,20050728,6,0,0,153,338,2,2
8184,20050728,2,0,0,441,276,1,1
8185,20050728,2,0,0,579,535,1,1
8186,20050728,2,0,0,262,925,1,1
8187,20050728,5,1,2,137,210,2,1
8188,20050728,3,0,0,254,838,1,2
8189,20050728,6,1,1,70,770,2,2
8190,20050728,6,1,3,103,496,2,1
8191,20050728,3,0,0,237,385,2,2
8192,20050728,1,0,0,92,57,1,1
8193,20050728,3,0,0,189,525,1,2
8194,20050728,0,0,0,112,254,1,1
8195,20050728,6,1,2,28,869,2,1
8196,20050728,8,1,5,31,753,2,1
8197,20050728,7,1,4,470,897,1,2
8198,20050728,8,1,2,227,383,1,2
8199,20050728,7,0,0,465,89,2,1
8200,20050728,0,0,0,258,78,1,1
8201,20050728,3,0,0,448,49,2,2
8202,20050728,5,0,0,490,833,1,2
8203,20050728,2,0,0,432,848,1,2
8204,20050728,4,1,1,41,542,1,1
8205,20050728,1,0,0,405,646,2,2
8206,20050728,6,1,3,102,652,1,1
8207,20050728,8,1,4,528,266,1,1
8208,20050728,3,0,0,14,300,2,2
8209,20050728,9,1,5,449,545,1,2
8210,20050728,8,1,5,216,750,1,1
8211,20050728,6,1,1,306,406,1,1
8212,20050728,6,0,0,24,288,1,2
8213,20050728,2,0,0,429,835,2,2
8214,20050728,9,1,2,193,78,1,2
8215,20050728,5,1,1,142,641,2,2
8216,20050728,8,1,4,55,478,2,1
8217,20050728,5,1,2,43,820,1,2
8218,20050728,4,0,0,321,608,2,1
8219,20050728,5,0,0,170,789,1,2
8220,20050728,2,0,0,421,236,2,2
8221,20050728,4,0,0,110,689,2,1
8222,20050728,7,1,2,514,657,2,1
8223,20050728,5,1,1,422,985,1,1
8224,20050728,4,1,1,325,434,2,1
8225,20050728,1,0,0,22,792,2,2
8226,20050729,3,0,0,256,774,1,2
8227,20050729,2,0,0,192,60,1,1
8228,20050729,5,0,0,407,426,2,2
8229,20050729,2,0,0,380,930,1,2
8230,20050729,8,1,1,574,421,2,2
8231,20050729,2,0,0,19,241,1,1
8232,20050729,8,1,2,550,716,2,1
8233,20050729,5,0,0,130,358,1,2
8234,20050729,5,0,0,170,140,1,2
8235,20050729,5,0,0,5,347,1,2
8236,20050729,2,0,0,334,414,1,2
8237,20050729,8,1,2,2,132,1,1
8238,20050729,4,0,0,5,646,1,2
8239,20050729,0,0,0,482,862,1,1
8240,20050729,7,0,0,193,430,2,2
8241,20050729,5,1,2,176,936,2,1
8242,20050729,7,1,3,474,113,2,2
8243,20050729,6,1,2,500,408,2,2
8244,20050729,7,1,2,181,341,1,2
8245,20050729,7,1,3,464,733,1,2
8246,20050729,7,1,3,575,376,1,2
8247,20050729,8,1,4,584,572,1,2
8248,20050729,7,1,3,125,439,1,2
8249,20050729,9,1,5,311,733,1,2
8250,20050729,6,0,0,82,986,2,1
8251,20050729,5,1,2,483,503,1,2
8252,20050729,2,0,0,352,729,2,1
8253,20050729,9,1,2,304,521,1,1
8254,20050729,5,0,0,155,388,2,2
8255,20050729,3,0,0,205,812,2,1
8256,20050729,2,0,0,547,324,2,2
8257,20050729,6,0,0,521,664,1,1
8258,20050729,6,0,0,198,303,1,2
8259,20050729,3,0,0,208,76,1,2
8260,20050729,7,0,0,509,924,1,1
8261,20050729,6,0,0,485,416,2,2
8262,20050729,4,1,1,424,295,2,2
8263,20050729,2,0,0,496,6,1,2
8264,20050729,5,0,0,181,655,1,2
8265,20050729,8,1,1,366,521,2,2
8266,20050729,1,0,0,169,430,2,1
8267,20050729,6,1,2,527,893,2,2
8268,20050729,7,0,0,219,922,1,1
8269,20050729,6,0,0,438,609,2,1
8270,20050729,0,0,0,422,779,2,1
8271,20050729,9,1,6,500,17,1,2
8272,20050729,5,1,1,442,13,2,2
8273,20050729,8,1,1,586,922,2,2
8274,20050729,3,0,0,588,578,1,2
8275,20050729,1,0,0,224,969,1,1
8276,20050729,5,0,0,86,535,1,1
8277,20050729,6,0,0,517,286,1,2
8278,20050729,7,1,1,141,167,2,2
8279,20050729,5,0,0,4,841,1,1
8280,20050729,7,1,4,171,269,1,2
8281,20050729,6,0,0,2,200,1,1
8282,20050729,7,0,0,452,218,2,2
8283,20050729,7,1,3,216,436,1,2
8284,20050729,9,1,6,233,953,1,2
8285,20050729,5,0,0,164,149,1,2
8286,20050729,8,1,5,137,891,2,1
8287,20050729,9,1,3,57,176,2,1
8288,20050729,7,1,2,427,396,2,2
8289,20050729,8,1,5,257,1000,2,2
8290,20050729,4,0,0,452,837,2,2
8291,20050729,5,1,2,34,619,1,2
8292,20050729,9,1,3,196,871,2,1
8293,20050729,6,0,0,393,181,2,2
8294,20050729,4,0,0,590,393,1,1
8295,20050729,1,0,0,592,448,1,1
8296,20050729,2,0,0,473,557,2,1
8297,20050729,2,0,0,402,826,2,1
8298,20050729,7,0,0,519,212,1,2
8299,20050729,1,0,0,23,391,1,2
8300,20050729,6,0,0,431,951,2,2
8301,20050729,3,0,0,455,122,1,2
8302,20050729,0,0,0,370,290,1,2
8303,20050729,6,0,0,273,354,1,1
8304,20050729,3,0,0,153,969,1,2
8305,20050729,8,1,1,521,855,1,2
8306,20050729,3,0,0,377,373,1,1
8307,20050729,8,1,4,62,702,2,2
8308,20050729,6,1,1,331,131,1,2
8309,20050729,3,0,0,233,486,2,1
8310,20050729,8,1,4,228,578,2,2
8311,20050729,3,0,0,566,791,1,1
8312,20050729,1,0,0,515,870,2,1
8313,20050729,3,0,0,64,600,2,1
8314,20050729,8,1,1,560,471,2,2
8315,20050729,0,0,0,220,311,1,2
8316,20050729,5,1,2,482,895,2,1
8317,20050729,4,1,1,359,851,1,1
8318,20050729,1,0,0,192,987,2,2
8319,20050729,2,0,0,374,163,2,2
8320,20050729,4,0,0,357,284,2,1
8321,20050729,2,0,0,58,409,1,1
8322,20050729,4,0,0,270,68,1,1
8323,20050729,7,1,1,137,608,1,2
8324,20050729,3,0,0,532,321,1,1
8325,20050729,8,1,2,42,206,2,1
8326,20050729,3,0,0,298,22,1,2
8327,20050729,2,0,0,156,644,1,1
8328,20050729,5,1,2,61,973,1,1
8329,20050729,7,1,2,332,760,2,1
8330,20050729,7,1,4,201,499,1,2
8331,20050729,6,1,1,425,4,1,1
8332,20050729,4,0,0,226,253,1,1
8333,20050729,4,0,0,147,180,2,2
8334,20050729,9,1,3,128,219,1,2
8335,20050729,2,0,0,515,374,2,2
8336,20050729,7,1,4,593,460,1,1
8337,20050729,3,0,0,378,164,2,2
8338,20050729,9,1,6,87,488,2,2
8339,20050729,1,0,0,105,408,1,2
8340,20050729,9,1,4,525,341,1,1
8341,20050729,5,0,0,268,915,1,1
8342,20050729,3,0,0,414,727,1,1
8343,20050729,3,0,0,267,928,1,1
8344,20050729,7,1,1,352,49,2,1
8345,20050729,4,0,0,105,231,2,1
8346,20050729,2,0,0,300,542,1,1
8347,20050729,1,0,0,378,963,2,2
8348,20050729,6,1,2,583,989,1,2
8349,20050729,7,1,1,381,117,1,1
8350,20050729,2,0,0,357,814,2,2
8351,20050729,1,0,0,190,649,2,2
8352,20050729,8,1,1,96,595,1,2
8353,20050729,0,0,0,17,6,1,1
8354,20050729,3,0,0,261,978,1,2
8355,20050729,5,0,0,416,999,1,1
8356,20050729,7,1,3,511,647,2,1
8357,20050729,2,0,0,304,199,1,1
8358,20050729,2,0,0,249,317,2,2
8359,20050729,6,1,1,288,28,1,1
8360,20050729,3,0,0,572,898,1,1
8361,20050729,4,1,1,421,746,2,1
8362,20050729,5,1,2,382,496,1,2
8363,20050729,7,1,3,117,351,2,1
8364,20050729,0,0,0,42,300,2,2
8365,20050729,1,0,0,374,11,1,2
8366,20050729,6,0,0,62,105,2,1
8367,20050729,3,0,0,7,993,2,1
8368,20050729,8,1,2,523,309,1,1
8369,20050729,2,0,0,512,319,2,2
8370,20050729,8,1,2,195,268,2,1
8371,20050729,1,0,0,281,539,1,1
8372,20050729,8,1,1,591,165,1,1
8373,20050729,5,1,1,571,449,2,1
8374,20050729,6,1,2,145,242,1,1
8375,20050729,5,0,0,462,793,1,2
8376,20050729,3,0,0,163,785,1,2
8377,20050729,0,0,0,491,60,1,2
8378,20050729,4,0,0,309,767,1,1
8379,20050729,8,1,4,306,852,2,2
8380,20050729,3,0,0,471,493,2,1
8381,20050729,2,0,0,89,190,2,1
8382,20050729,4,1,1,228,71,2,1
8383,20050729,5,1,1,81,834,2,2
8384,20050729,3,0,0,170,833,2,2
8385,20050729,4,0,0,149,893,2,1
8386,20050729,6,0,0,99,86,1,2
8387,20050729,2,0,0,450,202,1,1
8388,20050729,7,1,1,57,167,2,2
8389,20050729,7,1,3,344,274,2,2
8390,20050729,6,1,1,204,127,1,2
8391,20050729,4,0,0,253,462,1,2
8392,20050729,3,0,0,162,292,2,2
8393,20050729,8,1,4,562,739,1,1
8394,20050729,5,1,2,425,857,2,1
8395,20050729,2,0,0,76,322,1,2
8396,20050729,0,0,0,67,853,1,2
8397,20050729,2,0,0,518,774,1,1
8398,20050729,3,0,0,502,77,1,2
8399,20050729,5,0,0,367,52,2,1
8400,20050729,1,0,0,305,805,1,2
8401,20050729,3,0,0,377,686,1,1
8402,20050729,9,1,4,50,42,2,1
8403,20050729,3,0,0,283,300,2,1
8404,20050729,8,1,4,162,452,2,1
8405,20050729,9,1,3,304,467,2,2
8406,20050729,7,1,2,208,445,1,1
8407,20050729,5,1,1,224,654,2,1
8408,20050729,1,0,0,106,401,1,2
8409,20050729,2,0,0,595,940,1,1
8410,20050729,4,0,0,372,756,2,1
8411,20050729,8,1,5,201,678,1,1
8412,20050729,7,1,3,459,162,2,1
8413,20050729,4,1,1,160,606,2,2
8414,20050729,8,1,5,353,295,1,2
8415,20050729,4,0,0,415,638,1,1
8416,20050729,7,1,1,264,435,1,2
8417,20050729,8,1,4,170,164,2,2
8418,20050729,6,0,0,289,677,2,2
8419,20050729,7,1,4,107,1000,1,1
8420,20050729,7,0,0,438,911,1,1
8421,20050729,4,0,0,120,745,2,2
8422,20050729,5,1,1,597,682,1,1
8423,20050729,7,1,2,191,42,2,1
8424,20050729,8,1,1,94,80,1,2
8425,20050729,7,1,4,318,764,2,2
8426,20050729,9,1,2,123,400,1,2
8427,20050729,1,0,0,2,354,2,2
8428,20050729,7,1,4,41,558,2,2
8429,20050729,1,0,0,120,536,1,1
8430,20050729,5,0,0,21,741,1,2
8431,20050729,3,0,0,306,347,1,1
8432,20050729,0,0,0,414,851,1,1
8433,20050729,6,1,1,462,427,1,1
8434,20050729,1,0,0,274,8,2,2
8435,20050729,4,0,0,590,975,1,2
8436,20050729,2,0,0,489,593,2,2
8437,20050729,6,1,2,545,459,2,1
8438,20050729,6,0,0,354,158,1,1
8439,20050729,6,1,2,205,40,2,1
8440,20050729,5,1,2,181,109,2,1
8441,20050729,5,0,0,550,223,2,2
8442,20050729,4,0,0,258,947,1,2
8443,20050729,3,0,0,168,235,2,2
8444,20050729,6,1,1,596,732,1,1
8445,20050729,6,1,1,95,613,1,1
8446,20050729,7,1,3,133,349,2,2
8447,20050729,6,0,0,297,206,2,2
8448,20050729,4,0,0,437,948,2,1
8449,20050729,0,0,0,341,572,2,2
8450,20050729,3,0,0,286,107,2,1
8451,20050729,7,1,4,81,728,2,1
8452,20050729,7,1,3,539,939,2,2
8453,20050729,0,0,0,204,638,2,1
8454,20050729,4,0,0,403,34,2,2
8455,20050729,6,0,0,294,880,1,1
8456,20050729,6,0,0,397,146,1,2
8457,20050729,6,1,2,240,739,2,1
8458,20050729,3,0,0,156,844,2,1
8459,20050729,5,0,0,33,755,1,1
8460,20050729,8,1,3,30,620,2,2
8461,20050729,8,1,3,384,740,2,1
8462,20050729,5,0,0,523,793,1,1
8463,20050729,5,0,0,242,103,1,1
8464,20050729,4,0,0,212,510,1,2
8465,20050729,1,0,0,228,894,1,2
8466,20050729,1,0,0,296,873,1,1
8467,20050729,8,1,2,454,58,2,2
8468,20050729,3,0,0,422,295,1,1
8469,20050729,6,1,2,483,604,2,2
8470,20050729,1,0,0,24,813,2,2
8471,20050729,3,0,0,82,331,2,1
8472,20050729,3,0,0,169,651,2,1
8473,20050729,2,0,0,439,900,1,1
8474,20050729,2,0,0,326,947,1,1
8475,20050729,6,1,1,84,808,2,2
8476,20050729,7,1,3,594,818,1,1
8477,20050729,7,1,3,58,781,2,2
8478,20050729,3,0,0,159,818,2,1
8479,20050729,2,0,0,171,434,1,1
8480,20050729,7,1,4,325,768,2,1
8481,20050729,3,0,0,345,378,2,2
8482,20050729,2,0,0,20,590,1,2
8483,20050729,4,0,0,199,611,1,1
8484,20050729,1,0,0,84,162,2,1
8485,20050729,1,0,0,556,697,1,1
8486,20050729,3,0,0,271,382,1,2
8487,20050729,2,0,0,529,412,2,2
8488,20050729,3,0,0,263,470,1,1
8489,20050729,3,0,0,141,83,1,2
8490,20050729,7,0,0,179,423,1,2
8491,20050729,4,0,0,109,392,1,1
8492,20050729,3,0,0,25,993,2,2
8493,20050729,5,0,0,503,143,2,2
8494,20050729,2,0,0,46,771,2,1
8495,20050729,7,1,3,557,76,1,2
8496,20050729,3,0,0,166,167,1,1
8497,20050729,4,0,0,558,399,2,2
8498,20050729,5,0,0,501,976,2,1
8499,20050729,7,1,1,504,49,2,1
8500,20050729,2,0,0,494,986,1,1
8501,20050729,1,0,0,268,234,2,2
8502,20050729,1,0,0,571,464,2,1
8503,20050729,6,1,3,279,257,2,2
8504,20050729,8,1,5,559,499,1,2
8505,20050729,7,1,3,442,319,1,1
8506,20050729,1,0,0,248,812,2,1
8507,20050729,8,1,1,250,721,1,2
8508,20050729,3,0,0,126,907,1,2
8509,20050729,6,1,1,368,294,2,1
8510,20050729,6,0,0,447,1,2,2
8511,20050729,8,1,1,489,803,1,2
8512,20050729,2,0,0,453,897,2,1
8513,20050729,2,0,0,535,693,2,1
8514,20050729,0,0,0,474,821,2,2
8515,20050729,6,1,1,541,239,1,2
8516,20050729,3,0,0,295,219,1,1
8517,20050729,8,1,5,208,448,1,2
8518,20050729,3,0,0,300,502,1,1
8519,20050729,4,1,1,120,257,2,2
8520,20050729,3,0,0,370,532,2,2
8521,20050729,8,1,4,158,572,2,2
8522,20050729,8,1,3,307,794,1,1
8523,20050729,5,0,0,420,789,2,1
8524,20050729,4,0,0,516,457,2,1
8525,20050729,0,0,0,580,292,2,2
8526,20050729,5,0,0,473,125,2,1
8527,20050729,7,1,1,96,155,1,2
8528,20050729,9,1,4,450,457,1,1
8529,20050729,3,0,0,417,235,1,1
8530,20050729,1,0,0,149,988,2,1
8531,20050729,7,1,2,47,356,2,1
8532,20050729,4,0,0,111,668,1,2
8533,20050729,2,0,0,246,120,1,1
8534,20050729,3,0,0,67,878,2,1
8535,20050729,1,0,0,476,980,2,1
8536,20050729,1,0,0,21,985,1,2
8537,20050729,8,1,4,444,227,1,2
8538,20050729,6,1,2,245,824,2,1
8539,20050729,0,0,0,45,130,2,2
8540,20050729,9,1,2,136,118,1,2
8541,20050729,1,0,0,588,218,1,1
8542,20050729,0,0,0,596,173,1,1
8543,20050729,4,0,0,442,89,2,1
8544,20050729,8,1,3,246,91,1,2
8545,20050729,8,1,2,173,717,2,2
8546,20050729,5,1,1,143,708,1,2
8547,20050729,5,0,0,599,193,1,1
8548,20050729,6,1,3,551,738,2,2
8549,20050729,7,1,2,43,407,1,2
8550,20050729,1,0,0,456,295,2,2
8551,20050729,6,0,0,588,451,2,2
8552,20050729,7,1,3,138,433,1,2
8553,20050729,9,1,6,458,580,1,1
8554,20050729,1,0,0,331,343,1,2
8555,20050729,0,0,0,371,611,1,2
8556,20050729,0,0,0,234,613,1,2
8557,20050729,9,1,6,257,324,1,1
8558,20050729,2,0,0,108,256,2,1
8559,20050729,5,0,0,260,450,2,2
8560,20050729,3,0,0,428,767,1,2
8561,20050729,6,1,1,506,477,2,1
8562,20050729,0,0,0,400,786,1,2
8563,20050729,6,0,0,122,12,1,2
8564,20050729,7,1,2,211,621,1,1
8565,20050729,7,1,2,374,706,1,1
8566,20050729,1,0,0,59,437,2,1
8567,20050729,4,0,0,97,352,2,2
8568,20050729,6,1,3,538,350,1,2
8569,20050729,1,0,0,494,61,2,2
8570,20050729,7,1,3,527,680,2,1
8571,20050729,4,0,0,470,387,1,2
8572,20050729,3,0,0,103,618,2,1
8573,20050729,8,1,1,435,357,2,1
8574,20050729,4,0,0,393,647,2,2
8575,20050729,4,1,1,2,364,1,2
8576,20050729,4,0,0,378,776,2,2
8577,20050729,9,1,4,241,115,1,1
8578,20050729,4,0,0,425,817,1,1
8579,20050729,0,0,0,375,880,2,2
8580,20050729,6,0,0,349,880,1,1
8581,20050729,3,0,0,55,456,2,2
8582,20050729,4,1,1,159,184,1,1
8583,20050729,6,0,0,446,688,2,1
8584,20050729,1,0,0,324,361,2,1
8585,20050729,4,1,1,67,114,1,2
8586,20050729,8,1,2,63,603,2,1
8587,20050729,5,0,0,332,422,2,1
8588,20050729,1,0,0,381,626,2,1
8589,20050729,6,1,1,479,356,1,1
8590,20050729,8,1,5,166,551,1,1
8591,20050729,3,0,0,143,562,2,2
8592,20050729,5,0,0,210,425,2,2
8593,20050729,8,1,2,568,571,2,1
8594,20050729,3,0,0,339,902,1,1
8595,20050729,9,1,5,152,708,2,2
8596,20050729,5,0,0,149,11,2,2
8597,20050729,7,1,4,431,917,1,1
8598,20050729,2,0,0,574,136,1,2
8599,20050729,4,0,0,526,259,1,1
8600,20050729,2,0,0,386,326,2,2
8601,20050729,8,1,5,568,715,1,1
8602,20050729,4,0,0,85,871,2,2
8603,20050729,6,0,0,97,660,1,2
8604,20050729,2,0,0,454,853,1,2
8605,20050729,8,1,3,205,833,2,1
8606,20050729,1,0,0,588,881,2,1
8607,20050729,1,0,0,224,934,2,2
8608,20050729,1,0,0,93,652,1,2
8609,20050729,7,1,3,58,870,2,2
8610,20050729,4,0,0,424,918,2,2
8611,20050729,9,1,3,409,132,2,2
8612,20050729,8,1,5,155,771,1,2
8613,20050729,7,1,1,239,86,2,2
8614,20050729,6,1,1,92,131,2,1
8615,20050729,4,1,1,189,973,1,1
8616,20050729,3,0,0,519,567,1,1
8617,20050729,7,1,3,2,85,2,2
8618,20050729,8,1,1,416,220,1,2
8619,20050729,7,1,2,485,468,2,1
8620,20050729,3,0,0,317,813,2,1
8621,20050729,0,0,0,225,542,1,2
8622,20050729,2,0,0,532,888,1,2
8623,20050729,6,1,3,535,101,1,1
8624,20050729,3,0,0,267,962,1,2
8625,20050729,9,1,3,74,194,2,2
8626,20050729,3,0,0,425,680,1,1
8627,20050729,7,0,0,386,921,1,2
8628,20050729,7,1,1,132,979,2,2
8629,20050729,5,0,0,448,187,2,2
8630,20050729,4,0,0,592,303,1,2
8631,20050729,7,1,1,148,19,2,1
8632,20050729,9,1,6,424,363,2,1
8633,20050729,2,0,0,183,753,2,2
8634,20050729,8,1,2,507,440,1,1
8635,20050729,2,0,0,7,636,1,2
8636,20050729,4,1,1,536,938,2,1
8637,20050729,5,0,0,49,239,1,1
8638,20050729,2,0,0,418,884,2,1
8639,20050729,4,0,0,585,767,2,1
8640,20050729,2,0,0,352,409,1,2
8641,20050729,4,0,0,495,702,2,2
8642,20050729,5,1,2,406,861,1,1
8643,20050729,6,0,0,213,84,1,1
8644,20050729,5,1,2,61,984,1,2
8645,20050729,1,0,0,76,556,1,2
8646,20050729,5,0,0,117,18,1,2
8647,20050729,7,1,3,37,121,1,2
8648,20050729,2,0,0,381,35,1,2
8649,20050729,8,1,1,3,172,2,2
8650,20050729,5,0,0,151,282,1,2
8651,20050729,8,1,2,487,454,1,2
8652,20050729,9,1,6,21,599,1,2
8653,20050729,3,0,0,423,970,2,2
8654,20050729,9,1,4,320,856,2,1
8655,20050729,5,1,1,377,869,1,1
8656,20050729,2,0,0,135,304,1,2
8657,20050729,2,0,0,410,702,1,1
8658,20050729,9,1,3,47,443,1,2
8659,20050729,8,1,4,96,121,2,2
8660,20050729,7,1,2,521,686,1,2
8661,20050729,7,1,2,361,747,2,2
8662,20050729,0,0,0,42,822,2,2
8663,20050729,1,0,0,576,284,1,1
8664,20050729,6,1,1,262,44,2,1
8665,20050729,2,0,0,141,247,1,2
8666,20050729,8,1,1,51,803,1,1
8667,20050729,2,0,0,385,754,2,1
8668,20050729,3,0,0,393,989,1,2
8669,20050729,2,0,0,286,364,1,2
8670,20050729,3,0,0,233,512,2,2
8671,20050729,7,1,2,497,313,1,1
8672,20050729,8,1,5,81,90,1,2
8673,20050729,5,0,0,299,468,1,1
8674,20050729,1,0,0,201,379,2,1
8675,20050729,1,0,0,144,229,2,1
8676,20050729,7,1,1,82,63,2,2
8677,20050729,9,1,6,264,114,1,2
8678,20050729,6,1,2,593,870,1,1
8679,20050729,4,0,0,476,776,1,1
8680,20050729,2,0,0,546,272,1,1
8681,20050729,3,0,0,268,872,2,2
8682,20050729,5,0,0,494,944,1,2
8683,20050729,9,1,5,357,854,2,1
8684,20050729,8,1,5,258,536,2,2
8685,20050729,9,1,4,358,397,1,1
8686,20050729,2,0,0,478,903,2,2
8687,20050729,2,0,0,197,50,1,1
8688,20050729,0,0,0,8,489,1,1
8689,20050729,3,0,0,447,180,2,2
8690,20050729,2,0,0,570,285,2,2
8691,20050729,3,0,0,233,147,1,2
8692,20050729,2,0,0,473,702,1,2
8693,20050729,2,0,0,557,204,1,1
8694,20050729,7,1,3,388,112,1,1
8695,20050729,8,1,3,374,152,1,1
8696,20050729,9,1,2,57,559,2,1
8697,20050729,4,0,0,570,98,1,2
8698,20050729,5,1,2,129,651,2,2
8699,20050729,9,1,4,236,890,1,1
8700,20050729,1,0,0,169,812,1,2
8701,20050729,9,1,4,477,693,2,2
8702,20050729,6,0,0,317,479,2,2
8703,20050729,1,0,0,267,237,1,1
8704,20050729,5,1,1,16,458,2,2
8705,20050729,3,0,0,574,879,2,1
8706,20050729,5,0,0,78,633,2,1
8707,20050729,3,0,0,378,555,1,2
8708,20050729,5,1,1,188,882,1,1
8709,20050729,4,0,0,587,200,2,1
8710,20050729,1,0,0,521,744,2,1
8711,20050729,1,0,0,327,760,2,1
8712,20050729,5,0,0,22,615,2,2
8713,20050729,3,0,0,353,104,2,2
8714,20050729,5,0,0,42,993,1,2
8715,20050729,2,0,0,297,189,2,1
8716,20050729,5,1,2,445,460,1,2
8717,20050729,3,0,0,84,395,2,2
8718,20050729,3,0,0,310,27,1,2
8719,20050729,2,0,0,26,222,2,1
8720,20050729,5,0,0,136,31,2,2
8721,20050729,4,0,0,459,527,2,2
8722,20050729,9,1,6,286,304,2,1
8723,20050729,8,1,5,62,50,1,1
8724,20050729,2,0,0,249,200,1,1
8725,20050729,5,0,0,219,521,1,2
8726,20050729,7,0,0,366,200,1,1
8727,20050729,4,0,0,6,665,1,2
8728,20050729,8,1,5,361,216,2,1
8729,20050729,1,0,0,472,734,2,2
8730,20050729,3,0,0,178,912,1,1
8731,20050729,7,1,4,435,579,1,1
8732,20050729,9,1,4,442,253,1,2
8733,20050729,4,0,0,251,699,1,1
8734,20050729,7,1,2,595,518,1,1
8735,20050729,4,0,0,338,632,1,2
8736,20050729,0,0,0,14,376,2,2
8737,20050729,7,1,1,157,902,1,2
8738,20050729,3,0,0,593,850,2,2
8739,20050729,3,0,0,454,939,2,1
8740,20050729,2,0,0,114,828,2,1
8741,20050729,4,0,0,356,35,2,2
8742,20050729,4,0,0,184,204,1,1
8743,20050729,2,0,0,422,585,2,2
8744,20050729,6,1,2,374,242,2,1
8745,20050729,7,1,1,479,383,1,2
8746,20050729,0,0,0,569,471,1,1
8747,20050729,0,0,0,456,567,1,1
8748,20050729,2,0,0,475,471,2,1
8749,20050729,2,0,0,460,487,2,1
8750,20050729,1,0,0,561,693,2,2
8751,20050729,2,0,0,525,760,1,1
8752,20050729,1,0,0,290,914,1,1
8753,20050729,1,0,0,10,296,1,2
8754,20050729,6,1,3,583,366,2,2
8755,20050729,2,0,0,249,328,2,2
8756,20050729,4,1,1,134,901,1,2
8757,20050729,3,0,0,452,761,2,2
8758,20050729,7,1,4,119,618,2,2
8759,20050729,8,1,5,187,184,2,2
8760,20050729,6,1,2,560,779,2,2
8761,20050729,9,1,4,584,291,1,1
8762,20050729,5,0,0,72,608,1,1
8763,20050729,5,0,0,434,83,1,1
8764,20050729,2,0,0,595,511,1,1
8765,20050729,1,0,0,80,577,1,2
8766,20050729,3,0,0,469,849,2,2
8767,20050729,3,0,0,325,214,2,2
8768,20050729,5,1,2,191,350,2,1
8769,20050729,7,0,0,120,471,1,2
8770,20050729,6,1,2,269,877,1,1
8771,20050729,5,0,0,309,773,1,1
8772,20050729,6,1,2,391,772,1,1
8773,20050729,0,0,0,178,26,1,1
8774,20050729,1,0,0,265,70,2,1
8775,20050729,1,0,0,440,300,1,1
8776,20050729,8,1,5,322,344,1,2
8777,20050729,1,0,0,567,538,2,2
8778,20050729,5,1,1,331,798,1,1
8779,20050729,5,0,0,190,714,2,1
8780,20050729,5,0,0,241,244,1,2
8781,20050729,0,0,0,133,819,1,2
8782,20050729,5,0,0,293,957,1,1
8783,20050729,3,0,0,393,503,1,2
8784,20050729,0,0,0,401,501,2,1
8785,20050729,0,0,0,504,49,1,1
8786,20050729,4,0,0,82,525,1,1
8787,20050729,1,0,0,431,515,2,1
8788,20050729,4,0,0,195,748,1,2
8789,20050729,6,1,3,393,673,1,1
8790,20050729,0,0,0,326,164,2,2
8791,20050729,1,0,0,481,366,1,1
8792,20050729,8,1,4,242,823,2,2
8793,20050729,3,0,0,192,395,2,2
8794,20050729,1,0,0,5,768,1,2
8795,20050729,1,0,0,117,413,1,2
8796,20050729,6,1,3,56,483,2,1
8797,20050729,9,1,2,521,644,1,1
8798,20050729,6,0,0,357,174,2,2
8799,20050729,9,1,4,475,73,1,2
8800,20050729,7,0,0,175,451,2,2
8801,20050729,2,0,0,28,246,2,1
8802,20050729,0,0,0,470,67,2,2
8803,20050729,7,1,4,505,618,2,2
8804,20050729,2,0,0,307,975,1,2
8805,20050729,6,0,0,62,880,1,1
8806,20050729,3,0,0,345,890,2,1
8807,20050729,2,0,0,281,573,1,1
8808,20050729,4,1,1,23,129,2,2
8809,20050729,5,0,0,364,722,2,1
8810,20050729,9,1,3,35,273,1,2
8811,20050729,8,1,5,477,444,1,2
8812,20050729,5,1,2,424,260,2,2
8813,20050729,6,1,1,542,755,1,1
8814,20050729,2,0,0,447,327,1,1
8815,20050729,5,0,0,423,760,2,1
8816,20050729,2,0,0,187,869,1,1
8817,20050729,2,0,0,181,596,1,1
8818,20050729,8,1,2,532,679,2,1
8819,20050729,8,1,4,51,681,1,2
8820,20050729,7,1,3,97,106,1,2
8821,20050729,6,0,0,541,10,2,1
8822,20050729,7,1,3,161,162,2,2
8823,20050729,8,1,1,490,212,1,1
8824,20050729,1,0,0,520,767,2,2
8825,20050729,6,0,0,455,194,1,2
8826,20050729,0,0,0,334,391,1,1
8827,20050729,7,1,1,378,331,1,2
8828,20050729,0,0,0,285,351,2,1
8829,20050729,6,1,3,23,321,1,2
8830,20050729,6,0,0,190,380,2,2
8831,20050729,9,1,6,517,771,1,1
8832,20050729,6,0,0,462,84,1,1
8833,20050729,6,1,1,455,378,2,1
8834,20050729,6,1,3,18,978,1,2
8835,20050729,7,1,3,475,581,1,1
8836,20050729,3,0,0,551,719,1,2
8837,20050729,8,1,5,249,9,1,2
8838,20050729,4,1,1,132,26,2,1
8839,20050729,6,0,0,401,754,2,2
8840,20050729,7,1,4,436,324,2,1
8841,20050729,2,0,0,307,858,2,2
8842,20050729,8,1,2,533,914,2,2
8843,20050729,6,1,3,555,90,1,1
8844,20050729,7,1,2,403,73,1,2
8845,20050729,3,0,0,349,666,1,1
8846,20050729,4,0,0,332,640,2,2
8847,20050729,2,0,0,513,898,1,1
8848,20050729,4,1,1,526,651,2,2
8849,20050729,4,0,0,284,937,1,1
8850,20050729,1,0,0,505,78,2,2
8851,20050729,6,1,3,13,48,1,2
8852,20050729,6,0,0,504,252,1,2
8853,20050729,1,0,0,316,504,2,2
8854,20050729,2,0,0,32,301,1,2
8855,20050729,3,0,0,507,958,2,2
8856,20050729,8,1,2,293,646,1,1
8857,20050729,1,0,0,541,297,2,2
8858,20050729,2,0,0,420,518,2,2
8859,20050729,8,1,3,39,131,1,2
8860,20050729,7,1,3,288,623,2,2
8861,20050729,8,1,2,10,166,1,1
8862,20050729,5,1,1,31,204,1,1
8863,20050729,5,0,0,50,15,2,1
8864,20050729,0,0,0,192,504,1,1
8865,20050729,1,0,0,544,398,2,2
8866,20050729,2,0,0,440,334,2,2
8867,20050730,5,1,2,542,304,2,2
8868,20050730,2,0,0,537,272,1,2
8869,20050730,1,0,0,563,949,1,2
8870,20050730,9,1,5,106,893,1,2
8871,20050730,9,1,5,567,989,2,1
8872,20050730,2,0,0,199,586,1,1
8873,20050730,5,0,0,64,766,1,2
8874,20050730,3,0,0,123,101,1,2
8875,20050730,5,1,2,195,285,2,2
8876,20050730,3,0,0,261,523,1,1
8877,20050730,1,0,0,457,252,2,1
8878,20050730,2,0,0,385,97,2,2
8879,20050730,7,0,0,165,648,2,2
8880,20050730,2,0,0,557,641,2,1
8881,20050730,5,1,2,560,438,1,1
8882,20050730,4,0,0,74,97,2,2
8883,20050730,5,1,1,96,311,2,2
8884,20050730,6,1,2,368,670,1,1
8885,20050730,7,1,3,220,654,2,1
8886,20050730,9,1,6,143,321,1,1
8887,20050730,5,1,2,87,895,2,1
8888,20050730,2,0,0,365,620,1,2
8889,20050730,3,0,0,420,758,2,1
8890,20050730,6,1,2,594,798,2,1
8891,20050730,7,1,4,99,891,2,2
8892,20050730,7,0,0,363,347,1,2
8893,20050730,2,0,0,303,234,1,1
8894,20050730,1,0,0,92,446,2,1
8895,20050730,1,0,0,147,707,1,1
8896,20050730,1,0,0,387,778,1,1
8897,20050730,2,0,0,257,428,2,1
8898,20050730,6,1,1,531,863,2,2
8899,20050730,2,0,0,536,901,1,1
8900,20050730,7,0,0,140,672,1,1
8901,20050730,3,0,0,212,960,2,1
8902,20050730,5,1,1,483,654,1,2
8903,20050730,0,0,0,592,992,2,2
8904,20050730,5,0,0,327,790,2,1
8905,20050730,5,1,1,279,465,2,1
8906,20050730,8,1,4,10,586,1,2
8907,20050730,4,0,0,493,711,2,1
8908,20050730,1,0,0,282,982,1,1
8909,20050730,7,1,3,540,572,1,2
8910,20050730,1,0,0,104,232,1,2
8911,20050730,3,0,0,13,467,1,1
8912,20050730,3,0,0,374,367,2,2
8913,20050730,7,1,2,282,95,1,1
8914,20050730,5,0,0,204,297,2,1
8915,20050730,5,1,1,504,665,1,2
8916,20050730,4,0,0,255,843,2,1
8917,20050730,6,1,2,268,974,1,2
8918,20050730,5,1,2,112,558,2,2
8919,20050730,9,1,6,295,872,2,1
8920,20050730,3,0,0,222,889,1,2
8921,20050730,1,0,0,58,228,1,1
8922,20050730,9,1,5,233,369,2,2
8923,20050730,4,1,1,233,529,1,2
8924,20050730,6,1,3,348,496,2,2
8925,20050730,0,0,0,245,821,2,1
8926,20050730,4,0,0,434,804,2,1
8927,20050730,1,0,0,189,61,1,1
8928,20050730,5,0,0,509,154,2,2
8929,20050730,7,1,1,589,767,1,1
8930,20050730,2,0,0,190,245,2,2
8931,20050730,3,0,0,215,4,1,2
8932,20050730,4,1,1,436,990,2,2
8933,20050730,3,0,0,84,363,2,2
8934,20050730,2,0,0,147,708,1,1
8935,20050730,3,0,0,304,64,2,2
8936,20050730,1,0,0,170,308,2,2
8937,20050730,9,1,5,59,525,2,2
8938,20050730,1,0,0,46,878,2,2
8939,20050730,2,0,0,489,908,1,1
8940,20050730,6,1,3,548,344,1,1
8941,20050730,3,0,0,30,901,1,2
8942,20050730,7,0,0,40,956,1,2
8943,20050730,2,0,0,288,809,2,2
8944,20050730,7,1,2,510,769,2,2
8945,20050730,8,1,4,444,315,2,2
8946,20050730,4,1,1,352,768,2,1
8947,20050730,5,0,0,12,75,2,2
8948,20050730,5,0,0,392,211,1,1
8949,20050730,9,1,5,234,631,1,1
8950,20050730,7,1,4,297,662,1,1
8951,20050730,9,1,6,224,25,1,2
8952,20050730,2,0,0,253,961,1,1
8953,20050730,3,0,0,514,117,1,2
8954,20050730,7,0,0,360,220,2,2
8955,20050730,5,1,1,20,989,1,2
8956,20050730,1,0,0,393,461,1,2
8957,20050730,7,1,1,561,176,2,1
8958,20050730,7,1,2,476,341,2,1
8959,20050730,6,1,3,132,768,1,2
8960,20050730,2,0,0,272,86,2,2
8961,20050730,7,1,2,90,805,1,1
8962,20050730,7,0,0,592,970,2,1
8963,20050730,9,1,5,59,20,1,1
8964,20050730,7,1,1,112,63,1,2
8965,20050730,5,1,1,118,527,2,2
8966,20050730,1,0,0,406,414,2,1
8967,20050730,7,1,2,513,336,1,2
8968,20050730,0,0,0,124,493,2,1
8969,20050730,7,1,4,195,444,2,1
8970,20050730,7,0,0,89,645,2,2
8971,20050730,9,1,3,161,782,1,2
8972,20050730,5,0,0,15,430,2,1
8973,20050730,8,1,1,422,196,1,2
8974,20050730,5,0,0,343,741,1,1
8975,20050730,7,1,2,227,724,2,2
8976,20050730,5,0,0,512,462,1,1
8977,20050730,6,1,3,27,892,2,2
8978,20050730,7,1,1,496,155,2,1
8979,20050730,8,1,2,188,305,2,2
8980,20050730,5,0,0,524,672,2,1
8981,20050730,6,1,2,49,964,2,1
8982,20050730,0,0,0,168,250,2,1
8983,20050730,1,0,0,33,406,2,1
8984,20050730,4,1,1,113,460,2,1
8985,20050730,6,0,0,238,697,2,2
8986,20050730,1,0,0,36,870,1,1
8987,20050730,9,1,6,220,314,1,2
8988,20050730,8,1,3,447,170,1,2
8989,20050730,6,0,0,327,212,2,1
8990,20050730,8,1,4,533,408,1,2
8991,20050730,2,0,0,362,991,2,1
8992,20050730,1,0,0,280,979,1,1
8993,20050730,1,0,0,567,412,1,1
8994,20050730,8,1,2,231,334,1,1
8995,20050730,7,1,1,19,782,2,1
8996,20050730,1,0,0,261,429,2,1
8997,20050730,4,0,0,206,186,2,1
8998,20050730,9,1,6,134,345,2,2
8999,20050730,1,0,0,112,758,2,2
9000,20050730,8,1,4,585,823,2,2
9001,20050730,1,0,0,194,805,2,2
9002,20050730,0,0,0,360,421,2,1
9003,20050730,1,0,0,512,351,1,1
9004,20050730,0,0,0,57,827,1,1
9005,20050730,4,0,0,522,34,2,2
9006,20050730,1,0,0,458,730,1,1
9007,20050730,3,0,0,566,618,2,2
9008,20050730,1,0,0,396,785,2,1
9009,20050730,8,1,4,314,898,2,1
9010,20050730,6,1,2,214,370,1,2
9011,20050730,6,1,1,410,614,2,1
9012,20050730,7,1,2,147,788,1,1
9013,20050730,4,0,0,309,515,2,1
9014,20050730,1,0,0,180,69,2,2
9015,20050730,9,1,6,242,897,1,2
9016,20050730,4,1,1,459,938,2,2
9017,20050730,5,0,0,342,731,2,2
9018,20050730,7,1,3,1,432,2,1
9019,20050730,3,0,0,133,210,2,2
9020,20050730,9,1,5,535,370,1,2
9021,20050730,3,0,0,380,147,1,1
9022,20050730,4,1,1,24,977,2,2
9023,20050730,8,1,1,425,639,2,1
9024,20050730,5,1,1,30,35,2,2
9025,20050730,1,0,0,244,485,2,1
9026,20050730,1,0,0,152,333,2,1
9027,20050730,3,0,0,407,99,2,1
9028,20050730,2,0,0,153,590,1,1
9029,20050730,4,1,1,478,480,2,1
9030,20050730,3,0,0,179,484,1,1
9031,20050730,5,0,0,574,518,2,2
9032,20050730,1,0,0,334,972,2,1
9033,20050730,5,1,1,161,748,2,1
9034,20050730,8,1,4,33,842,2,2
9035,20050730,7,0,0,18,829,1,1
9036,20050730,0,0,0,371,173,1,1
9037,20050730,9,1,4,227,840,1,1
9038,20050730,7,1,1,131,49,1,1
9039,20050730,8,1,1,113,981,2,1
9040,20050730,4,0,0,266,86,2,1
9041,20050730,2,0,0,345,245,1,2
9042,20050730,5,0,0,41,608,2,2
9043,20050730,2,0,0,379,897,1,1
9044,20050730,1,0,0,342,831,1,1
9045,20050730,8,1,5,443,987,1,1
9046,20050730,1,0,0,66,378,1,2
9047,20050730,8,1,4,406,57,1,2
9048,20050730,5,1,2,432,857,1,1
9049,20050730,5,1,2,457,574,2,1
9050,20050730,6,1,3,350,21,2,1
9051,20050730,8,1,5,295,402,2,2
9052,20050730,4,0,0,483,736,1,1
9053,20050730,2,0,0,113,556,2,2
9054,20050730,8,1,3,187,626,2,2
9055,20050730,2,0,0,537,138,1,1
9056,20050730,4,0,0,419,951,2,1
9057,20050730,1,0,0,190,690,1,2
9058,20050730,0,0,0,235,916,1,2
9059,20050730,9,1,3,103,105,2,1
9060,20050730,4,0,0,137,951,1,1
9061,20050730,9,1,2,400,420,2,1
9062,20050730,3,0,0,225,610,1,1
9063,20050730,5,1,2,123,625,1,2
9064,20050730,8,1,3,276,310,1,2
9065,20050730,0,0,0,228,77,2,2
9066,20050730,2,0,0,315,44,1,1
9067,20050730,5,1,2,567,791,2,2
9068,20050730,8,1,4,222,489,2,1
9069,20050730,2,0,0,144,403,1,1
9070,20050730,1,0,0,578,807,1,2
9071,20050730,1,0,0,591,692,2,2
9072,20050730,5,1,2,430,990,2,1
9073,20050730,5,1,2,274,472,2,2
9074,20050730,2,0,0,320,714,2,2
9075,20050730,3,0,0,383,420,1,1
9076,20050730,8,1,4,444,110,1,1
9077,20050730,9,1,2,465,942,1,1
9078,20050730,1,0,0,216,213,1,1
9079,20050730,0,0,0,306,463,2,2
9080,20050730,7,1,1,578,19,1,1
9081,20050730,4,1,1,414,667,1,1
9082,20050730,7,1,1,599,880,1,2
9083,20050730,8,1,1,335,100,2,1
9084,20050730,4,1,1,315,861,2,2
9085,20050730,4,0,0,266,745,2,2
9086,20050730,6,0,0,311,610,1,2
9087,20050730,2,0,0,111,881,2,1
9088,20050730,2,0,0,477,747,1,1
9089,20050730,0,0,0,334,109,2,1
9090,20050730,8,1,2,160,751,2,2
9091,20050730,8,1,1,486,486,1,1
9092,20050730,6,1,3,429,409,1,2
9093,20050730,5,1,1,545,478,1,1
9094,20050730,7,1,1,552,592,2,2
9095,20050730,0,0,0,115,663,1,1
9096,20050730,1,0,0,39,118,1,1
9097,20050730,5,0,0,23,123,2,2
9098,20050730,9,1,3,33,281,1,1
9099,20050730,1,0,0,375,130,1,2
9100,20050730,6,1,3,356,895,1,1
9101,20050730,3,0,0,521,695,1,1
9102,20050730,5,0,0,578,255,1,1
9103,20050730,1,0,0,374,833,2,1
9104,20050730,7,1,3,11,739,2,1
9105,20050730,5,1,1,146,971,1,1
9106,20050730,2,0,0,425,645,1,2
9107,20050730,5,1,1,288,238,1,2
9108,20050730,5,0,0,138,867,1,1
9109,20050730,7,0,0,25,172,2,1
9110,20050730,3,0,0,156,322,2,1
9111,20050730,5,1,1,90,35,2,2
9112,20050730,4,0,0,56,88,2,2
9113,20050730,0,0,0,63,852,1,1
9114,20050730,5,1,1,371,199,2,2
9115,20050730,4,1,1,11,820,1,2
9116,20050730,3,0,0,233,641,1,2
9117,20050730,7,1,3,396,670,2,1
9118,20050730,3,0,0,510,991,1,2
9119,20050730,3,0,0,544,61,1,1
9120,20050730,9,1,4,244,28,1,1
9121,20050730,6,1,2,330,681,1,2
9122,20050730,6,0,0,293,136,1,1
9123,20050730,2,0,0,479,820,1,2
9124,20050730,6,0,0,524,993,2,1
9125,20050730,8,1,3,507,73,2,1
9126,20050730,3,0,0,28,981,2,2
9127,20050730,0,0,0,216,895,1,1
9128,20050730,7,1,4,249,796,2,1
9129,20050730,7,1,4,462,583,1,2
9130,20050730,4,1,1,58,374,1,1
9131,20050730,2,0,0,535,135,2,1
9132,20050730,2,0,0,24,89,2,1
9133,20050730,7,1,4,493,90,2,1
9134,20050730,1,0,0,148,832,1,1
9135,20050730,4,0,0,265,179,1,2
9136,20050730,0,0,0,311,377,2,2
9137,20050730,6,1,3,257,184,1,2
9138,20050730,0,0,0,429,559,2,2
9139,20050730,4,0,0,344,616,2,1
9140,20050730,6,1,3,385,892,1,2
9141,20050730,5,1,2,126,678,1,1
9142,20050730,5,0,0,318,976,1,1
9143,20050730,7,1,3,115,649,2,2
9144,20050730,5,0,0,8,157,2,1
9145,20050730,8,1,4,4,121,2,2
9146,20050730,9,1,5,117,107,2,1
9147,20050730,3,0,0,480,906,1,2
9148,20050730,4,1,1,26,308,1,2
9149,20050730,1,0,0,31,577,1,1
9150,20050730,9,1,4,596,621,2,1
9151,20050730,7,1,2,262,863,1,1
9152,20050730,0,0,0,98,788,2,2
9153,20050730,3,0,0,145,818,2,2
9154,20050730,6,1,1,459,125,2,1
9155,20050730,2,0,0,16,829,2,2
9156,20050730,1,0,0,471,380,1,2
9157,20050730,5,0,0,466,31,1,2
9158,20050730,2,0,0,539,875,1,2
9159,20050730,3,0,0,226,273,2,1
9160,20050730,7,1,3,287,40,2,2
9161,20050730,2,0,0,353,216,1,1
9162,20050730,3,0,0,363,913,1,1
9163,20050730,0,0,0,388,995,2,2
9164,20050730,9,1,2,44,970,1,1
9165,20050730,3,0,0,570,879,1,1
9166,20050730,5,1,2,238,69,2,1
9167,20050730,9,1,4,159,388,1,1
9168,20050730,9,1,3,490,443,2,2
9169,20050730,7,1,4,477,344,1,2
9170,20050730,5,0,0,343,931,2,1
9171,20050730,7,1,2,73,397,2,2
9172,20050730,4,0,0,142,152,1,1
9173,20050730,4,0,0,8,456,2,2
9174,20050730,0,0,0,33,578,2,1
9175,20050730,2,0,0,344,79,1,1
9176,20050730,3,0,0,84,583,2,2
9177,20050730,8,1,4,554,242,2,1
9178,20050730,9,1,6,167,444,2,2
9179,20050730,6,0,0,485,12,1,2
9180,20050730,2,0,0,119,763,1,1
9181,20050730,2,0,0,205,862,1,1
9182,20050730,8,1,2,93,556,1,2
9183,20050730,6,1,2,528,941,1,2
9184,20050730,1,0,0,293,10,2,2
9185,20050730,6,1,2,221,490,1,1
9186,20050730,0,0,0,341,985,2,1
9187,20050730,5,1,2,481,873,1,2
9188,20050730,6,1,1,171,159,1,2
9189,20050730,7,0,0,113,988,2,1
9190,20050730,3,0,0,336,966,2,2
9191,20050730,6,1,3,61,111,2,1
9192,20050730,4,1,1,262,517,2,2
9193,20050730,2,0,0,3,760,2,2
9194,20050730,7,0,0,555,540,1,1
9195,20050730,5,0,0,194,209,1,1
9196,20050730,1,0,0,168,936,2,2
9197,20050730,3,0,0,96,706,2,1
9198,20050730,8,1,5,524,517,2,2
9199,20050730,1,0,0,401,945,1,1
9200,20050730,8,1,3,360,722,2,2
9201,20050730,8,1,2,570,958,2,1
9202,20050730,7,0,0,86,988,1,2
9203,20050730,1,0,0,108,458,1,2
9204,20050730,4,0,0,163,956,1,2
9205,20050730,9,1,2,200,905,1,1
9206,20050730,4,0,0,294,439,2,1
9207,20050730,1,0,0,388,296,1,2
9208,20050730,7,1,1,124,603,1,2
9209,20050730,3,0,0,310,859,1,2
9210,20050730,8,1,4,524,20,1,2
9211,20050730,8,1,1,311,130,1,2
9212,20050730,6,1,1,491,457,2,1
9213,20050730,2,0,0,397,40,2,1
9214,20050730,7,1,2,568,620,1,2
9215,20050730,6,0,0,415,785,1,1
9216,20050730,0,0,0,348,610,2,2
9217,20050730,6,0,0,564,342,1,1
9218,20050730,8,1,5,510,23,2,1
9219,20050730,1,0,0,30,168,1,1
9220,20050730,7,0,0,104,538,2,2
9221,20050730,7,1,4,581,548,1,2
9222,20050730,8,1,5,217,796,2,2
9223,20050730,4,0,0,98,709,2,1
9224,20050730,2,0,0,592,489,1,2
9225,20050730,3,0,0,282,434,1,2
9226,20050730,7,1,1,173,940,1,1
9227,20050730,8,1,3,406,512,1,1
9228,20050730,5,0,0,64,505,2,1
9229,20050730,9,1,4,578,827,2,2
9230,20050730,1,0,0,467,266,2,1
9231,20050730,3,0,0,292,348,2,1
9232,20050730,2,0,0,230,434,1,2
9233,20050730,7,1,2,461,504,1,2
9234,20050730,3,0,0,415,362,1,1
9235,20050730,7,1,1,568,219,1,2
9236,20050730,9,1,6,574,878,2,1
9237,20050730,1,0,0,378,609,2,2
9238,20050730,8,1,4,238,737,2,2
9239,20050730,7,1,3,401,376,2,1
9240,20050730,3,0,0,46,127,2,2
9241,20050730,4,1,1,530,901,1,2
9242,20050730,3,0,0,317,165,1,2
9243,20050730,6,1,1,67,193,1,2
9244,20050730,4,0,0,398,795,1,1
9245,20050730,7,1,4,247,567,2,2
9246,20050730,3,0,0,258,744,2,2
9247,20050730,3,0,0,221,893,2,2
9248,20050730,5,0,0,574,303,2,1
9249,20050730,5,1,2,218,438,2,1
9250,20050730,4,0,0,584,992,2,1
9251,20050730,8,1,4,503,647,1,2
9252,20050730,8,1,1,11,511,2,1
9253,20050730,0,0,0,101,911,1,2
9254,20050730,5,1,1,266,110,1,1
9255,20050730,8,1,5,310,350,1,1
9256,20050730,6,0,0,466,875,2,1
9257,20050730,5,0,0,86,573,1,1
9258,20050730,6,0,0,569,437,1,2
9259,20050730,7,1,1,94,19,2,2
9260,20050730,8,1,5,517,865,1,2
9261,20050730,8,1,5,419,82,1,1
9262,20050730,6,1,1,402,504,1,2
9263,20050730,5,0,0,74,15,2,2
9264,20050730,2,0,0,378,887,2,1
9265,20050730,2,0,0,10,810,1,1
9266,20050730,1,0,0,329,371,1,2
9267,20050730,4,0,0,366,140,1,1
9268,20050730,5,0,0,178,785,2,1
9269,20050730,3,0,0,99,119,2,1
9270,20050730,1,0,0,377,153,1,2
9271,20050730,1,0,0,432,583,2,1
9272,20050730,5,1,1,598,298,2,2
9273,20050730,8,1,4,542,408,1,1
9274,20050730,6,1,1,50,967,1,2
9275,20050730,0,0,0,267,416,2,2
9276,20050730,7,1,1,475,334,2,1
9277,20050730,5,1,2,529,816,2,2
9278,20050730,4,0,0,333,828,2,1
9279,20050730,8,1,3,448,239,1,1
9280,20050730,6,1,2,367,893,1,2
9281,20050730,5,1,2,41,678,1,1
9282,20050730,8,1,2,200,161,1,1
9283,20050730,2,0,0,421,405,2,2
9284,20050730,2,0,0,348,866,2,2
9285,20050730,7,1,3,341,806,1,2
9286,20050730,1,0,0,128,542,2,2
9287,20050730,2,0,0,36,445,1,1
9288,20050730,4,1,1,444,579,1,2
9289,20050730,8,1,2,582,86,1,1
9290,20050730,7,1,3,245,491,2,2
9291,20050730,5,0,0,592,633,2,2
9292,20050730,7,1,3,297,370,2,2
9293,20050730,6,1,3,162,366,1,2
9294,20050730,8,1,1,353,540,1,1
9295,20050730,3,0,0,262,110,1,1
9296,20050730,8,1,5,574,891,1,1
9297,20050730,3,0,0,446,767,1,1
9298,20050730,7,1,2,184,457,1,2
9299,20050730,8,1,2,464,331,1,2
9300,20050730,5,0,0,418,358,1,1
9301,20050730,1,0,0,583,239,2,2
9302,20050730,0,0,0,427,505,2,2
9303,20050730,4,0,0,199,937,1,1
9304,20050730,2,0,0,218,645,1,2
9305,20050730,9,1,4,529,271,2,2
9306,20050730,3,0,0,224,868,1,1
9307,20050730,1,0,0,80,839,2,1
9308,20050730,8,1,3,103,476,2,2
9309,20050730,7,1,1,495,790,1,1
9310,20050730,4,0,0,188,648,2,1
9311,20050730,7,1,2,57,313,2,1
9312,20050730,4,0,0,304,544,2,2
9313,20050730,5,0,0,22,887,1,2
9314,20050730,0,0,0,503,513,2,1
9315,20050730,1,0,0,545,98,1,1
9316,20050730,5,1,1,509,964,1,1
9317,20050730,8,1,1,226,899,1,1
9318,20050730,6,1,3,61,529,1,1
9319,20050730,3,0,0,202,886,1,1
9320,20050730,7,1,2,271,202,1,2
9321,20050730,7,1,2,564,777,2,2
9322,20050730,6,1,3,267,50,1,2
9323,20050730,3,0,0,527,820,1,1
9324,20050730,7,1,1,29,273,1,1
9325,20050730,8,1,1,71,421,2,2
9326,20050730,1,0,0,120,825,1,2
9327,20050730,9,1,4,409,77,1,1
9328,20050730,5,1,1,15,242,2,1
9329,20050730,9,1,6,558,285,2,1
9330,20050730,8,1,5,377,919,1,1
9331,20050730,2,0,0,208,486,1,1
9332,20050730,2,0,0,513,255,1,1
9333,20050730,1,0,0,142,302,2,2
9334,20050730,4,0,0,385,328,2,1
9335,20050730,1,0,0,406,226,1,1
9336,20050730,6,0,0,312,416,1,1
9337,20050730,0,0,0,106,514,2,2
9338,20050730,9,1,6,26,324,1,2
9339,20050730,9,1,3,229,696,2,2
9340,20050730,4,0,0,596,709,1,2
9341,20050730,1,0,0,312,199,2,1
9342,20050730,8,1,5,92,503,1,2
9343,20050730,2,0,0,291,771,2,1
9344,20050730,7,1,4,281,225,1,2
9345,20050730,7,1,4,75,444,1,2
9346,20050730,3,0,0,169,624,1,1
9347,20050730,6,1,1,543,777,2,1
9348,20050730,7,1,1,137,687,2,1
9349,20050730,9,1,5,261,818,1,1
9350,20050730,2,0,0,405,174,1,2
9351,20050730,2,0,0,16,447,2,1
9352,20050730,1,0,0,421,574,2,1
9353,20050730,7,1,2,100,783,1,2
9354,20050730,3,0,0,98,113,2,2
9355,20050730,4,0,0,172,249,1,2
9356,20050730,3,0,0,203,911,2,1
9357,20050730,9,1,4,568,856,2,2
9358,20050730,8,1,2,117,155,2,2
9359,20050730,0,0,0,417,4,2,1
9360,20050730,5,1,1,199,459,2,2
9361,20050730,7,0,0,507,905,1,1
9362,20050730,2,0,0,556,737,2,1
9363,20050730,4,0,0,326,193,1,1
9364,20050730,9,1,6,137,69,1,2
9365,20050730,4,0,0,377,337,1,1
9366,20050730,3,0,0,312,873,2,2
9367,20050730,9,1,2,312,173,2,1
9368,20050730,5,0,0,397,664,2,2
9369,20050730,1,0,0,253,773,2,1
9370,20050730,2,0,0,120,969,1,2
9371,20050730,3,0,0,356,653,1,1
9372,20050730,9,1,4,345,888,1,2
9373,20050730,5,0,0,136,762,2,2
9374,20050730,7,1,4,117,21,1,2
9375,20050730,3,0,0,188,673,1,1
9376,20050730,4,0,0,505,100,1,1
9377,20050730,6,0,0,219,905,1,1
9378,20050730,5,1,1,83,478,1,1
9379,20050730,8,1,2,531,844,1,2
9380,20050730,2,0,0,275,962,1,1
9381,20050730,1,0,0,30,886,1,2
9382,20050730,6,1,3,429,460,2,2
9383,20050730,2,0,0,381,616,2,2
9384,20050730,9,1,5,502,502,2,1
9385,20050730,8,1,4,338,757,1,2
9386,20050730,6,0,0,73,249,2,2
9387,20050730,8,1,5,81,126,2,2
9388,20050730,8,1,4,29,458,2,2
9389,20050730,4,0,0,369,687,1,2
9390,20050730,2,0,0,370,390,1,1
9391,20050730,4,0,0,341,143,2,1
9392,20050730,4,0,0,299,614,2,2
9393,20050730,2,0,0,561,184,2,2
9394,20050730,7,1,3,522,35,1,1
9395,20050730,9,1,2,317,286,2,1
9396,20050730,4,0,0,64,276,1,2
9397,20050730,5,0,0,409,340,1,1
9398,20050730,2,0,0,338,261,1,2
9399,20050730,3,0,0,104,803,1,1
9400,20050730,4,1,1,256,853,1,1
9401,20050730,7,1,2,19,447,1,1
9402,20050730,8,1,5,445,529,1,2
9403,20050730,6,1,1,103,760,1,1
9404,20050730,2,0,0,552,839,2,1
9405,20050730,8,1,4,72,432,2,1
9406,20050730,7,1,1,582,749,1,1
9407,20050730,9,1,4,17,570,1,2
9408,20050730,4,0,0,418,957,2,2
9409,20050730,5,1,1,373,670,2,2
9410,20050730,0,0,0,351,388,2,2
9411,20050730,6,1,3,476,764,1,2
9412,20050730,7,1,3,406,544,2,2
9413,20050730,1,0,0,585,574,2,2
9414,20050730,8,1,5,126,126,2,2
9415,20050730,5,1,1,498,733,2,2
9416,20050730,2,0,0,141,322,1,2
9417,20050730,4,1,1,278,551,2,2
9418,20050730,8,1,3,96,54,2,2
9419,20050730,6,0,0,535,968,1,2
9420,20050730,6,1,1,407,31,1,2
9421,20050730,2,0,0,265,477,2,1
9422,20050730,7,1,4,594,402,1,1
9423,20050730,7,0,0,109,690,2,2
9424,20050730,5,1,1,355,982,2,1
9425,20050730,5,1,2,436,60,1,1
9427,20050730,5,1,2,534,327,1,2
9428,20050730,5,0,0,507,424,1,1
9429,20050730,7,1,1,346,383,2,1
9430,20050730,5,0,0,179,334,2,2
9431,20050730,3,0,0,62,738,2,2
9432,20050730,5,1,1,338,545,2,1
9433,20050730,8,1,4,415,241,1,2
9434,20050730,1,0,0,517,830,2,2
9435,20050730,6,1,2,433,684,2,1
9436,20050730,6,1,2,215,506,1,1
9437,20050730,8,1,2,178,273,1,1
9438,20050730,7,1,1,551,24,1,2
9439,20050730,6,1,3,543,65,2,1
9440,20050730,4,0,0,76,91,1,2
9441,20050730,8,1,3,278,868,1,1
9442,20050730,4,1,1,490,9,2,1
9443,20050730,5,1,2,173,366,1,1
9444,20050730,9,1,3,200,251,2,2
9445,20050730,5,1,2,482,324,1,2
9446,20050730,6,1,3,541,409,2,2
9447,20050730,9,1,3,529,234,2,2
9448,20050730,4,1,1,514,269,2,1
9449,20050730,6,0,0,333,1,1,1
9450,20050730,5,1,1,428,301,2,2
9451,20050730,7,0,0,165,150,1,2
9452,20050730,4,0,0,48,697,2,1
9453,20050730,8,1,4,271,433,2,1
9454,20050730,4,0,0,313,665,1,2
9455,20050730,8,1,5,502,580,1,1
9456,20050730,5,1,2,183,448,2,2
9457,20050730,1,0,0,447,468,2,2
9458,20050730,4,0,0,337,682,1,2
9459,20050730,2,0,0,292,251,1,2
9460,20050730,8,1,2,401,975,2,2
9461,20050730,5,1,2,255,366,2,2
9462,20050730,9,1,6,196,891,2,2
9463,20050730,4,0,0,69,194,2,1
9464,20050730,7,1,3,183,852,1,2
9465,20050730,6,1,3,574,678,1,2
9466,20050730,7,1,2,360,570,2,2
9467,20050730,8,1,5,190,415,1,2
9468,20050730,7,0,0,383,952,1,2
9469,20050730,7,1,3,213,215,2,2
9470,20050730,7,1,3,521,852,2,2
9471,20050730,4,0,0,112,521,2,1
9472,20050730,1,0,0,294,908,2,1
9473,20050730,4,1,1,258,374,2,2
9474,20050730,6,0,0,43,825,1,1
9475,20050730,5,1,2,448,472,2,1
9476,20050730,4,0,0,83,786,2,2
9477,20050730,4,0,0,596,420,1,1
9478,20050730,4,0,0,100,252,2,1
9479,20050730,0,0,0,563,759,2,2
9480,20050730,4,0,0,409,130,2,2
9481,20050730,4,0,0,500,133,1,1
9482,20050730,2,0,0,494,528,1,2
9483,20050730,9,1,3,558,252,1,2
9484,20050730,2,0,0,176,744,1,1
9485,20050730,8,1,2,469,814,1,1
9486,20050730,9,1,2,235,611,1,2
9487,20050730,1,0,0,592,468,1,1
9488,20050730,8,1,5,6,917,2,1
9489,20050730,0,0,0,429,873,2,2
9490,20050730,7,1,2,447,287,2,1
9491,20050730,1,0,0,435,791,1,2
9492,20050730,8,1,1,54,139,1,2
9493,20050730,8,1,1,496,333,1,1
9494,20050730,5,0,0,55,832,1,2
9495,20050730,1,0,0,426,461,1,2
9496,20050730,2,0,0,462,100,1,2
9497,20050730,4,0,0,98,206,2,1
9498,20050730,3,0,0,177,231,2,2
9499,20050730,1,0,0,399,131,1,2
9500,20050730,7,1,3,121,616,2,2
9501,20050730,5,0,0,490,961,2,2
9502,20050731,1,0,0,465,593,2,1
9503,20050731,6,1,2,439,227,1,1
9504,20050731,2,0,0,462,18,2,1
9505,20050731,5,0,0,349,880,2,2
9506,20050731,2,0,0,73,846,2,1
9507,20050731,7,1,1,272,86,1,2
9508,20050731,4,0,0,211,267,2,1
9509,20050731,3,0,0,5,178,1,1
9510,20050731,8,1,3,147,500,2,2
9511,20050731,9,1,5,482,215,1,1
9512,20050731,4,0,0,23,829,1,2
9513,20050731,0,0,0,156,88,2,2
9514,20050731,2,0,0,18,412,2,1
9515,20050731,2,0,0,275,681,1,2
9516,20050731,7,1,4,112,771,1,2
9517,20050731,2,0,0,232,726,2,1
9518,20050731,4,0,0,66,595,2,2
9519,20050731,6,1,2,133,824,2,2
9520,20050731,4,0,0,277,288,2,1
9521,20050731,6,1,2,170,311,2,2
9522,20050731,3,0,0,555,928,1,2
9523,20050731,5,1,1,227,199,1,2
9524,20050731,4,0,0,76,390,1,2
9525,20050731,6,1,1,53,655,2,1
9526,20050731,4,0,0,44,91,2,1
9527,20050731,9,1,4,523,557,1,2
9528,20050731,7,1,1,121,43,2,1
9529,20050731,2,0,0,236,177,2,2
9530,20050731,4,1,1,425,374,2,2
9531,20050731,7,1,1,215,993,1,1
9532,20050731,1,0,0,335,288,2,1
9533,20050731,7,1,1,406,902,2,1
9534,20050731,5,1,2,278,973,2,1
9535,20050731,4,0,0,113,526,2,2
9536,20050731,2,0,0,49,559,1,1
9537,20050731,0,0,0,335,119,1,2
9538,20050731,5,1,2,229,746,1,2
9539,20050731,4,0,0,75,830,2,1
9540,20050731,0,0,0,293,476,1,1
9541,20050731,5,0,0,102,385,1,2
9542,20050731,0,0,0,98,485,2,2
9543,20050731,1,0,0,334,213,1,1
9544,20050731,5,0,0,212,520,1,2
9545,20050731,9,1,5,97,757,1,1
9546,20050731,2,0,0,566,47,2,2
9547,20050731,3,0,0,194,527,1,2
9548,20050731,4,0,0,493,666,2,2
9549,20050731,7,1,3,566,525,2,2
9550,20050731,8,1,5,538,483,1,1
9551,20050731,6,0,0,495,280,1,2
9552,20050731,1,0,0,412,775,1,1
9553,20050731,8,1,1,261,911,2,1
9554,20050731,1,0,0,138,566,1,1
9555,20050731,3,0,0,567,457,2,2
9556,20050731,8,1,5,127,720,2,1
9557,20050731,5,0,0,241,154,2,1
9558,20050731,6,0,0,143,256,2,1
9559,20050731,8,1,3,24,632,1,1
9560,20050731,7,0,0,465,921,1,1
9561,20050731,3,0,0,316,240,2,2
9562,20050731,6,1,3,247,345,1,2
9563,20050731,5,0,0,192,844,2,1
9564,20050731,3,0,0,255,85,2,2
9565,20050731,4,0,0,113,790,2,1
9566,20050731,2,0,0,442,139,2,2
9567,20050731,6,1,2,107,806,2,2
9568,20050731,2,0,0,225,275,2,2
9569,20050731,2,0,0,20,176,2,2
9570,20050731,0,0,0,300,129,2,1
9571,20050731,2,0,0,298,480,1,2
9572,20050731,1,0,0,100,319,1,2
9573,20050731,9,1,6,213,819,1,2
9574,20050731,4,0,0,149,610,2,2
9575,20050731,3,0,0,306,865,1,2
9576,20050731,5,0,0,471,732,1,2
9577,20050731,7,1,4,550,529,1,1
9578,20050731,1,0,0,339,650,1,1
9579,20050731,6,1,2,161,775,2,2
9580,20050731,5,0,0,351,117,1,1
9581,20050731,5,1,1,117,568,1,1
9582,20050731,4,0,0,309,854,2,1
9583,20050731,5,1,1,579,775,1,2
9584,20050731,1,0,0,274,92,1,2
9585,20050731,2,0,0,83,715,1,2
9586,20050731,3,0,0,359,869,1,1
9587,20050731,6,1,3,133,650,2,2
9588,20050731,2,0,0,269,301,2,1
9589,20050731,8,1,4,273,572,1,2
9590,20050731,8,1,1,17,498,1,1
9591,20050731,1,0,0,354,112,1,1
9592,20050731,5,0,0,551,397,1,1
9593,20050731,5,0,0,212,271,1,1
9594,20050731,4,0,0,425,957,2,1
9595,20050731,3,0,0,173,621,1,1
9596,20050731,4,1,1,427,624,2,2
9597,20050731,9,1,6,487,730,1,2
9598,20050731,4,0,0,191,245,2,1
9599,20050731,4,0,0,230,694,2,2
9600,20050731,8,1,5,79,816,1,1
9601,20050731,3,0,0,598,349,1,2
9602,20050731,1,0,0,525,697,1,1
9603,20050731,1,0,0,270,489,2,2
9604,20050731,3,0,0,401,946,2,1
9605,20050731,7,0,0,395,323,2,2
9606,20050731,1,0,0,290,299,1,2
9607,20050731,1,0,0,555,748,1,2
9608,20050731,6,1,1,426,79,2,2
9609,20050731,5,0,0,564,151,2,2
9610,20050731,6,1,1,539,683,1,1
9611,20050731,5,1,2,66,431,2,2
9612,20050731,4,0,0,3,463,2,2
9613,20050731,1,0,0,394,715,2,1
9614,20050731,8,1,1,411,648,1,1
9615,20050731,1,0,0,485,739,2,2
9616,20050731,4,1,1,132,269,2,1
9617,20050731,2,0,0,262,116,2,1
9618,20050731,6,1,3,290,590,1,2
9619,20050731,5,0,0,94,377,1,2
9620,20050731,8,1,4,493,470,1,1
9621,20050731,7,1,1,348,72,2,2
9622,20050731,2,0,0,239,488,1,1
9623,20050731,6,0,0,421,22,2,1
9624,20050731,6,1,3,597,763,1,1
9625,20050731,2,0,0,13,371,1,1
9626,20050731,7,0,0,111,479,2,1
9627,20050731,7,0,0,238,103,2,2
9628,20050731,0,0,0,390,304,1,2
9629,20050731,2,0,0,364,609,1,1
9630,20050731,7,0,0,118,437,2,2
9631,20050731,1,0,0,98,72,1,2
9632,20050731,5,1,1,226,739,1,2
9633,20050731,5,0,0,27,252,2,2
9634,20050731,4,1,1,154,205,1,1
9635,20050731,1,0,0,396,367,2,2
9636,20050731,9,1,5,398,376,1,2
9637,20050731,2,0,0,48,661,1,2
9638,20050731,8,1,2,75,353,2,1
9639,20050731,3,0,0,257,302,1,2
9640,20050731,9,1,5,122,238,1,1
9641,20050731,4,0,0,495,242,1,1
9642,20050731,4,0,0,229,776,2,1
9643,20050731,7,1,1,80,782,2,2
9644,20050731,9,1,6,2,1000,1,1
9645,20050731,3,0,0,278,748,1,1
9646,20050731,7,1,1,15,821,2,1
9647,20050731,6,1,2,528,748,2,1
9648,20050731,8,1,3,407,886,1,2
9649,20050731,4,0,0,557,348,2,2
9650,20050731,3,0,0,319,657,1,2
9651,20050731,4,0,0,129,884,2,1
9652,20050731,6,0,0,175,99,2,2
9653,20050731,3,0,0,7,317,2,2
9654,20050731,5,0,0,248,724,1,1
9655,20050731,5,1,2,99,746,2,1
9656,20050731,4,1,1,62,916,2,1
9657,20050731,6,1,2,158,588,2,2
9658,20050731,8,1,4,422,506,1,2
9659,20050731,6,0,0,421,927,1,2
9660,20050731,7,1,4,592,243,1,2
9661,20050731,4,0,0,475,591,2,1
9662,20050731,7,0,0,545,605,2,2
9663,20050731,1,0,0,124,455,1,2
9664,20050731,3,0,0,517,79,1,2
9665,20050731,4,0,0,263,627,2,1
9666,20050731,5,1,1,178,941,1,2
9667,20050731,9,1,2,591,934,2,1
9668,20050731,6,1,2,114,360,1,2
9669,20050731,7,1,3,372,982,1,2
9670,20050731,6,1,2,402,811,1,1
9671,20050731,2,0,0,344,204,2,1
9672,20050731,8,1,3,52,960,2,2
9673,20050731,9,1,3,398,75,2,2
9674,20050731,5,0,0,180,706,2,2
9675,20050731,3,0,0,18,554,2,1
9676,20050731,5,0,0,240,149,2,2
9677,20050731,0,0,0,208,703,2,2
9678,20050731,1,0,0,7,752,2,2
9679,20050731,2,0,0,118,836,1,1
9680,20050731,1,0,0,320,661,1,2
9681,20050731,6,0,0,441,12,2,1
9682,20050731,4,0,0,343,530,1,1
9683,20050731,3,0,0,274,188,1,2
9684,20050731,1,0,0,51,79,2,2
9685,20050731,3,0,0,93,680,2,1
9686,20050731,6,1,1,525,838,1,1
9687,20050731,0,0,0,594,774,1,2
9688,20050731,7,0,0,521,288,1,2
9689,20050731,3,0,0,380,179,1,2
9690,20050731,6,1,2,191,972,2,2
9691,20050731,8,1,5,485,575,2,1
9692,20050731,6,1,3,436,763,1,2
9693,20050731,8,1,1,341,231,1,1
9694,20050731,6,1,1,237,755,2,2
9695,20050731,6,1,1,217,159,1,2
9696,20050731,3,0,0,373,593,2,2
9697,20050731,5,0,0,543,166,2,2
9698,20050731,8,1,2,97,762,2,2
9699,20050731,5,0,0,31,44,2,1
9700,20050731,2,0,0,350,588,2,1
9701,20050731,0,0,0,286,1000,2,2
9702,20050731,1,0,0,272,736,1,2
9703,20050731,3,0,0,311,595,1,2
9704,20050731,5,0,0,300,307,1,2
9705,20050731,0,0,0,212,902,2,2
9706,20050731,5,0,0,237,29,1,1
9707,20050731,8,1,3,453,45,1,1
9708,20050731,8,1,1,238,719,1,1
9709,20050731,7,0,0,360,455,1,1
9710,20050731,8,1,5,419,764,1,2
9711,20050731,2,0,0,234,333,2,2
9712,20050731,8,1,4,21,545,1,2
9713,20050731,7,1,1,561,206,1,1
9714,20050731,3,0,0,33,335,1,2
9715,20050731,4,1,1,475,730,2,1
9716,20050731,8,1,1,231,743,2,2
9717,20050731,3,0,0,166,915,1,1
9718,20050731,7,1,2,310,602,2,2
9719,20050731,4,0,0,165,74,1,1
9720,20050731,7,1,2,322,284,1,2
9721,20050731,5,1,2,169,859,2,1
9722,20050731,6,1,1,462,926,2,2
9723,20050731,3,0,0,12,864,2,1
9724,20050731,7,1,4,48,114,2,1
9725,20050731,2,0,0,302,863,2,2
9726,20050731,8,1,4,159,370,2,1
9727,20050731,2,0,0,476,676,2,1
9728,20050731,2,0,0,384,792,2,2
9729,20050731,1,0,0,341,913,2,2
9730,20050731,8,1,4,109,572,1,2
9731,20050731,4,0,0,402,812,2,1
9732,20050731,7,0,0,346,718,2,2
9733,20050731,3,0,0,327,277,1,1
9734,20050731,5,1,2,462,730,2,1
9735,20050731,8,1,5,264,919,1,2
9736,20050731,8,1,4,517,449,2,2
9737,20050731,3,0,0,528,375,1,2
9738,20050731,5,0,0,579,493,2,2
9739,20050731,4,0,0,337,293,2,1
9740,20050731,5,0,0,60,766,1,2
9741,20050731,7,1,4,81,429,2,1
9742,20050731,8,1,3,445,884,2,1
9743,20050731,6,1,1,71,378,2,2
9744,20050731,3,0,0,257,183,2,2
9745,20050731,7,0,0,226,789,1,1
9746,20050731,6,1,2,563,320,1,2
9747,20050731,7,1,4,430,536,1,2
9748,20050731,2,0,0,132,728,1,1
9749,20050731,5,1,2,478,142,2,1
9750,20050731,5,0,0,32,697,1,1
9751,20050731,0,0,0,190,7,2,2
9752,20050731,2,0,0,587,56,1,1
9753,20050731,0,0,0,532,772,2,1
9754,20050731,7,1,4,543,820,2,1
9755,20050731,6,1,3,332,17,2,2
9756,20050731,1,0,0,554,46,2,1
9757,20050731,1,0,0,483,570,2,2
9758,20050731,3,0,0,441,288,2,1
9759,20050731,7,1,3,273,647,2,2
9760,20050731,8,1,1,115,94,1,2
9761,20050731,3,0,0,203,827,2,2
9762,20050731,4,0,0,65,32,2,1
9763,20050731,7,1,4,437,25,1,1
9764,20050731,6,1,2,202,823,1,2
9765,20050731,5,0,0,36,103,2,1
9766,20050731,0,0,0,338,881,2,1
9767,20050731,3,0,0,15,753,1,1
9768,20050731,8,1,5,331,583,1,2
9769,20050731,5,1,1,126,649,1,1
9770,20050731,8,1,3,156,272,1,1
9771,20050731,4,1,1,41,896,2,2
9772,20050731,1,0,0,303,794,2,2
9773,20050731,3,0,0,438,994,1,1
9774,20050731,1,0,0,317,907,1,2
9775,20050731,0,0,0,159,619,1,2
9776,20050731,2,0,0,491,554,2,2
9777,20050731,7,1,4,584,50,2,2
9778,20050731,3,0,0,423,69,1,2
9779,20050731,3,0,0,158,283,1,1
9780,20050731,2,0,0,262,711,2,1
9781,20050731,9,1,5,488,502,1,1
9782,20050731,6,0,0,599,524,1,1
9783,20050731,9,1,5,490,183,1,2
9784,20050731,6,1,3,42,606,2,2
9785,20050731,1,0,0,322,893,1,1
9786,20050731,2,0,0,499,561,1,1
9787,20050731,8,1,5,125,778,1,1
9788,20050731,9,1,2,506,952,1,1
9789,20050731,3,0,0,360,135,1,1
9790,20050731,4,0,0,365,795,1,2
9791,20050731,2,0,0,216,795,1,1
9792,20050731,6,0,0,533,694,2,1
9793,20050731,3,0,0,436,1000,1,1
9794,20050731,1,0,0,235,384,2,2
9795,20050731,3,0,0,566,436,2,2
9796,20050731,8,1,1,584,232,1,1
9797,20050731,8,1,1,478,150,2,1
9798,20050731,0,0,0,427,823,1,2
9799,20050731,1,0,0,147,660,2,1
9800,20050731,1,0,0,352,465,2,2
9801,20050731,3,0,0,561,665,2,2
9802,20050731,2,0,0,97,466,1,1
9803,20050731,0,0,0,590,828,2,1
9804,20050731,9,1,2,169,546,2,1
9805,20050731,2,0,0,253,910,2,2
9806,20050731,3,0,0,443,55,1,1
9807,20050731,1,0,0,103,462,2,1
9808,20050731,7,1,1,538,717,1,1
9809,20050731,8,1,3,367,79,1,2
9810,20050731,0,0,0,526,448,2,2
9811,20050731,6,0,0,40,727,2,1
9812,20050731,1,0,0,311,337,1,2
9813,20050731,6,1,1,477,372,1,2
9814,20050731,8,1,1,284,27,1,1
9815,20050731,8,1,2,65,598,1,1
9816,20050731,4,0,0,173,995,1,2
9817,20050731,8,1,2,232,875,2,2
9818,20050731,3,0,0,52,277,1,1
9819,20050731,5,0,0,533,418,2,2
9820,20050731,8,1,5,260,111,2,1
9821,20050731,7,1,3,210,85,2,2
9822,20050731,5,0,0,8,540,1,2
9823,20050731,6,1,1,105,967,1,2
9824,20050731,7,0,0,294,952,1,2
9825,20050731,1,0,0,503,941,2,1
9826,20050731,9,1,6,98,580,2,1
9827,20050731,9,1,4,30,841,2,1
9828,20050731,2,0,0,438,842,1,1
9829,20050731,6,1,1,99,51,2,2
9830,20050731,5,1,2,564,37,1,1
9831,20050731,3,0,0,196,428,1,1
9832,20050731,7,1,1,85,687,2,1
9833,20050731,8,1,1,256,922,2,2
9834,20050731,7,0,0,588,498,1,1
9835,20050731,3,0,0,241,234,1,2
9836,20050731,8,1,1,89,629,2,1
9837,20050731,9,1,6,305,764,2,1
9838,20050731,3,0,0,184,846,1,2
9839,20050731,9,1,5,559,349,1,2
9840,20050731,6,0,0,397,80,1,1
9841,20050731,9,1,3,228,994,1,1
9842,20050731,1,0,0,412,637,1,2
9843,20050731,0,0,0,586,643,1,2
9844,20050731,5,1,2,568,857,1,1
9845,20050731,5,1,1,284,527,2,1
9846,20050731,4,0,0,305,922,1,2
9847,20050731,4,0,0,583,252,1,2
9848,20050731,7,1,2,442,724,2,2
9849,20050731,2,0,0,301,482,1,1
9850,20050731,3,0,0,542,320,1,2
9851,20050731,7,1,1,458,5,2,2
9852,20050731,4,1,1,359,925,2,2
9853,20050731,3,0,0,271,387,2,1
9854,20050731,2,0,0,2,234,1,2
9855,20050731,3,0,0,454,275,1,2
9856,20050731,7,1,1,309,158,2,1
9857,20050731,9,1,6,96,730,1,1
9858,20050731,3,0,0,415,56,2,2
9859,20050731,4,1,1,449,892,1,1
9860,20050731,6,1,3,17,720,1,2
9861,20050731,9,1,3,275,234,1,1
9862,20050731,0,0,0,357,104,2,2
9863,20050731,7,1,2,240,4,1,1
9864,20050731,1,0,0,480,790,1,2
9865,20050731,1,0,0,401,299,1,2
9866,20050731,7,1,2,63,777,1,1
9867,20050731,4,0,0,472,545,1,2
9868,20050731,1,0,0,114,59,1,2
9869,20050731,6,0,0,412,172,1,1
9870,20050731,5,1,1,171,98,1,1
9871,20050731,0,0,0,467,43,2,2
9872,20050731,4,0,0,438,228,2,1
9873,20050731,5,0,0,119,145,2,2
9874,20050731,6,1,3,324,542,2,2
9875,20050731,3,0,0,219,631,1,2
9876,20050731,7,0,0,309,181,2,2
9877,20050731,6,0,0,148,286,2,2
9878,20050731,4,0,0,112,381,1,2
9879,20050731,7,0,0,57,420,2,1
9880,20050731,7,1,1,85,785,1,2
9881,20050731,5,0,0,201,915,1,1
9882,20050731,9,1,4,439,313,1,1
9883,20050731,6,1,2,227,933,1,1
9884,20050731,1,0,0,28,113,2,1
9885,20050731,6,0,0,399,786,2,2
9886,20050731,8,1,5,278,304,1,1
9887,20050731,5,0,0,482,97,1,1
9888,20050731,8,1,1,496,962,1,2
9889,20050731,4,0,0,515,623,2,2
9890,20050731,0,0,0,101,229,1,1
9891,20050731,2,0,0,452,737,2,2
9892,20050731,3,0,0,168,233,1,2
9893,20050731,0,0,0,435,534,1,2
9894,20050731,5,0,0,587,814,2,2
9895,20050731,5,1,1,10,183,1,1
9896,20050731,1,0,0,499,569,1,1
9897,20050731,1,0,0,80,861,1,1
9898,20050731,0,0,0,9,465,1,1
9899,20050731,7,1,3,96,736,1,1
9900,20050731,6,0,0,582,688,2,2
9901,20050731,2,0,0,372,733,1,1
9902,20050731,8,1,5,1,109,1,2
9903,20050731,8,1,2,211,354,1,1
9904,20050731,8,1,5,450,891,1,1
9905,20050731,1,0,0,278,623,1,2
9906,20050731,0,0,0,522,922,1,1
9907,20050731,8,1,5,134,932,1,1
9908,20050731,8,1,3,398,963,2,2
9909,20050731,9,1,3,322,571,2,1
9910,20050731,5,0,0,391,81,1,1
9911,20050731,5,1,2,564,848,1,1
9912,20050731,3,0,0,179,686,1,1
9913,20050731,5,1,2,38,819,1,1
9914,20050731,4,0,0,14,691,1,1
9915,20050731,2,0,0,521,644,2,1
9916,20050731,6,0,0,468,211,1,1
9917,20050731,1,0,0,24,838,2,2
9918,20050731,3,0,0,100,554,1,2
9919,20050731,7,1,4,570,704,2,2
9920,20050731,3,0,0,498,683,1,2
9921,20050731,0,0,0,29,225,1,2
9922,20050731,5,0,0,385,789,2,1
9923,20050731,4,0,0,187,357,2,2
9924,20050731,5,1,1,85,433,1,2
9925,20050731,2,0,0,12,511,2,1
9926,20050731,9,1,6,589,816,1,1
9927,20050731,0,0,0,442,223,2,1
9928,20050731,6,1,3,291,791,2,1
9929,20050731,3,0,0,123,554,1,1
9930,20050731,0,0,0,389,981,1,2
9931,20050731,3,0,0,52,757,2,2
9932,20050731,5,1,1,275,369,1,1
9933,20050731,0,0,0,580,511,2,1
9934,20050731,5,0,0,410,546,2,1
9935,20050731,4,0,0,254,486,1,1
9936,20050731,6,0,0,243,218,2,1
9937,20050731,6,1,1,127,809,2,2
9938,20050731,9,1,2,566,629,2,2
9939,20050731,7,1,3,80,670,1,1
9940,20050731,5,0,0,397,866,2,2
9941,20050731,5,0,0,181,381,2,1
9942,20050731,7,1,2,526,999,2,2
9943,20050731,9,1,5,147,197,1,1
9944,20050731,7,1,2,121,557,1,1
9945,20050731,2,0,0,268,450,1,1
9946,20050731,2,0,0,299,456,1,2
9947,20050731,7,1,4,94,260,2,1
9948,20050731,5,1,2,44,175,2,1
9949,20050731,1,0,0,268,717,1,2
9950,20050731,8,1,3,414,361,2,2
9951,20050731,2,0,0,217,964,2,1
9952,20050731,5,0,0,415,356,2,2
9953,20050731,1,0,0,90,358,2,2
9954,20050731,4,0,0,72,397,2,2
9955,20050731,3,0,0,44,379,2,2
9956,20050731,1,0,0,44,980,1,2
9957,20050731,3,0,0,534,405,2,2
9958,20050731,3,0,0,378,900,1,2
9959,20050731,3,0,0,587,75,2,2
9960,20050731,4,0,0,104,228,2,2
9961,20050731,7,1,2,350,403,2,2
9962,20050731,2,0,0,493,425,2,1
9963,20050731,2,0,0,305,351,2,1
9964,20050731,2,0,0,446,691,2,1
9965,20050731,5,1,2,455,861,1,2
9966,20050731,2,0,0,409,898,2,1
9967,20050731,5,1,1,547,213,1,1
9968,20050731,7,1,3,307,585,2,1
9969,20050731,4,0,0,101,208,1,2
9970,20050731,1,0,0,321,624,2,2
9971,20050731,9,1,5,305,586,2,2
9972,20050731,1,0,0,248,43,1,2
9973,20050731,3,0,0,334,403,1,2
9974,20050731,4,0,0,302,95,2,1
9975,20050731,7,1,1,350,562,1,2
9976,20050731,2,0,0,261,917,1,2
9977,20050731,8,1,3,307,500,2,1
9978,20050731,5,1,1,47,617,1,2
9979,20050731,8,1,2,493,140,2,1
9980,20050731,7,1,1,182,24,1,2
9981,20050731,1,0,0,358,299,1,2
9982,20050731,1,0,0,450,592,2,2
9983,20050731,8,1,3,105,77,2,1
9984,20050731,1,0,0,468,96,1,2
9985,20050731,0,0,0,534,397,2,2
9986,20050731,5,1,1,516,274,2,2
9987,20050731,1,0,0,189,353,2,2
9988,20050731,7,1,3,18,842,1,2
9989,20050731,1,0,0,284,374,1,1
9990,20050731,8,1,2,464,979,1,2
9991,20050731,3,0,0,319,800,2,1
9992,20050731,8,1,1,389,922,2,2
9993,20050731,1,0,0,182,550,1,2
9994,20050731,0,0,0,171,465,2,1
9995,20050731,3,0,0,136,431,2,2
9996,20050731,5,1,2,160,720,2,2
9997,20050731,1,0,0,261,139,1,1
9998,20050731,4,0,0,495,559,1,1
9999,20050731,0,0,0,349,314,2,1
10000,20050731,2,0,0,493,707,2,1
10001,20050731,7,1,2,403,473,1,1
10002,20050731,5,0,0,326,224,1,1
10003,20050731,1,0,0,517,350,2,1
10004,20050731,3,0,0,338,524,1,1
10005,20050731,9,1,3,345,206,1,1
10006,20050731,2,0,0,594,556,2,2
10007,20050731,4,0,0,13,66,1,2
10008,20050731,3,0,0,64,568,2,2
10009,20050731,8,1,4,142,971,1,2
10010,20050731,7,1,4,409,582,2,2
10011,20050731,7,1,1,415,132,1,1
10012,20050731,8,1,2,357,560,1,2
10013,20050731,7,1,1,255,514,2,2
10014,20050731,2,0,0,60,510,1,1
10015,20050731,2,0,0,243,13,2,2
10016,20050731,9,1,2,263,471,2,1
10017,20050731,4,1,1,112,327,2,1
10018,20050731,4,0,0,500,811,1,2
10019,20050731,6,1,2,476,458,2,1
10020,20050731,1,0,0,550,68,2,2
10021,20050731,1,0,0,392,710,1,1
10022,20050731,3,0,0,339,414,1,1
10023,20050731,8,1,4,413,85,2,1
10024,20050731,8,1,4,105,59,1,1
10025,20050731,6,1,2,390,104,2,2
10026,20050731,3,0,0,29,8,2,2
10027,20050731,9,1,4,231,115,2,1
10028,20050731,0,0,0,326,501,1,2
10029,20050731,5,1,1,321,112,2,2
10030,20050731,2,0,0,45,305,1,2
10031,20050731,2,0,0,545,668,2,1
10032,20050731,4,0,0,54,506,1,1
10033,20050731,4,0,0,8,979,1,1
10034,20050731,4,0,0,119,78,2,2
10035,20050731,4,0,0,26,591,2,1
10036,20050731,3,0,0,150,9,1,1
10037,20050731,9,1,2,316,97,1,2
10038,20050731,0,0,0,564,815,1,1
10039,20050731,0,0,0,580,959,1,2
10040,20050731,4,0,0,215,494,1,2
10041,20050731,7,1,2,186,657,1,1
10042,20050731,5,0,0,522,24,1,1
10043,20050731,6,0,0,431,560,2,1
10044,20050731,4,0,0,397,735,2,2
10045,20050731,6,0,0,560,11,2,1
10046,20050731,2,0,0,485,937,2,1
10047,20050731,6,1,3,403,913,1,2
10048,20050731,5,1,2,103,836,1,2
10049,20050731,3,0,0,571,188,1,1
10050,20050731,5,0,0,423,67,1,1
10051,20050731,5,1,1,56,35,1,1
10052,20050731,7,1,4,62,728,1,2
10053,20050731,7,1,3,382,893,1,1
10054,20050731,4,0,0,489,500,2,1
10055,20050731,5,0,0,224,598,1,1
10056,20050731,0,0,0,475,63,1,2
10057,20050731,7,1,4,423,764,1,2
10058,20050731,3,0,0,475,166,1,2
10059,20050731,2,0,0,208,439,1,1
10060,20050731,7,1,3,504,432,1,1
10061,20050731,4,0,0,503,307,1,1
10062,20050731,3,0,0,26,394,1,2
10063,20050731,8,1,1,492,658,2,1
10064,20050731,6,0,0,22,690,1,1
10065,20050731,0,0,0,81,312,2,2
10066,20050731,0,0,0,236,933,1,2
10067,20050731,3,0,0,425,422,2,2
10068,20050731,5,0,0,316,871,1,1
10069,20050731,5,0,0,416,468,1,2
10070,20050731,3,0,0,45,226,2,1
10071,20050731,2,0,0,340,514,1,2
10072,20050731,2,0,0,590,864,1,2
10073,20050731,5,0,0,165,923,2,2
10074,20050731,3,0,0,3,281,2,1
10075,20050731,7,1,1,481,443,2,1
10076,20050731,9,1,6,464,247,2,2
10077,20050731,8,1,4,466,506,2,1
10078,20050731,3,0,0,101,702,2,1
10079,20050731,3,0,0,318,991,2,2
10080,20050731,4,0,0,572,949,1,2
10081,20050731,5,1,2,60,698,1,1
10082,20050731,0,0,0,304,282,2,2
10083,20050731,6,1,3,259,567,2,1
10084,20050731,6,1,1,6,115,2,2
10085,20050731,2,0,0,155,560,1,2
10086,20050731,6,1,3,387,625,2,2
10087,20050731,6,0,0,477,305,1,1
10088,20050731,1,0,0,443,936,1,2
10089,20050731,0,0,0,441,56,1,2
10090,20050731,3,0,0,82,876,1,1
10091,20050731,2,0,0,220,409,2,2
10092,20050731,1,0,0,329,901,2,1
10093,20050731,3,0,0,159,859,2,2
10094,20050731,5,0,0,174,628,1,2
10095,20050731,1,0,0,198,885,1,1
10096,20050731,5,0,0,585,788,2,1
10097,20050731,8,1,1,278,172,1,1
10098,20050731,1,0,0,488,292,2,2
10099,20050731,1,0,0,502,428,1,1
10100,20050731,2,0,0,546,881,2,2
10101,20050731,4,0,0,153,552,2,1
10102,20050731,7,1,4,232,889,1,1
10103,20050731,4,0,0,385,16,1,2
10104,20050731,4,0,0,199,737,2,2
10105,20050731,8,1,2,367,22,2,1
10106,20050731,1,0,0,540,755,1,2
10107,20050731,8,1,2,319,293,1,2
10108,20050731,0,0,0,454,810,1,1
10109,20050731,7,1,4,235,625,1,1
10110,20050731,2,0,0,94,890,1,2
10111,20050731,5,0,0,348,761,2,2
10112,20050731,1,0,0,369,579,2,2
10113,20050731,2,0,0,399,865,2,2
10114,20050731,1,0,0,1,849,1,2
10115,20050731,9,1,6,229,599,1,1
10116,20050731,2,0,0,212,162,1,2
10117,20050731,0,0,0,257,412,2,2
10118,20050731,2,0,0,515,269,1,1
10119,20050731,2,0,0,453,11,1,2
10120,20050731,2,0,0,281,373,1,2
10121,20050731,3,0,0,343,650,2,1
10122,20050731,8,1,5,169,919,1,1
10123,20050731,5,0,0,447,996,1,1
10124,20050731,3,0,0,281,427,1,1
10125,20050731,0,0,0,57,110,1,1
10126,20050731,3,0,0,62,1,1,1
10127,20050731,5,0,0,263,157,2,1
10128,20050731,1,0,0,237,561,1,1
10129,20050731,4,1,1,123,624,2,1
10130,20050731,3,0,0,217,864,1,1
10131,20050731,3,0,0,434,906,2,2
10132,20050731,7,1,4,310,857,2,2
10133,20050731,8,1,1,308,133,2,1
10134,20050731,5,0,0,439,979,2,1
10135,20050731,5,1,2,37,912,2,1
10136,20050731,2,0,0,574,690,1,1
10137,20050731,7,0,0,410,133,1,1
10138,20050731,6,1,1,182,39,2,2
10139,20050731,3,0,0,2,90,1,1
10140,20050731,7,1,4,132,547,2,2
10141,20050731,5,0,0,364,1,2,1
10142,20050731,8,1,1,352,400,1,2
10143,20050731,8,1,4,210,463,1,2
10144,20050731,4,0,0,458,661,1,1
10145,20050731,6,1,1,70,552,2,1
10146,20050731,1,0,0,148,375,1,1
10147,20050731,2,0,0,369,298,2,2
10148,20050731,4,0,0,566,303,1,2
10149,20050731,7,1,3,578,199,1,2
10150,20050731,4,0,0,209,505,2,2
10151,20050731,0,0,0,70,971,1,1
10152,20050731,8,1,5,403,247,1,2
10153,20050731,5,0,0,180,646,2,2
10154,20050731,6,1,1,549,602,2,2
10155,20050731,6,0,0,133,697,2,1
10156,20050731,1,0,0,435,28,1,2
10157,20050731,0,0,0,377,649,2,1
10158,20050731,7,0,0,437,355,2,2
10159,20050731,2,0,0,78,260,2,2
10160,20050731,5,0,0,436,190,2,1
10161,20050731,1,0,0,134,581,1,2
10162,20050731,6,0,0,528,293,2,2
10163,20050731,0,0,0,343,617,1,2
10164,20050731,4,0,0,15,307,2,1
10165,20050731,5,0,0,485,762,2,1
10166,20050731,6,1,3,126,938,1,2
10167,20050731,5,0,0,105,271,1,2
10168,20050731,1,0,0,338,993,1,1
10169,20050731,4,0,0,311,587,1,2
10170,20050731,7,1,4,22,175,1,2
10171,20050731,2,0,0,286,301,1,1
10172,20050731,8,1,5,221,551,1,1
10173,20050731,7,1,3,454,555,1,2
10174,20050731,5,1,2,9,537,2,2
10175,20050731,8,1,1,360,804,1,1
10176,20050731,8,1,2,466,263,1,2
10177,20050731,2,0,0,260,484,2,2
10178,20050731,2,0,0,150,347,1,1
10179,20050731,0,0,0,527,462,2,2
10180,20050731,8,1,1,485,165,2,2
10181,20050801,3,0,0,581,683,2,1
10182,20050801,8,1,2,321,894,2,2
10183,20050801,8,1,4,255,941,1,1
10184,20050801,4,0,0,40,611,1,2
10185,20050801,2,0,0,85,281,1,1
10186,20050801,6,0,0,555,996,1,1
10187,20050801,4,0,0,554,356,1,2
10188,20050801,7,1,2,19,271,1,2
10189,20050801,2,0,0,193,134,2,2
10190,20050801,0,0,0,94,964,1,2
10191,20050801,5,0,0,169,251,1,1
10192,20050801,4,0,0,104,356,2,2
10193,20050801,6,0,0,225,443,2,1
10194,20050801,5,1,1,585,317,1,2
10195,20050801,7,1,4,281,590,2,2
10196,20050801,4,0,0,587,675,1,1
10197,20050801,6,0,0,449,264,2,2
10198,20050801,6,0,0,509,286,2,2
10199,20050801,4,0,0,550,800,2,1
10200,20050801,4,0,0,219,127,1,1
10201,20050801,7,0,0,277,797,1,2
10202,20050801,7,1,2,317,244,2,1
10203,20050801,3,0,0,378,244,1,2
10204,20050801,4,0,0,414,167,1,1
10205,20050801,5,0,0,137,7,1,1
10206,20050801,9,1,3,106,979,1,2
10207,20050801,4,1,1,27,643,2,2
10208,20050801,3,0,0,53,731,2,2
10209,20050801,2,0,0,595,530,1,2
10210,20050801,9,1,3,282,10,1,1
10211,20050801,9,1,3,14,176,2,1
10212,20050801,1,0,0,129,815,1,1
10213,20050801,8,1,4,430,320,2,1
10214,20050801,0,0,0,392,140,2,2
10215,20050801,8,1,4,388,183,2,2
10216,20050801,7,1,3,75,787,1,2
10217,20050801,7,1,3,87,266,1,1
10218,20050801,4,0,0,455,849,2,1
10219,20050801,9,1,5,408,489,1,2
10220,20050801,3,0,0,555,856,1,2
10221,20050801,2,0,0,409,670,1,2
10222,20050801,7,0,0,436,270,1,1
10223,20050801,1,0,0,406,301,2,1
10224,20050801,4,0,0,322,316,2,2
10225,20050801,5,0,0,380,688,2,1
10226,20050801,6,1,3,16,674,1,1
10227,20050801,8,1,2,418,191,2,2
10228,20050801,5,0,0,430,378,2,2
10229,20050801,9,1,5,181,759,1,1
10230,20050801,3,0,0,41,15,2,2
10231,20050801,5,0,0,115,235,1,1
10232,20050801,2,0,0,537,127,2,1
10233,20050801,8,1,3,257,999,2,2
10234,20050801,7,1,2,175,358,1,2
10235,20050801,9,1,6,495,625,1,2
10236,20050801,0,0,0,594,821,2,1
10237,20050801,6,1,1,89,95,2,1
10238,20050801,0,0,0,196,122,1,1
10239,20050801,2,0,0,325,273,1,2
10240,20050801,6,0,0,467,981,2,2
10241,20050801,6,0,0,265,334,1,1
10242,20050801,1,0,0,44,396,2,2
10243,20050801,5,1,2,463,484,1,1
10244,20050801,5,0,0,557,123,1,2
10245,20050801,1,0,0,283,631,2,1
10246,20050801,7,0,0,412,786,2,2
10247,20050801,7,1,4,73,879,1,1
10248,20050801,6,1,3,157,464,1,2
10249,20050801,5,0,0,142,27,1,1
10250,20050801,6,1,1,247,810,2,2
10251,20050801,5,0,0,62,655,1,1
10252,20050801,8,1,5,505,519,2,2
10253,20050801,7,1,4,455,308,1,2
10254,20050801,4,1,1,381,484,1,1
10255,20050801,2,0,0,257,995,1,1
10256,20050801,4,0,0,316,170,2,2
10257,20050801,3,0,0,349,525,1,2
10258,20050801,7,1,2,481,447,2,2
10259,20050801,2,0,0,521,410,1,1
10260,20050801,3,0,0,399,628,1,2
10261,20050801,0,0,0,485,510,1,2
10262,20050801,7,1,2,568,841,2,2
10263,20050801,6,1,2,359,528,1,2
10264,20050801,6,1,1,180,302,2,2
10265,20050801,7,1,3,434,734,1,1
10266,20050801,5,0,0,458,105,1,1
10267,20050801,6,0,0,407,849,1,1
10268,20050801,6,1,2,94,604,2,1
10269,20050801,0,0,0,62,556,2,1
10270,20050801,5,0,0,96,440,2,2
10271,20050801,6,1,2,565,807,2,1
10272,20050801,9,1,6,341,25,2,2
10273,20050801,6,1,2,548,319,2,1
10274,20050801,3,0,0,140,641,1,2
10275,20050801,7,1,1,72,146,1,1
10276,20050801,2,0,0,445,476,2,1
10277,20050801,4,0,0,4,322,1,1
10278,20050801,7,1,4,128,548,1,1
10279,20050801,6,1,1,323,831,1,2
10280,20050801,6,1,2,246,319,2,2
10281,20050801,1,0,0,482,233,2,1
10282,20050801,6,1,2,589,134,2,1
10283,20050801,6,0,0,452,921,2,1
10284,20050801,8,1,4,383,631,2,1
10285,20050801,4,1,1,192,987,2,2
10286,20050801,9,1,6,586,111,2,2
10287,20050801,4,1,1,274,25,1,2
10288,20050801,5,1,2,566,124,2,1
10289,20050801,6,1,3,521,692,2,1
10290,20050801,7,1,3,329,991,2,2
10291,20050801,3,0,0,556,446,2,2
10292,20050801,0,0,0,588,561,1,2
10293,20050801,4,1,1,144,345,1,2
10294,20050801,7,1,3,212,116,2,2
10295,20050801,9,1,4,236,512,2,1
10296,20050801,0,0,0,305,427,1,1
10297,20050801,8,1,3,177,614,1,1
10298,20050801,4,0,0,326,303,2,2
10299,20050801,3,0,0,334,249,2,1
10300,20050801,2,0,0,175,945,1,1
10301,20050801,3,0,0,538,676,1,2
10302,20050801,0,0,0,33,233,1,2
10303,20050801,4,0,0,543,207,1,2
10304,20050801,6,1,1,442,336,2,1
10305,20050801,6,1,2,441,647,1,1
10306,20050801,7,1,4,270,619,2,1
10307,20050801,3,0,0,29,218,1,2
10308,20050801,8,1,5,279,129,1,2
10309,20050801,8,1,4,373,329,2,2
10310,20050801,3,0,0,210,2,2,2
10311,20050801,1,0,0,101,915,2,1
10312,20050801,7,1,1,510,958,2,2
10313,20050801,3,0,0,368,266,1,2
10314,20050801,4,0,0,536,339,2,2
10315,20050801,6,1,2,144,199,2,1
10316,20050801,4,1,1,481,415,1,2
10317,20050801,4,0,0,559,22,1,2
10318,20050801,2,0,0,411,196,1,1
10319,20050801,3,0,0,480,686,1,2
10320,20050801,7,1,2,214,500,1,1
10321,20050801,1,0,0,336,985,2,1
10322,20050801,6,0,0,76,338,2,2
10323,20050801,5,1,2,497,774,1,1
10324,20050801,8,1,3,385,115,2,2
10325,20050801,7,1,1,144,603,1,1
10326,20050801,1,0,0,45,844,1,1
10327,20050801,6,1,1,567,73,1,2
10328,20050801,0,0,0,534,265,1,2
10329,20050801,1,0,0,117,496,2,1
10330,20050801,6,1,2,597,346,2,2
10331,20050801,6,0,0,327,902,1,1
10332,20050801,8,1,1,144,139,2,2
10333,20050801,2,0,0,269,862,2,2
10334,20050801,7,0,0,13,743,2,1
10335,20050801,3,0,0,266,72,1,1
10336,20050801,2,0,0,198,243,2,2
10337,20050801,8,1,5,328,69,1,1
10338,20050801,8,1,1,124,286,1,2
10339,20050801,9,1,2,307,133,2,2
10340,20050801,4,0,0,579,789,1,1
10341,20050801,6,0,0,13,727,2,1
10342,20050801,8,1,3,552,73,2,1
10343,20050801,0,0,0,103,576,2,2
10344,20050801,5,0,0,179,804,1,1
10345,20050801,2,0,0,504,869,1,2
10346,20050801,4,1,1,71,912,2,1
10347,20050801,3,0,0,273,212,2,1
10348,20050801,2,0,0,551,450,2,2
10349,20050801,7,1,1,436,22,2,1
10350,20050801,4,1,1,222,448,2,1
10351,20050801,7,1,1,23,814,2,1
10352,20050801,4,1,1,123,285,1,2
10353,20050801,7,1,3,76,317,1,1
10354,20050801,5,1,2,381,366,2,1
10355,20050801,1,0,0,265,467,1,2
10356,20050801,9,1,2,164,70,1,1
10357,20050801,2,0,0,528,681,2,2
10358,20050801,2,0,0,492,666,2,1
10359,20050801,5,1,1,334,57,2,2
10360,20050801,4,0,0,60,250,2,1
10361,20050801,8,1,5,188,71,2,2
10362,20050801,9,1,4,568,15,1,2
10363,20050801,3,0,0,583,72,1,1
10364,20050801,7,1,1,156,401,1,2
10365,20050801,4,1,1,119,878,2,1
10366,20050801,3,0,0,153,582,2,1
10367,20050801,3,0,0,109,747,2,2
10368,20050801,6,0,0,558,773,2,2
10369,20050801,6,0,0,112,556,1,1
10370,20050801,3,0,0,111,949,2,2
10371,20050801,2,0,0,508,205,1,2
10372,20050801,4,0,0,209,138,2,1
10373,20050801,1,0,0,120,381,2,1
10374,20050801,5,0,0,37,948,2,2
10375,20050801,4,1,1,190,189,1,2
10376,20050801,5,1,2,362,912,2,2
10377,20050801,8,1,2,148,524,2,2
10378,20050801,5,0,0,581,894,1,1
10379,20050801,5,1,1,274,681,2,1
10380,20050801,1,0,0,82,481,2,1
10381,20050801,4,0,0,201,115,2,1
10382,20050801,0,0,0,109,973,2,1
10383,20050801,2,0,0,178,906,1,2
10384,20050801,0,0,0,509,575,1,1
10385,20050801,4,0,0,435,170,1,1
10386,20050801,5,1,2,176,344,2,2
10387,20050801,7,1,2,137,361,1,1
10388,20050801,8,1,5,474,698,1,2
10389,20050801,7,1,1,442,773,1,2
10390,20050801,7,1,1,230,326,2,2
10391,20050801,2,0,0,461,476,2,2
10392,20050801,9,1,6,238,662,2,1
10393,20050801,4,0,0,144,176,1,1
10394,20050801,3,0,0,415,361,2,1
10395,20050801,4,0,0,105,62,2,2
10396,20050801,6,1,2,365,654,1,1
10397,20050801,2,0,0,562,906,2,1
10398,20050801,2,0,0,583,938,1,1
10399,20050801,8,1,4,522,553,2,1
10400,20050801,9,1,6,463,851,1,1
10401,20050801,0,0,0,123,342,1,1
10402,20050801,3,0,0,74,61,1,1
10403,20050801,1,0,0,147,429,2,2
10404,20050801,6,0,0,290,565,1,1
10405,20050801,3,0,0,72,795,1,2
10406,20050801,0,0,0,282,573,1,1
10407,20050801,0,0,0,455,118,2,2
10408,20050801,7,1,1,27,900,2,2
10409,20050801,1,0,0,259,616,1,2
10410,20050801,9,1,6,323,851,2,1
10411,20050801,8,1,2,406,424,1,2
10412,20050801,3,0,0,45,341,2,2
10413,20050801,6,1,2,438,228,1,1
10414,20050801,3,0,0,70,281,2,2
10415,20050801,3,0,0,51,570,2,1
10416,20050801,9,1,2,259,576,2,2
10417,20050801,0,0,0,47,804,1,2
10418,20050801,3,0,0,577,369,1,2
10419,20050801,4,0,0,486,91,2,2
10420,20050801,4,1,1,58,764,2,2
10421,20050801,1,0,0,146,205,1,2
10422,20050801,9,1,3,314,8,2,2
10423,20050801,7,1,3,597,162,1,1
10424,20050801,5,0,0,473,417,2,1
10425,20050801,3,0,0,444,72,1,1
10426,20050801,7,1,1,544,293,1,1
10427,20050801,5,1,2,227,652,1,2
10428,20050801,1,0,0,443,922,2,2
10429,20050801,9,1,2,115,850,2,1
10430,20050801,1,0,0,465,254,2,1
10431,20050801,6,1,1,94,239,2,2
10432,20050801,7,0,0,251,921,2,2
10433,20050801,4,0,0,492,330,1,2
10434,20050801,4,0,0,491,888,1,1
10435,20050801,7,0,0,155,420,2,1
10436,20050801,2,0,0,34,877,1,1
10437,20050801,9,1,2,298,3,2,1
10438,20050801,7,1,4,211,917,1,2
10439,20050801,7,0,0,29,595,2,1
10440,20050801,1,0,0,277,184,2,2
10441,20050801,2,0,0,4,896,1,2
10442,20050801,4,0,0,350,999,1,2
10443,20050801,3,0,0,235,428,2,2
10444,20050801,8,1,4,430,711,2,1
10445,20050801,7,0,0,90,784,1,2
10446,20050801,3,0,0,217,586,2,2
10447,20050801,6,1,2,121,266,2,1
10448,20050801,1,0,0,439,487,2,2
10449,20050801,4,0,0,596,305,2,1
10450,20050801,7,1,1,419,52,2,1
10451,20050801,2,0,0,379,531,2,2
10452,20050801,3,0,0,119,430,2,2
10453,20050801,7,1,1,394,334,2,2
10454,20050801,2,0,0,379,88,2,2
10455,20050801,4,1,1,474,913,1,1
10456,20050801,5,0,0,313,945,2,1
10457,20050801,4,0,0,195,670,1,2
10458,20050801,1,0,0,268,328,2,1
10459,20050801,2,0,0,527,45,1,1
10460,20050801,7,0,0,83,983,1,1
10461,20050801,8,1,3,416,706,1,1
10462,20050801,1,0,0,306,988,1,2
10463,20050801,8,1,3,570,287,1,1
10464,20050801,4,0,0,47,102,2,1
10465,20050801,8,1,2,183,958,1,2
10466,20050801,4,0,0,574,27,1,1
10467,20050801,8,1,1,201,826,2,2
10468,20050801,4,0,0,105,458,2,2
10469,20050801,3,0,0,86,670,2,2
10470,20050801,3,0,0,591,17,1,1
10471,20050801,5,0,0,220,367,1,2
10472,20050801,3,0,0,20,112,2,1
10473,20050801,9,1,5,30,665,2,2
10474,20050801,7,1,1,335,979,2,1
10475,20050801,9,1,2,339,644,2,2
10476,20050801,8,1,5,404,434,1,1
10477,20050801,5,0,0,248,53,1,2
10478,20050801,4,0,0,457,849,2,1
10479,20050801,4,1,1,569,1000,2,1
10480,20050801,2,0,0,10,120,1,1
10481,20050801,7,1,2,232,51,2,1
10482,20050801,1,0,0,225,10,1,2
10483,20050801,2,0,0,105,331,2,1
10484,20050801,1,0,0,554,415,2,1
10485,20050801,7,1,4,485,6,2,1
10486,20050801,3,0,0,32,536,1,2
10487,20050801,6,0,0,497,249,1,1
10488,20050801,1,0,0,152,67,2,2
10489,20050801,6,1,1,280,887,1,1
10490,20050801,1,0,0,30,951,2,2
10491,20050801,2,0,0,12,679,2,2
10492,20050801,0,0,0,27,364,1,1
10493,20050801,5,0,0,296,518,2,2
10494,20050801,1,0,0,394,186,1,1
10495,20050801,4,1,1,22,483,1,1
10496,20050801,6,1,1,272,91,1,2
10497,20050801,6,0,0,269,235,2,1
10498,20050801,2,0,0,289,586,2,2
10499,20050801,9,1,3,257,725,1,2
10500,20050801,4,0,0,541,103,2,2
10501,20050801,1,0,0,453,389,2,2
10502,20050801,3,0,0,461,702,1,1
10503,20050801,6,1,1,461,396,2,1
10504,20050801,8,1,1,14,735,1,1
10505,20050801,3,0,0,221,652,1,2
10506,20050801,1,0,0,39,260,2,2
10507,20050801,3,0,0,77,80,1,2
10508,20050801,0,0,0,35,850,1,1
10509,20050801,8,1,2,562,19,1,2
10510,20050801,6,1,3,200,90,2,1
10511,20050801,2,0,0,447,847,2,1
10512,20050801,7,1,1,599,725,1,2
10513,20050801,1,0,0,524,883,2,2
10514,20050801,1,0,0,597,330,2,2
10515,20050801,6,1,1,7,193,1,2
10516,20050801,7,1,2,259,856,2,1
10517,20050801,3,0,0,587,500,1,1
10518,20050801,5,1,1,540,971,1,2
10519,20050801,8,1,5,460,429,1,1
10520,20050801,5,0,0,349,961,1,2
10521,20050801,3,0,0,442,143,1,2
10522,20050801,4,0,0,55,903,2,1
10523,20050801,0,0,0,287,525,2,1
10524,20050801,6,1,3,348,895,1,2
10525,20050801,5,0,0,253,835,1,1
10526,20050801,7,1,4,551,6,1,1
10527,20050801,4,0,0,35,989,1,2
10528,20050801,5,0,0,123,962,1,1
10529,20050801,7,1,2,154,187,2,1
10530,20050801,4,0,0,590,706,2,2
10531,20050801,2,0,0,257,842,2,2
10532,20050801,6,1,2,446,163,2,2
10533,20050801,8,1,3,558,418,1,2
10534,20050801,3,0,0,426,949,1,1
10535,20050801,7,1,1,365,399,2,1
10536,20050801,3,0,0,505,276,1,2
10537,20050801,6,1,2,143,463,1,1
10538,20050801,0,0,0,107,150,2,2
10539,20050801,5,1,1,377,734,2,2
10540,20050801,1,0,0,320,896,1,2
10541,20050801,2,0,0,308,309,2,1
10542,20050801,7,1,3,347,245,1,1
10543,20050801,5,1,2,299,135,2,1
10544,20050801,5,1,1,145,702,1,2
10545,20050801,3,0,0,343,920,1,2
10546,20050801,5,1,1,42,349,1,2
10547,20050801,6,1,1,235,372,1,1
10548,20050801,5,0,0,534,416,2,1
10549,20050801,5,0,0,487,813,2,1
10550,20050801,4,0,0,105,432,1,2
10551,20050801,9,1,6,555,651,2,1
10552,20050801,3,0,0,153,927,1,2
10553,20050801,5,0,0,359,608,2,1
10554,20050801,1,0,0,187,707,2,2
10555,20050801,9,1,4,447,83,2,1
10556,20050801,1,0,0,197,30,1,2
10557,20050801,3,0,0,300,54,2,2
10558,20050801,4,0,0,197,961,2,1
10559,20050801,7,1,3,583,627,2,2
10560,20050801,4,0,0,47,336,1,2
10561,20050801,2,0,0,364,474,2,2
10562,20050801,1,0,0,57,424,1,1
10563,20050801,7,0,0,576,410,2,2
10564,20050801,5,0,0,139,976,2,2
10565,20050801,0,0,0,93,77,1,1
10566,20050801,3,0,0,573,869,2,2
10567,20050801,4,0,0,548,602,1,1
10568,20050801,7,0,0,48,660,2,1
10569,20050801,9,1,3,435,132,2,1
10570,20050801,4,0,0,31,81,1,2
10571,20050801,1,0,0,563,800,1,2
10572,20050801,6,1,2,525,274,1,2
10573,20050801,3,0,0,17,924,2,2
10574,20050801,8,1,1,231,149,1,2
10575,20050801,6,1,2,168,972,1,1
10576,20050801,3,0,0,136,409,1,1
10577,20050801,4,1,1,450,484,2,2
10578,20050801,5,0,0,581,810,2,1
10579,20050801,5,0,0,416,887,1,1
10580,20050801,6,1,3,308,129,1,2
10581,20050801,9,1,3,226,615,2,1
10582,20050801,4,0,0,149,556,2,2
10583,20050801,2,0,0,462,154,1,1
10584,20050801,4,1,1,505,156,2,2
10585,20050801,7,1,3,68,586,1,2
10586,20050801,4,1,1,538,728,1,2
10587,20050801,7,0,0,127,658,2,2
10588,20050801,1,0,0,458,520,1,2
10589,20050801,7,0,0,140,931,2,2
10590,20050801,3,0,0,222,162,1,1
10591,20050801,2,0,0,478,738,1,2
10592,20050801,7,0,0,141,181,2,2
10593,20050801,4,0,0,33,411,1,2
10594,20050801,5,0,0,291,397,1,2
10595,20050801,1,0,0,360,215,2,1
10596,20050801,6,1,3,564,175,1,2
10597,20050801,7,1,1,173,725,1,1
10598,20050801,8,1,3,426,509,2,2
10599,20050801,4,0,0,210,528,1,2
10600,20050801,5,1,2,555,851,2,1
10601,20050801,8,1,5,556,624,1,1
10602,20050801,6,1,2,580,329,2,1
10603,20050801,3,0,0,480,877,1,2
10604,20050801,6,1,1,375,621,2,2
10605,20050801,4,0,0,361,149,1,2
10606,20050801,6,1,3,507,17,1,1
10607,20050801,1,0,0,599,871,1,2
10608,20050801,3,0,0,8,840,1,2
10609,20050801,2,0,0,496,568,1,2
10610,20050801,1,0,0,281,407,1,1
10611,20050801,5,1,1,220,213,1,2
10612,20050801,5,1,2,223,65,2,1
10613,20050801,5,0,0,32,949,2,1
10614,20050801,8,1,3,82,51,2,2
10615,20050801,0,0,0,287,579,1,1
10616,20050801,5,1,2,383,243,2,2
10617,20050801,8,1,5,71,946,2,1
10618,20050801,5,1,1,525,815,1,2
10619,20050801,5,0,0,463,473,2,2
10620,20050801,7,1,4,52,673,2,1
10621,20050801,2,0,0,510,360,1,1
10622,20050801,6,0,0,315,668,1,1
10623,20050801,1,0,0,147,967,2,2
10624,20050801,4,0,0,56,833,1,1
10625,20050801,0,0,0,496,663,2,1
10626,20050801,4,1,1,391,233,1,1
10627,20050801,1,0,0,589,440,2,1
10628,20050801,4,0,0,296,94,1,1
10629,20050801,6,1,2,327,222,2,2
10630,20050801,1,0,0,62,507,2,1
10631,20050801,1,0,0,389,595,2,1
10632,20050801,4,1,1,592,285,1,1
10633,20050801,8,1,2,528,687,1,2
10634,20050801,0,0,0,178,99,1,2
10635,20050801,5,0,0,478,119,2,2
10636,20050801,4,1,1,300,135,1,1
10637,20050801,2,0,0,265,274,2,1
10638,20050801,7,1,4,463,484,1,2
10639,20050801,8,1,4,62,227,2,1
10640,20050801,5,0,0,140,663,1,1
10641,20050801,3,0,0,296,216,2,2
10642,20050801,1,0,0,555,563,2,1
10643,20050801,5,1,1,81,843,2,2
10644,20050801,7,1,4,597,953,2,1
10645,20050801,8,1,1,48,845,2,1
10646,20050801,1,0,0,187,381,1,1
10647,20050801,5,0,0,339,689,1,2
10648,20050801,4,0,0,416,151,1,1
10649,20050801,4,0,0,514,231,1,2
10650,20050801,8,1,5,109,501,1,1
10651,20050801,1,0,0,294,337,2,1
10652,20050801,1,0,0,121,356,2,2
10653,20050801,6,1,1,490,265,1,2
10654,20050801,3,0,0,384,554,2,2
10655,20050801,7,1,4,300,306,1,2
10656,20050801,8,1,2,368,563,1,2
10657,20050801,4,0,0,28,676,2,2
10658,20050801,8,1,2,481,646,1,2
10659,20050801,8,1,1,228,172,1,2
10660,20050801,5,0,0,290,554,1,2
10661,20050801,1,0,0,336,729,2,1
10662,20050801,2,0,0,101,626,2,1
10663,20050801,7,1,4,353,925,2,2
10664,20050801,3,0,0,295,696,1,2
10665,20050801,2,0,0,344,786,1,1
10666,20050801,6,0,0,83,423,2,2
10667,20050801,8,1,3,588,858,2,1
10668,20050801,0,0,0,316,452,2,2
10669,20050801,7,1,4,148,460,1,2
10670,20050801,8,1,2,537,34,2,2
10671,20050801,8,1,4,254,969,1,1
10672,20050801,5,0,0,140,804,1,2
10673,20050801,1,0,0,6,600,1,1
10674,20050801,7,1,1,588,428,1,1
10675,20050801,9,1,3,406,141,1,1
10676,20050801,2,0,0,284,137,2,1
10677,20050801,3,0,0,511,948,2,1
10678,20050801,4,0,0,164,970,2,1
10679,20050801,6,0,0,369,970,2,1
10680,20050801,3,0,0,203,549,1,1
10681,20050801,0,0,0,153,321,1,2
10682,20050801,4,0,0,371,995,1,2
10683,20050801,3,0,0,53,55,1,1
10684,20050801,7,1,3,403,433,1,2
10685,20050801,6,0,0,523,442,1,2
10686,20050801,2,0,0,330,557,2,1
10687,20050801,4,0,0,539,700,2,2
10688,20050801,8,1,2,259,694,1,1
10689,20050801,4,0,0,579,315,2,2
10690,20050801,9,1,6,368,175,2,2
10691,20050801,1,0,0,578,932,1,1
10692,20050801,5,0,0,174,81,1,1
10693,20050801,2,0,0,154,521,1,2
10694,20050801,8,1,2,532,752,2,1
10695,20050801,1,0,0,63,789,2,2
10696,20050801,2,0,0,134,10,1,1
10697,20050801,6,1,2,278,684,2,1
10698,20050801,7,1,3,220,601,1,2
10699,20050801,5,0,0,462,231,1,1
10700,20050801,6,1,1,242,926,2,2
10701,20050801,8,1,3,80,863,1,1
10702,20050801,8,1,2,10,615,2,2
10703,20050801,6,1,2,568,395,1,2
10704,20050801,7,1,4,97,214,2,1
10705,20050801,2,0,0,8,945,2,1
10706,20050801,8,1,2,303,263,2,1
10707,20050801,4,0,0,420,258,2,1
10708,20050801,7,1,2,448,867,1,1
10709,20050801,4,0,0,143,63,2,2
10710,20050801,1,0,0,336,677,2,1
10711,20050801,1,0,0,554,931,2,2
10712,20050801,6,1,1,586,265,1,2
10713,20050801,3,0,0,334,442,1,2
10714,20050801,2,0,0,85,320,2,2
10715,20050801,4,0,0,525,234,2,1
10716,20050801,2,0,0,78,746,2,1
10717,20050801,4,0,0,293,644,2,1
10718,20050801,2,0,0,480,606,2,1
10719,20050801,5,0,0,394,845,1,1
10720,20050801,5,0,0,454,812,1,2
10721,20050801,8,1,1,371,200,2,2
10722,20050801,2,0,0,106,624,2,2
10723,20050801,7,1,3,401,555,1,2
10724,20050801,5,1,2,493,750,1,1
10725,20050801,5,1,1,183,980,1,2
10726,20050801,7,1,3,490,164,1,2
10727,20050801,1,0,0,539,445,1,1
10728,20050801,3,0,0,268,688,2,1
10729,20050801,6,1,2,98,641,2,2
10730,20050801,9,1,6,256,389,2,1
10731,20050801,7,0,0,514,923,2,2
10732,20050801,9,1,5,80,617,1,1
10733,20050801,7,1,2,10,867,1,1
10734,20050801,1,0,0,31,250,2,2
10735,20050801,1,0,0,59,885,1,2
10736,20050801,1,0,0,125,481,2,1
10737,20050801,8,1,2,549,385,1,1
10738,20050801,9,1,3,255,119,1,1
10739,20050801,5,0,0,83,694,1,2
10740,20050801,6,1,1,33,706,2,1
10741,20050801,3,0,0,481,726,2,1
10742,20050801,8,1,5,381,799,1,1
10743,20050801,1,0,0,83,914,2,1
10744,20050801,7,0,0,267,122,2,2
10745,20050801,5,0,0,37,99,1,1
10746,20050801,8,1,5,237,69,1,2
10747,20050801,8,1,1,25,988,1,2
10748,20050801,3,0,0,568,824,2,1
10749,20050801,1,0,0,576,648,1,1
10750,20050801,5,1,2,172,704,2,1
10751,20050801,9,1,3,518,716,2,2
10752,20050801,8,1,5,303,704,1,2
10753,20050801,7,1,2,341,341,2,1
10754,20050801,8,1,5,135,460,1,2
10755,20050801,5,0,0,240,270,2,1
10756,20050801,6,0,0,174,923,2,2
10757,20050801,2,0,0,394,21,1,2
10758,20050801,8,1,2,409,43,1,1
10759,20050801,6,1,2,355,772,1,1
10760,20050801,7,1,2,542,289,1,1
10761,20050801,6,1,1,253,864,2,2
10762,20050801,3,0,0,184,300,2,1
10763,20050801,3,0,0,578,220,1,2
10764,20050801,2,0,0,461,834,2,2
10765,20050801,2,0,0,295,122,2,1
10766,20050801,2,0,0,556,210,2,1
10767,20050801,3,0,0,335,630,2,2
10768,20050801,8,1,1,341,100,1,1
10769,20050801,3,0,0,494,707,2,1
10770,20050801,2,0,0,146,562,2,1
10771,20050801,8,1,3,113,282,1,1
10772,20050801,8,1,5,113,26,2,1
10773,20050801,5,1,1,568,843,2,1
10774,20050801,7,1,4,470,920,1,2
10775,20050801,2,0,0,404,912,1,2
10776,20050801,8,1,5,390,350,1,2
10777,20050801,4,1,1,519,764,1,1
10778,20050801,1,0,0,502,421,2,2
10779,20050801,7,1,4,321,453,2,2
10780,20050801,5,1,1,557,317,2,2
10781,20050801,4,1,1,200,292,1,1
10782,20050801,1,0,0,497,330,1,2
10783,20050801,7,1,3,81,266,1,1
10784,20050801,7,0,0,184,765,1,1
10785,20050801,4,0,0,426,494,1,1
10786,20050801,8,1,2,138,10,2,1
10787,20050801,9,1,6,449,715,1,1
10788,20050801,1,0,0,441,736,1,1
10789,20050801,5,0,0,235,726,2,2
10790,20050801,6,0,0,208,677,2,2
10791,20050801,2,0,0,469,447,2,2
10792,20050801,0,0,0,275,232,1,2
10793,20050801,8,1,1,182,663,1,1
10794,20050801,8,1,4,398,199,1,2
10795,20050801,1,0,0,304,603,1,1
10796,20050801,3,0,0,183,458,1,1
10797,20050801,2,0,0,563,377,1,1
10798,20050801,6,0,0,274,84,1,1
10799,20050801,4,1,1,471,723,1,2
10800,20050801,4,0,0,538,112,2,1
10801,20050801,7,1,1,247,822,2,1
10802,20050801,8,1,4,57,870,2,2
10803,20050801,6,1,3,443,730,1,2
10804,20050801,1,0,0,174,641,1,2
10805,20050801,3,0,0,242,121,2,2
10806,20050801,2,0,0,15,777,1,2
10807,20050801,3,0,0,231,365,2,1
10808,20050801,7,0,0,513,130,2,1
10809,20050801,1,0,0,588,258,2,2
10810,20050801,4,0,0,438,502,2,1
10811,20050801,8,1,5,187,873,2,1
10812,20050801,5,1,1,297,823,2,1
10813,20050801,1,0,0,460,783,1,1
10814,20050801,3,0,0,458,605,2,2
10815,20050801,1,0,0,572,193,2,2
10816,20050801,8,1,1,105,201,1,2
10817,20050801,8,1,1,417,672,1,2
10818,20050801,4,0,0,268,993,1,1
10819,20050801,4,0,0,563,219,1,1
10820,20050801,0,0,0,354,326,2,2
10821,20050801,5,1,2,406,438,2,2
10822,20050801,0,0,0,337,850,2,1
10823,20050801,7,1,4,20,730,2,1
10824,20050801,2,0,0,324,861,2,2
10825,20050801,2,0,0,322,958,1,1
10826,20050801,6,1,1,71,272,1,2
10827,20050801,6,1,2,443,349,1,1
10828,20050801,7,1,2,465,534,2,1
10829,20050801,7,1,4,223,37,1,2
10830,20050801,4,1,1,425,908,1,2
10831,20050801,5,1,2,222,327,2,2
10832,20050801,4,1,1,447,892,1,1
10833,20050801,8,1,1,102,957,1,1
10834,20050801,5,1,1,536,491,1,1
10835,20050801,8,1,1,106,78,1,2
10836,20050801,5,1,1,226,989,2,2
10837,20050801,5,1,1,74,395,1,1
10838,20050801,3,0,0,139,13,2,2
10839,20050801,0,0,0,324,628,2,1
10840,20050801,5,0,0,558,127,1,2
10841,20050801,5,0,0,262,945,2,1
10842,20050801,9,1,4,360,287,1,1
10843,20050801,8,1,3,196,284,2,2
10844,20050801,7,1,1,26,331,1,2
10845,20050801,6,1,1,504,600,2,1
10846,20050801,6,0,0,2,492,1,1
10847,20050801,8,1,4,374,267,1,2
10848,20050801,4,0,0,256,577,1,1
10849,20050801,8,1,2,514,367,1,2
10850,20050801,8,1,3,587,403,2,1
10851,20050801,2,0,0,128,300,1,1
10852,20050802,1,0,0,398,845,1,1
10853,20050802,8,1,5,22,589,2,2
10854,20050802,0,0,0,227,725,2,2
10855,20050802,1,0,0,208,301,1,1
10856,20050802,2,0,0,328,437,2,2
10857,20050802,2,0,0,421,649,2,1
10858,20050802,3,0,0,459,187,2,2
10859,20050802,6,1,1,140,61,2,1
10860,20050802,2,0,0,385,620,2,1
10861,20050802,7,1,1,527,467,2,2
10862,20050802,6,0,0,4,240,2,2
10863,20050802,8,1,4,265,259,1,2
10864,20050802,6,1,2,151,369,2,1
10865,20050802,7,1,1,172,326,1,2
10866,20050802,5,1,2,112,23,1,1
10867,20050802,3,0,0,244,564,2,1
10868,20050802,8,1,4,376,533,1,2
10869,20050802,2,0,0,579,650,2,2
10870,20050802,0,0,0,266,330,1,2
10871,20050802,3,0,0,490,21,2,1
10872,20050802,4,0,0,320,541,2,2
10873,20050802,4,1,1,248,37,1,2
10874,20050802,5,0,0,423,559,2,1
10875,20050802,3,0,0,181,189,2,2
10876,20050802,3,0,0,148,467,1,1
10877,20050802,5,1,1,447,734,1,2
10878,20050802,5,1,2,77,768,2,1
10879,20050802,7,1,1,27,965,1,2
10880,20050802,4,0,0,6,99,2,2
10881,20050802,7,1,2,290,170,2,2
10882,20050802,7,1,3,280,298,1,1
10883,20050802,0,0,0,433,1,1,1
10884,20050802,1,0,0,104,810,1,1
10885,20050802,7,1,3,519,918,2,2
10886,20050802,5,0,0,40,209,1,1
10887,20050802,1,0,0,305,756,2,1
10888,20050802,1,0,0,450,526,2,1
10889,20050802,5,0,0,85,455,1,1
10890,20050802,8,1,2,593,16,1,1
10891,20050802,3,0,0,172,281,2,2
10892,20050802,7,1,1,467,714,2,1
10893,20050802,9,1,5,317,555,2,2
10894,20050802,7,0,0,557,130,2,1
10895,20050802,1,0,0,40,19,1,2
10896,20050802,6,1,2,408,494,1,1
10897,20050802,1,0,0,469,66,1,1
10898,20050802,3,0,0,310,835,1,2
10899,20050802,4,1,1,299,189,2,2
10900,20050802,4,0,0,498,380,2,2
10901,20050802,2,0,0,585,835,1,2
10902,20050802,7,0,0,318,845,2,1
10903,20050802,4,0,0,285,592,1,1
10904,20050802,2,0,0,558,805,2,1
10905,20050802,2,0,0,267,621,2,1
10906,20050802,5,0,0,72,689,2,2
10907,20050802,0,0,0,559,313,1,1
10908,20050802,2,0,0,573,284,2,2
10909,20050802,1,0,0,185,770,2,2
10910,20050802,8,1,3,25,530,1,2
10911,20050802,6,0,0,171,167,2,2
10912,20050802,4,0,0,541,160,1,1
10913,20050802,7,1,3,390,744,1,1
10914,20050802,4,0,0,165,127,2,1
10915,20050802,8,1,2,143,998,2,2
10916,20050802,4,0,0,385,841,2,2
10917,20050802,1,0,0,114,691,1,1
10918,20050802,0,0,0,574,748,2,1
10919,20050802,1,0,0,339,191,1,1
10920,20050802,4,0,0,288,682,1,1
10921,20050802,7,1,3,464,395,2,2
10922,20050802,4,1,1,584,987,1,1
10923,20050802,1,0,0,240,571,2,1
10924,20050802,9,1,6,65,129,1,2
10925,20050802,1,0,0,532,322,2,1
10926,20050802,7,1,1,135,875,1,1
10927,20050802,8,1,5,346,897,1,1
10928,20050802,5,0,0,90,633,2,1
10929,20050802,3,0,0,544,203,2,1
10930,20050802,6,1,1,43,441,1,2
10931,20050802,1,0,0,526,720,1,1
10932,20050802,3,0,0,98,368,1,2
10933,20050802,6,1,3,89,865,1,1
10934,20050802,3,0,0,535,973,2,2
10935,20050802,7,1,4,504,953,2,2
10936,20050802,9,1,5,13,102,2,1
10937,20050802,9,1,6,381,292,1,2
10938,20050802,3,0,0,230,855,2,1
10939,20050802,1,0,0,265,461,2,2
10940,20050802,5,1,1,134,823,1,2
10941,20050802,8,1,5,288,461,2,1
10942,20050802,8,1,5,222,501,1,2
10943,20050802,0,0,0,255,231,2,2
10944,20050802,2,0,0,594,518,1,2
10945,20050802,7,1,3,586,806,1,1
10946,20050802,2,0,0,164,929,1,1
10947,20050802,5,1,2,245,551,2,1
10948,20050802,3,0,0,502,968,1,1
10949,20050802,4,0,0,87,502,1,2
10950,20050802,5,0,0,328,154,2,2
10951,20050802,5,1,2,33,37,2,1
10952,20050802,6,1,1,580,707,1,1
10953,20050802,9,1,2,511,330,1,1
10954,20050802,6,1,1,383,747,1,2
10955,20050802,7,1,3,138,134,2,2
10956,20050802,7,1,4,280,953,1,2
10957,20050802,8,1,3,444,361,1,2
10958,20050802,2,0,0,441,469,2,2
10959,20050802,9,1,6,35,920,2,1
10960,20050802,8,1,2,384,773,2,1
10961,20050802,6,1,1,140,310,1,1
10962,20050802,4,0,0,80,426,2,1
10963,20050802,0,0,0,253,982,2,1
10964,20050802,7,1,2,253,512,2,2
10965,20050802,6,0,0,401,474,2,1
10966,20050802,5,0,0,165,105,2,2
10967,20050802,7,0,0,549,149,2,1
10968,20050802,9,1,5,308,197,1,1
10969,20050802,7,0,0,403,413,1,1
10970,20050802,8,1,4,84,267,1,1
10971,20050802,6,0,0,7,611,2,1
10972,20050802,7,1,2,494,418,2,1
10973,20050802,6,1,3,449,778,1,2
10974,20050802,7,1,2,150,151,1,1
10975,20050802,2,0,0,70,574,1,2
10976,20050802,4,0,0,454,527,2,2
10977,20050802,4,0,0,216,500,2,2
10978,20050802,8,1,5,447,350,1,2
10979,20050802,3,0,0,441,575,2,2
10980,20050802,2,0,0,285,31,2,1
10981,20050802,6,1,1,544,809,2,2
10982,20050802,1,0,0,388,551,2,2
10983,20050802,7,1,3,419,982,2,2
10984,20050802,7,0,0,251,394,1,1
10985,20050802,1,0,0,199,600,1,1
10986,20050802,7,1,3,392,121,1,2
10987,20050802,1,0,0,402,215,2,1
10988,20050802,6,0,0,193,255,2,1
10989,20050802,6,1,2,597,491,2,2
10990,20050802,8,1,2,580,58,2,2
10991,20050802,3,0,0,40,625,2,2
10992,20050802,6,1,3,136,2,2,1
10993,20050802,1,0,0,7,66,1,1
10994,20050802,9,1,3,326,140,2,1
10995,20050802,5,0,0,588,635,2,1
10996,20050802,4,1,1,176,483,2,1
10997,20050802,8,1,3,27,68,1,2
10998,20050802,8,1,1,99,323,2,1
10999,20050802,3,0,0,170,438,1,2
11000,20050802,4,0,0,141,59,1,2
11001,20050802,9,1,4,496,810,1,1
11002,20050802,3,0,0,538,676,2,2
11003,20050802,3,0,0,125,937,2,2
11004,20050802,8,1,3,77,44,2,2
11005,20050802,5,0,0,39,339,2,2
11006,20050802,2,0,0,244,609,2,1
11007,20050802,2,0,0,532,907,1,2
11008,20050802,7,1,2,140,621,1,2
11009,20050802,5,0,0,174,563,2,1
11010,20050802,1,0,0,454,191,1,2
11011,20050802,7,1,2,355,868,1,1
11012,20050802,3,0,0,159,118,2,2
11013,20050802,8,1,5,32,656,2,1
11014,20050802,5,0,0,573,86,2,1
11015,20050802,5,0,0,94,944,2,2
11016,20050802,3,0,0,247,972,1,1
11017,20050802,6,0,0,513,899,1,2
11018,20050802,5,0,0,83,655,1,1
11019,20050802,1,0,0,564,709,1,1
11020,20050802,4,0,0,109,358,2,2
11021,20050802,3,0,0,300,449,2,2
11022,20050802,7,0,0,43,181,1,2
11023,20050802,8,1,2,565,790,1,1
11024,20050802,8,1,4,47,494,1,1
11025,20050802,5,0,0,209,487,2,2
11026,20050802,5,0,0,288,777,1,2
11027,20050802,3,0,0,201,123,2,1
11028,20050802,8,1,5,486,606,2,1
11029,20050802,2,0,0,77,229,1,1
11030,20050802,3,0,0,104,314,2,1
11031,20050802,5,1,1,70,267,2,2
11032,20050802,2,0,0,9,248,2,2
11033,20050802,7,0,0,488,731,2,2
11034,20050802,6,0,0,499,645,2,1
11035,20050802,6,1,1,544,827,1,2
11036,20050802,2,0,0,230,446,1,2
11037,20050802,5,0,0,502,935,2,1
11038,20050802,5,1,2,235,973,1,2
11039,20050802,3,0,0,232,119,2,2
11040,20050802,1,0,0,382,500,1,1
11041,20050802,1,0,0,99,413,1,1
11042,20050802,8,1,5,267,901,2,1
11043,20050802,4,0,0,305,12,2,1
11044,20050802,3,0,0,391,643,1,1
11045,20050802,5,0,0,158,479,1,1
11046,20050802,4,0,0,550,456,2,2
11047,20050802,9,1,5,381,489,2,1
11048,20050802,1,0,0,150,45,2,2
11049,20050802,9,1,3,348,948,2,2
11050,20050802,6,1,1,308,450,2,1
11051,20050802,4,1,1,233,912,1,2
11052,20050802,3,0,0,19,243,1,2
11053,20050802,7,1,1,485,571,1,2
11054,20050802,7,1,2,497,159,2,2
11055,20050802,3,0,0,553,843,1,1
11056,20050802,7,1,1,473,307,2,1
11057,20050802,8,1,1,360,690,1,1
11058,20050802,4,1,1,208,720,2,1
11059,20050802,6,1,1,73,95,1,1
11060,20050802,8,1,3,110,745,1,1
11061,20050802,5,0,0,477,176,1,2
11062,20050802,5,1,2,442,438,2,1
11063,20050802,2,0,0,399,489,1,2
11064,20050802,3,0,0,469,661,1,1
11065,20050802,3,0,0,461,481,2,2
11066,20050802,7,1,4,409,916,1,2
11067,20050802,8,1,4,534,215,1,2
11068,20050802,7,0,0,478,280,1,2
11069,20050802,6,0,0,356,11,2,1
11070,20050802,1,0,0,157,875,2,1
11071,20050802,5,0,0,555,927,1,1
11072,20050802,2,0,0,31,677,1,1
11073,20050802,0,0,0,308,920,1,1
11074,20050802,5,1,2,372,314,2,1
11075,20050802,5,0,0,302,664,2,1
11076,20050802,8,1,4,90,183,2,1
11077,20050802,7,1,4,561,925,1,2
11078,20050802,4,0,0,322,514,2,2
11079,20050802,4,1,1,299,698,2,2
11080,20050802,5,0,0,418,937,2,1
11081,20050802,7,1,2,357,833,2,1
11082,20050802,4,0,0,501,666,1,2
11083,20050802,5,0,0,436,961,1,1
11084,20050802,5,0,0,334,7,1,1
11085,20050802,1,0,0,578,705,1,1
11086,20050802,8,1,5,396,120,1,1
11087,20050802,8,1,5,574,142,1,2
11088,20050802,3,0,0,94,601,1,2
11089,20050802,4,0,0,219,181,1,1
11090,20050802,8,1,3,15,602,1,1
11091,20050802,4,0,0,152,362,1,2
11092,20050802,1,0,0,203,123,2,2
11093,20050802,8,1,3,529,54,1,1
11094,20050802,1,0,0,371,680,2,1
11095,20050802,7,1,2,514,770,2,1
11096,20050802,1,0,0,287,314,2,2
11097,20050802,8,1,1,327,546,2,2
11098,20050802,8,1,2,338,34,2,2
11099,20050802,5,0,0,262,316,2,2
11100,20050802,7,0,0,162,668,2,1
11101,20050802,3,0,0,368,575,1,1
11102,20050802,2,0,0,491,683,2,1
11103,20050802,5,1,2,561,409,2,1
11104,20050802,3,0,0,169,667,2,1
11105,20050802,1,0,0,477,696,2,1
11106,20050802,0,0,0,231,501,2,1
11107,20050802,5,0,0,74,479,2,2
11108,20050802,1,0,0,444,122,1,2
11109,20050802,7,1,4,543,589,2,2
11110,20050802,1,0,0,356,939,2,2
11111,20050802,3,0,0,114,74,1,2
11112,20050802,1,0,0,175,116,1,1
11113,20050802,5,0,0,234,361,1,2
11114,20050802,1,0,0,414,282,1,2
11115,20050802,1,0,0,483,835,1,2
11116,20050802,6,1,2,506,96,1,1
11117,20050802,2,0,0,362,352,2,2
11118,20050802,2,0,0,189,526,2,2
11119,20050802,8,1,5,292,938,1,2
11120,20050802,2,0,0,11,911,2,1
11121,20050802,1,0,0,414,229,2,2
11122,20050802,5,0,0,7,663,2,1
11123,20050802,7,1,2,330,418,1,2
11124,20050802,8,1,1,116,153,1,1
11125,20050802,1,0,0,475,451,1,1
11126,20050802,2,0,0,50,728,2,1
11127,20050802,3,0,0,453,245,2,2
11128,20050802,6,0,0,525,761,2,1
11129,20050802,1,0,0,521,5,2,1
11130,20050802,6,0,0,30,150,1,2
11131,20050802,6,1,1,479,406,1,2
11132,20050802,5,1,1,41,478,2,1
11133,20050802,2,0,0,134,147,2,1
11134,20050802,8,1,5,249,579,1,1
11135,20050802,2,0,0,204,174,2,2
11136,20050802,6,1,1,148,291,1,2
11137,20050802,5,1,1,49,549,2,1
11138,20050802,8,1,1,252,924,1,2
11139,20050802,6,1,2,410,227,1,2
11140,20050802,2,0,0,463,840,1,1
11141,20050802,1,0,0,189,353,1,1
11142,20050802,2,0,0,317,648,1,1
11143,20050802,3,0,0,432,743,1,2
11144,20050802,1,0,0,438,597,2,2
11145,20050802,3,0,0,570,281,2,1
11146,20050802,4,0,0,92,545,2,1
11147,20050802,4,0,0,392,342,1,1
11148,20050802,6,1,1,423,655,2,1
11149,20050802,8,1,2,225,716,1,2
11150,20050802,2,0,0,32,474,2,2
11151,20050802,2,0,0,282,859,1,2
11152,20050802,9,1,3,147,849,2,1
11153,20050802,8,1,3,502,339,2,1
11154,20050802,4,0,0,441,152,1,2
11155,20050802,0,0,0,491,436,1,2
11156,20050802,2,0,0,347,201,1,2
11157,20050802,3,0,0,403,290,1,2
11158,20050802,8,1,4,501,116,2,2
11159,20050802,3,0,0,116,1000,1,1
11160,20050802,4,0,0,75,717,2,1
11161,20050802,3,0,0,302,730,2,2
11162,20050802,3,0,0,372,392,2,2
11163,20050802,3,0,0,408,418,1,1
11164,20050802,8,1,4,401,972,2,2
11165,20050802,2,0,0,357,447,1,1
11166,20050802,9,1,2,297,139,1,1
11167,20050802,6,1,1,328,31,1,1
11168,20050802,1,0,0,464,103,1,1
11169,20050802,4,0,0,30,522,2,1
11170,20050802,6,1,1,285,294,2,1
11171,20050802,2,0,0,124,685,2,2
11172,20050802,9,1,3,304,268,2,1
11173,20050802,8,1,5,575,936,2,1
11174,20050802,7,1,2,241,341,1,1
11175,20050802,4,1,1,520,17,2,2
11176,20050802,7,1,3,107,317,1,2
11177,20050802,8,1,4,574,254,1,2
11178,20050802,3,0,0,44,573,1,1
11179,20050802,1,0,0,496,956,1,1
11180,20050802,9,1,3,183,793,1,1
11181,20050802,4,0,0,312,687,2,1
11182,20050802,3,0,0,280,131,2,1
11183,20050802,1,0,0,262,182,1,2
11184,20050802,8,1,2,200,191,2,1
11185,20050802,3,0,0,481,270,1,2
11186,20050802,0,0,0,340,160,2,1
11187,20050802,8,1,5,74,791,2,1
11188,20050802,6,1,1,113,302,1,2
11189,20050802,7,1,2,390,159,2,2
11190,20050802,2,0,0,55,205,1,1
11191,20050802,7,1,2,418,244,1,1
11192,20050802,4,0,0,402,435,1,2
11193,20050802,2,0,0,533,486,1,1
11194,20050802,7,1,4,220,599,2,1
11195,20050802,0,0,0,336,951,1,1
11196,20050802,8,1,5,54,580,1,2
11197,20050802,0,0,0,391,667,1,1
11198,20050802,7,0,0,65,638,2,2
11199,20050802,7,1,2,321,856,2,2
11200,20050802,4,1,1,532,599,1,2
11201,20050802,8,1,4,171,329,1,1
11202,20050802,5,1,2,234,791,2,1
11203,20050802,8,1,2,46,986,2,2
11204,20050802,4,0,0,323,783,1,2
11205,20050802,2,0,0,92,941,2,1
11206,20050802,5,1,2,407,897,2,2
11207,20050802,2,0,0,500,976,2,1
11208,20050802,2,0,0,5,997,1,1
11209,20050802,4,0,0,12,707,2,1
11210,20050802,2,0,0,190,92,2,2
11211,20050802,0,0,0,477,376,1,1
11212,20050802,3,0,0,337,873,1,2
11213,20050802,2,0,0,165,226,1,2
11214,20050802,8,1,3,470,597,2,1
11215,20050802,4,0,0,83,84,1,1
11216,20050802,1,0,0,244,246,2,1
11217,20050802,6,1,2,457,267,1,2
11218,20050802,8,1,1,245,249,2,2
11219,20050802,6,0,0,399,634,2,2
11220,20050802,2,0,0,320,827,2,2
11221,20050802,1,0,0,575,368,1,1
11222,20050802,9,1,2,470,387,1,2
11223,20050802,5,1,2,392,434,2,1
11224,20050802,1,0,0,568,858,2,2
11225,20050802,2,0,0,24,814,1,2
11226,20050802,3,0,0,422,16,2,1
11227,20050802,9,1,4,162,244,2,1
11228,20050802,5,0,0,33,561,1,1
11229,20050802,8,1,2,29,209,1,2
11230,20050802,2,0,0,352,320,2,1
11231,20050802,4,0,0,106,244,2,2
11232,20050802,8,1,5,364,216,2,1
11233,20050802,6,1,3,25,480,2,1
11234,20050802,3,0,0,398,228,2,1
11235,20050802,0,0,0,449,549,2,1
11236,20050802,6,1,2,556,30,1,2
11237,20050802,2,0,0,221,586,1,2
11238,20050802,6,0,0,248,594,1,2
11239,20050802,1,0,0,580,43,1,1
11240,20050802,2,0,0,392,468,2,1
11241,20050802,8,1,4,349,798,2,2
11242,20050802,8,1,1,405,232,2,2
11243,20050802,9,1,5,70,553,2,1
11244,20050802,7,1,4,535,750,1,2
11245,20050802,1,0,0,46,572,2,2
11246,20050802,0,0,0,132,782,2,2
11247,20050802,4,1,1,2,363,1,2
11248,20050802,0,0,0,459,899,1,1
11249,20050802,4,0,0,378,745,1,1
11250,20050802,7,1,3,260,481,1,2
11251,20050802,7,0,0,586,471,2,2
11252,20050802,4,0,0,295,526,2,2
11253,20050802,7,0,0,595,637,2,2
11254,20050802,5,0,0,264,11,1,1
11255,20050802,0,0,0,104,745,1,1
11256,20050802,2,0,0,574,447,1,1
11257,20050802,9,1,6,191,21,2,1
11258,20050802,3,0,0,109,346,1,1
11259,20050802,5,1,1,546,199,2,1
11260,20050802,3,0,0,175,875,1,2
11261,20050802,8,1,5,522,6,2,2
11262,20050802,3,0,0,494,15,1,2
11263,20050802,5,0,0,219,265,1,2
11264,20050802,7,1,1,421,749,1,2
11265,20050802,9,1,6,288,846,2,2
11266,20050802,1,0,0,474,865,1,1
11267,20050802,7,1,4,403,444,2,1
11268,20050802,2,0,0,420,722,1,1
11269,20050802,6,0,0,180,524,2,1
11270,20050802,0,0,0,143,410,1,1
11271,20050802,4,0,0,130,941,2,2
11272,20050802,4,0,0,561,894,1,2
11273,20050802,4,0,0,270,743,1,1
11274,20050802,9,1,5,456,277,1,1
11275,20050802,4,0,0,79,623,1,1
11276,20050802,1,0,0,501,919,1,1
11277,20050802,1,0,0,229,445,2,1
11278,20050802,4,1,1,515,214,2,1
11279,20050802,7,1,2,462,31,2,2
11280,20050802,6,1,3,151,402,2,2
11281,20050802,5,1,1,360,478,2,1
11282,20050802,1,0,0,341,396,2,2
11283,20050802,2,0,0,151,70,1,2
11284,20050802,1,0,0,364,37,2,2
11285,20050802,9,1,5,17,843,1,2
11286,20050802,7,1,4,175,292,1,2
11287,20050802,6,0,0,427,206,1,2
11288,20050802,8,1,1,157,323,2,1
11289,20050802,8,1,1,254,629,2,1
11290,20050802,7,1,3,331,93,2,2
11291,20050802,8,1,5,457,109,2,2
11292,20050802,3,0,0,517,47,2,2
11293,20050802,9,1,3,528,331,1,1
11294,20050802,1,0,0,239,188,1,1
11295,20050802,7,1,3,122,93,2,1
11296,20050802,9,1,3,128,55,2,1
11297,20050802,9,1,5,572,555,2,1
11298,20050802,4,1,1,161,363,1,1
11299,20050802,8,1,1,298,709,2,2
11300,20050802,8,1,4,92,665,2,1
11301,20050802,1,0,0,230,147,2,2
11302,20050802,6,1,1,557,417,1,2
11303,20050802,2,0,0,457,395,1,1
11304,20050802,4,0,0,185,569,1,2
11305,20050802,6,1,2,361,369,1,2
11306,20050802,1,0,0,323,3,2,2
11307,20050802,4,0,0,189,326,2,2
11308,20050802,2,0,0,539,153,1,2
11309,20050802,7,1,1,569,132,1,1
11310,20050802,4,0,0,359,787,1,1
11311,20050802,1,0,0,83,45,1,1
11312,20050802,5,1,2,501,243,2,2
11313,20050802,0,0,0,209,590,2,1
11314,20050802,2,0,0,176,612,2,1
11315,20050802,3,0,0,517,247,2,1
11316,20050802,7,1,2,332,115,1,1
11317,20050802,6,0,0,230,412,1,1
11318,20050802,4,0,0,586,521,1,2
11319,20050802,6,1,1,57,887,1,2
11320,20050802,3,0,0,132,738,1,1
11321,20050802,2,0,0,25,45,2,2
11322,20050802,7,1,1,143,166,1,2
11323,20050802,3,0,0,209,828,2,1
11324,20050802,5,0,0,65,637,2,2
11325,20050802,5,1,1,102,985,2,1
11326,20050802,1,0,0,14,382,2,2
11327,20050802,1,0,0,70,169,1,1
11328,20050802,2,0,0,21,442,1,1
11329,20050802,6,0,0,384,587,1,1
11330,20050802,1,0,0,490,942,2,2
11331,20050802,7,0,0,579,829,2,1
11332,20050802,1,0,0,325,519,2,1
11333,20050802,5,1,1,182,733,2,2
11334,20050802,9,1,5,10,329,2,1
11335,20050802,7,1,4,378,650,2,1
11336,20050802,3,0,0,244,424,2,1
11337,20050802,8,1,2,509,752,2,2
11338,20050802,1,0,0,176,807,1,1
11339,20050802,6,0,0,404,154,2,1
11340,20050802,6,0,0,509,307,2,1
11341,20050802,7,0,0,189,784,2,2
11342,20050802,4,0,0,435,924,2,1
11343,20050802,6,0,0,86,122,2,1
11344,20050802,4,0,0,348,80,1,1
11345,20050802,8,1,2,20,412,2,2
11346,20050802,1,0,0,432,127,2,2
11347,20050802,2,0,0,226,43,2,1
11348,20050802,3,0,0,87,371,1,2
11349,20050802,4,0,0,491,408,2,1
11350,20050802,7,0,0,489,280,2,2
11351,20050802,7,1,1,369,55,1,1
11352,20050802,7,1,4,111,606,1,1
11353,20050802,6,0,0,154,377,1,1
11354,20050802,6,1,1,104,411,1,2
11355,20050802,3,0,0,258,586,2,1
11356,20050802,9,1,4,523,68,2,1
11357,20050802,9,1,6,425,579,2,1
11358,20050802,9,1,3,164,514,1,1
11359,20050802,8,1,4,86,360,1,2
11360,20050802,2,0,0,486,380,2,2
11361,20050802,0,0,0,285,249,2,1
11362,20050802,5,0,0,19,576,2,1
11363,20050802,2,0,0,208,700,2,1
11364,20050802,0,0,0,440,986,1,1
11365,20050802,1,0,0,237,254,2,2
11366,20050802,8,1,1,374,784,1,1
11367,20050802,1,0,0,298,315,2,1
11368,20050802,5,0,0,243,190,2,1
11369,20050802,7,1,3,513,544,1,1
11370,20050802,1,0,0,575,677,1,1
11371,20050802,3,0,0,559,72,2,1
11372,20050802,4,0,0,508,174,1,1
11373,20050802,4,0,0,103,40,2,1
11374,20050802,2,0,0,112,616,1,1
11375,20050802,6,1,2,442,236,2,1
11376,20050802,9,1,5,336,555,2,2
11377,20050802,5,1,1,153,733,2,1
11378,20050802,0,0,0,394,837,2,1
11379,20050802,4,0,0,487,56,2,1
11380,20050802,1,0,0,36,233,2,2
11381,20050802,6,1,2,328,222,1,2
11382,20050802,4,0,0,470,843,1,1
11383,20050802,8,1,4,13,57,2,1
11384,20050802,2,0,0,182,623,2,1
11385,20050802,3,0,0,196,543,1,1
11386,20050802,4,0,0,52,115,1,1
11387,20050802,5,0,0,500,546,2,2
11388,20050802,7,1,1,334,105,1,1
11389,20050802,1,0,0,416,720,1,2
11390,20050802,2,0,0,555,689,1,1
11391,20050802,7,1,4,235,444,1,1
11392,20050802,9,1,3,575,58,2,1
11393,20050802,9,1,2,417,231,2,1
11394,20050802,4,0,0,352,452,2,2
11395,20050802,7,1,4,182,920,2,2
11396,20050802,1,0,0,213,255,1,2
11397,20050802,6,0,0,594,562,1,1
11398,20050802,8,1,3,565,862,1,2
11399,20050802,9,1,3,390,454,1,1
11400,20050802,7,1,1,379,691,2,2
11401,20050802,7,1,1,59,391,1,1
11402,20050802,5,0,0,559,724,2,1
11403,20050802,1,0,0,322,887,2,2
11404,20050802,9,1,6,203,723,2,2
11405,20050802,5,0,0,254,91,2,2
11406,20050802,2,0,0,272,550,1,2
11407,20050802,5,1,2,357,753,2,2
11408,20050802,3,0,0,472,387,1,1
11409,20050802,5,1,1,143,807,1,1
11410,20050802,8,1,3,178,151,2,1
11411,20050802,6,0,0,274,328,2,2
11412,20050802,9,1,5,274,491,1,1
11413,20050802,3,0,0,180,247,2,2
11414,20050802,4,0,0,340,384,2,2
11415,20050802,7,1,1,414,475,2,1
11416,20050802,8,1,5,316,402,2,1
11417,20050802,9,1,3,142,677,2,2
11418,20050802,3,0,0,64,981,1,1
11419,20050802,8,1,5,154,114,1,1
11420,20050802,3,0,0,561,857,1,2
11421,20050802,9,1,6,244,738,1,2
11422,20050802,8,1,4,407,76,1,2
11423,20050802,3,0,0,121,753,1,2
11424,20050802,7,0,0,320,231,1,2
11425,20050802,0,0,0,209,220,2,2
11426,20050802,6,1,3,414,26,1,2
11427,20050802,2,0,0,235,724,1,2
11428,20050802,1,0,0,454,158,2,1
11429,20050802,7,1,2,494,244,1,2
11430,20050802,5,1,2,552,488,2,1
11431,20050802,1,0,0,210,308,2,2
11432,20050802,4,1,1,65,214,2,1
11433,20050802,9,1,3,518,1,1,1
11434,20050802,2,0,0,282,693,1,1
11435,20050802,3,0,0,230,355,2,1
11436,20050802,3,0,0,430,840,1,2
11437,20050802,3,0,0,182,588,2,2
11438,20050802,8,1,1,249,232,2,1
11439,20050802,1,0,0,371,637,1,1
11440,20050802,4,0,0,317,598,1,2
11441,20050802,2,0,0,87,230,1,2
11442,20050802,4,0,0,184,571,1,2
11443,20050802,4,1,1,333,285,2,2
11444,20050802,6,1,2,212,311,1,2
11445,20050802,5,1,1,332,734,2,2
11446,20050802,0,0,0,44,164,1,1
11447,20050802,4,1,1,237,846,1,1
11448,20050802,3,0,0,110,263,2,2
11449,20050802,5,1,2,60,723,1,2
11450,20050802,5,0,0,576,437,2,2
11451,20050802,4,1,1,78,169,2,2
11452,20050802,9,1,6,161,275,1,1
11453,20050802,6,1,3,320,1000,2,2
11454,20050802,2,0,0,587,638,1,1
11455,20050802,9,1,5,380,436,1,1
11456,20050802,4,0,0,11,794,2,2
11457,20050802,7,1,2,186,358,1,2
11458,20050802,1,0,0,327,769,2,2
11459,20050802,1,0,0,155,816,1,2
11460,20050802,5,0,0,235,894,2,1
11461,20050802,2,0,0,162,946,2,1
11462,20050802,7,1,4,215,37,1,1
11463,20050802,5,0,0,94,423,2,2
11464,20050802,1,0,0,497,118,1,2
11465,20050802,8,1,3,444,473,2,1
11466,20050802,3,0,0,540,738,1,1
11467,20050802,6,0,0,197,55,2,1
11468,20050802,2,0,0,185,696,1,2
11469,20050802,3,0,0,40,51,2,1
11470,20050802,3,0,0,442,519,2,2
11471,20050802,5,0,0,289,741,1,1
11472,20050802,8,1,3,74,397,2,1
11473,20050802,6,1,3,476,135,1,1
11474,20050802,3,0,0,576,124,2,1
11475,20050802,6,1,2,276,806,2,2
11476,20050802,6,1,1,33,159,1,1
11477,20050802,4,0,0,50,365,1,2
11478,20050802,1,0,0,83,857,2,1
11479,20050802,9,1,6,475,889,1,1
11480,20050802,1,0,0,551,904,1,2
11481,20050802,7,1,3,308,877,2,2
11482,20050802,1,0,0,151,307,1,1
11483,20050802,8,1,1,77,348,2,1
11484,20050802,1,0,0,93,73,2,2
11485,20050802,2,0,0,454,408,2,2
11486,20050802,6,1,2,410,352,2,2
11487,20050802,5,1,1,240,160,2,2
11488,20050802,6,0,0,77,554,1,2
11489,20050802,1,0,0,362,658,2,2
11490,20050802,6,1,1,373,262,2,1
11491,20050802,8,1,4,37,59,2,2
11492,20050802,6,1,3,402,879,2,2
11493,20050802,7,1,2,516,740,2,2
11494,20050802,6,1,2,261,870,1,1
11495,20050816,6,0,0,323,280,2,1
11496,20060214,7396,1,7391,488,445,1,1
11497,20050816,4,0,0,238,97,1,1
11498,20050816,8,1,5,324,109,1,2
11499,20050816,7,1,1,510,844,2,2
11500,20050816,7,1,1,165,871,2,1
11501,20050816,2,0,0,310,464,1,2
11502,20050816,2,0,0,297,976,2,1
11503,20050816,8,1,5,550,327,2,1
11504,20050816,1,0,0,451,461,2,2
11505,20050816,6,0,0,287,735,1,2
11506,20050816,5,0,0,390,334,2,1
11507,20050816,7,1,4,410,913,1,2
11508,20050816,8,1,5,466,590,1,2
11509,20050816,2,0,0,341,603,1,1
11510,20050816,8,1,3,554,657,1,1
11511,20050816,1,0,0,426,460,2,1
11512,20050816,9,1,6,409,275,2,2
11513,20050816,7,1,4,269,977,2,2
11514,20050816,6,0,0,152,922,1,1
11515,20050816,4,0,0,260,234,2,1
11516,20050816,0,0,0,106,406,1,1
11517,20050816,4,0,0,374,928,1,1
11518,20050816,0,0,0,470,725,2,2
11519,20050817,2,0,0,8,231,2,2
11520,20050817,9,1,3,153,773,2,1
11521,20050817,4,0,0,38,102,2,1
11522,20050817,7,1,1,118,443,1,1
11523,20050817,7,1,1,219,293,2,1
11524,20050817,6,1,3,82,71,2,1
11525,20050817,3,0,0,583,245,2,1
11526,20050817,1,0,0,414,527,2,2
11527,20050817,5,1,1,275,35,1,1
11528,20050817,5,1,1,551,199,2,2
11529,20050817,2,0,0,356,676,1,2
11530,20050817,5,0,0,554,80,1,1
11531,20050817,3,0,0,514,395,1,2
11532,20050817,5,0,0,185,424,1,2
11533,20050817,5,0,0,275,924,2,1
11534,20050817,7,1,3,33,527,1,1
11535,20050817,7,1,3,227,360,1,2
11536,20050817,4,0,0,450,600,1,1
11537,20050817,1,0,0,362,43,1,2
11538,20050817,1,0,0,35,121,1,2
11539,20050817,2,0,0,275,448,1,1
11540,20050817,8,1,1,198,743,2,1
11541,20060214,7396,1,7390,507,440,2,1
11542,20050817,7,1,3,597,465,2,2
11543,20050817,8,1,3,228,626,2,2
11544,20050817,5,1,1,267,183,1,1
11545,20050817,8,1,4,352,702,2,1
11546,20050817,1,0,0,12,554,2,1
11547,20050817,3,0,0,166,161,1,2
11548,20050817,5,0,0,326,105,2,1
11549,20050817,2,0,0,158,210,2,2
11550,20050817,5,1,2,124,651,2,1
11551,20050817,1,0,0,96,737,2,1
11552,20050817,6,1,1,423,253,1,1
11553,20050817,6,1,3,421,730,1,1
11554,20050817,3,0,0,135,478,2,2
11555,20050817,1,0,0,249,563,1,2
11556,20050817,1,0,0,379,82,1,1
11557,20050817,7,1,2,381,518,2,1
11558,20050817,1,0,0,235,367,1,2
11559,20050817,7,0,0,300,394,1,1
11560,20050817,1,0,0,5,503,1,2
11561,20050817,6,0,0,549,43,1,2
11562,20050817,9,1,6,112,656,2,1
11563,20060214,7396,1,7390,472,338,2,1
11564,20050817,2,0,0,29,484,1,1
11565,20050817,6,1,3,472,37,2,2
11566,20050817,3,0,0,590,875,2,1
11567,20050817,7,1,1,420,123,1,2
11568,20050817,1,0,0,44,40,2,2
11569,20050817,7,0,0,562,569,1,2
11570,20050817,7,0,0,337,539,1,1
11571,20050817,0,0,0,218,45,1,1
11572,20050817,2,0,0,78,768,2,2
11573,20050817,2,0,0,575,139,1,2
11574,20050817,1,0,0,372,786,1,2
11575,20050817,0,0,0,342,376,1,1
11576,20050817,1,0,0,479,73,1,1
11577,20060214,7396,1,7392,21,893,2,2
11578,20050817,9,1,3,28,43,2,2
11579,20050817,5,1,2,227,925,1,1
11580,20050817,4,0,0,75,296,1,2
11581,20050817,7,1,1,234,276,1,2
11582,20050817,7,1,3,124,458,2,1
11583,20050817,3,0,0,246,26,2,2
11584,20050817,4,0,0,543,852,2,2
11585,20050817,3,0,0,180,165,1,2
11586,20050817,9,1,2,347,690,1,1
11587,20050817,8,1,5,373,292,1,2
11588,20050817,5,1,1,390,544,1,1
11589,20050817,7,1,4,223,763,1,1
11590,20050817,3,0,0,150,786,2,1
11591,20050817,6,1,2,565,365,1,1
11592,20050817,1,0,0,7,158,1,1
11593,20060214,7396,1,7390,474,178,1,1
11594,20050817,5,1,2,369,71,2,2
11595,20050817,8,1,1,451,103,1,1
11596,20050817,8,1,5,585,366,1,1
11597,20050817,9,1,4,125,888,1,1
11598,20050817,5,0,0,342,424,2,2
11599,20050817,8,1,5,564,820,1,2
11600,20050817,6,1,3,554,431,2,1
11601,20050817,2,0,0,465,244,1,2
11602,20050817,2,0,0,282,451,2,1
11603,20050817,1,0,0,592,853,1,1
11604,20050817,2,0,0,397,395,2,2
11605,20050817,7,1,4,34,285,2,2
11606,20050817,1,0,0,269,899,1,1
11607,20050817,2,0,0,109,947,1,1
11608,20050817,8,1,4,167,365,2,2
11609,20050817,7,0,0,491,78,1,2
11610,20050817,3,0,0,569,668,2,1
11611,20060214,7396,1,7390,196,405,2,2
11612,20050817,2,0,0,550,83,1,1
11613,20050817,7,1,3,54,545,1,2
11614,20050817,3,0,0,574,175,2,1
11615,20050817,6,0,0,75,944,2,2
11616,20050817,3,0,0,253,568,1,2
11617,20050817,0,0,0,129,413,1,1
11618,20050817,5,0,0,181,212,2,1
11619,20050817,4,0,0,63,797,2,1
11620,20050817,0,0,0,230,833,1,1
11621,20050817,8,1,4,39,811,1,1
11622,20050817,7,1,4,502,111,2,1
11623,20050817,1,0,0,283,166,1,2
11624,20050817,0,0,0,32,132,1,1
11625,20050817,7,1,1,127,155,2,2
11626,20050817,6,0,0,25,931,2,1
11627,20050817,8,1,5,96,861,1,2
11628,20050817,7,1,3,355,798,2,2
11629,20050817,9,1,2,277,172,1,2
11630,20050817,2,0,0,407,150,2,2
11631,20050817,6,0,0,96,11,2,2
11632,20050817,4,0,0,228,559,2,1
11633,20050817,3,0,0,191,372,1,1
11634,20050817,3,0,0,43,564,2,1
11635,20050817,4,1,1,532,579,2,2
11636,20050817,6,0,0,578,173,1,2
11637,20050817,0,0,0,100,105,2,1
11638,20050817,8,1,2,214,749,2,2
11639,20050817,7,1,3,452,869,1,2
11640,20050817,4,1,1,417,374,2,2
11641,20050817,3,0,0,284,596,2,1
11642,20050817,0,0,0,385,830,2,2
11643,20050817,7,1,1,83,303,1,1
11644,20050817,7,1,4,599,382,1,1
11645,20050817,8,1,2,161,927,1,1
11646,20060214,7396,1,7390,297,105,2,2
11647,20050817,5,1,2,88,662,2,2
11648,20050817,8,1,5,347,738,1,2
11649,20050817,2,0,0,226,707,2,2
11650,20050817,4,0,0,143,867,1,2
11651,20050817,7,1,2,515,805,2,2
11652,20060214,7396,1,7390,392,354,1,2
11653,20050817,6,1,3,225,978,1,2
11654,20050817,0,0,0,1,234,1,2
11655,20050817,9,1,5,581,370,1,1
11656,20050817,8,1,4,164,317,2,1
11657,20060214,7396,1,7393,291,667,2,2
11658,20050817,7,0,0,102,437,2,2
11659,20050817,5,0,0,564,632,1,1
11660,20050817,5,0,0,272,890,1,1
11661,20050817,7,1,3,398,226,2,1
11662,20050817,9,1,6,336,599,1,2
11663,20050817,8,1,3,409,832,1,1
11664,20050817,0,0,0,353,296,1,1
11665,20050817,5,1,1,55,74,1,1
11666,20050817,2,0,0,288,56,1,2
11667,20050817,9,1,3,331,331,1,1
11668,20050817,2,0,0,116,467,2,1
11669,20050817,4,0,0,447,708,1,1
11670,20050817,2,0,0,367,970,2,1
11671,20050817,2,0,0,469,780,2,1
11672,20060214,7396,1,7393,127,861,1,2
11673,20050817,4,0,0,595,180,2,2
11674,20050817,7,1,2,317,127,1,2
11675,20050817,4,1,1,131,292,2,1
11676,20060214,7396,1,7392,39,982,1,2
11677,20050817,2,0,0,470,477,2,2
11678,20050817,4,1,1,4,768,2,2
11679,20050817,4,0,0,407,734,1,1
11680,20050817,6,1,2,271,991,1,1
11681,20050817,8,1,1,349,280,1,2
11682,20050817,0,0,0,139,558,2,1
11683,20050817,8,1,2,486,571,2,1
11684,20050817,4,0,0,492,930,2,2
11685,20050817,4,0,0,557,776,2,2
11686,20050817,4,0,0,155,305,1,2
11687,20050817,5,1,2,108,431,2,1
11688,20050817,7,1,4,529,482,1,1
11689,20050817,8,1,1,209,521,2,1
11690,20050817,6,1,3,103,857,2,1
11691,20050817,7,1,3,78,555,2,1
11692,20050817,7,1,2,451,271,1,2
11693,20050817,6,0,0,271,173,2,2
11694,20050817,7,1,4,74,774,1,1
11695,20050817,4,0,0,525,246,2,1
11696,20050817,4,0,0,406,835,2,2
11697,20050817,1,0,0,30,85,2,1
11698,20050817,1,0,0,340,861,1,1
11699,20050817,9,1,5,124,870,2,1
11700,20050817,0,0,0,160,514,2,2
11701,20050817,1,0,0,287,222,1,2
11702,20050817,6,1,1,550,724,1,1
11703,20050817,3,0,0,260,369,1,2
11704,20050817,7,1,2,220,244,2,1
11705,20050817,0,0,0,292,922,2,1
11706,20050817,1,0,0,319,920,2,2
11707,20050817,7,0,0,333,231,1,1
11708,20050817,4,0,0,331,15,2,1
11709,20060214,7396,1,7392,546,375,1,1
11710,20050817,1,0,0,598,133,1,2
11711,20050817,1,0,0,594,329,1,1
11712,20050817,4,0,0,242,788,2,2
11713,20050817,8,1,3,28,417,1,1
11714,20050817,0,0,0,101,4,1,1
11715,20050817,8,1,2,531,353,1,1
11716,20050817,3,0,0,231,670,2,1
11717,20050817,3,0,0,521,301,2,2
11718,20050817,5,0,0,464,804,1,2
11719,20050817,6,1,1,469,446,1,1
11720,20050817,8,1,3,195,372,1,2
11721,20050817,0,0,0,443,418,1,1
11722,20050817,4,1,1,358,531,1,2
11723,20050817,4,1,1,361,363,2,1
11724,20050817,7,1,1,175,979,2,2
11725,20050817,1,0,0,77,115,1,1
11726,20050817,4,0,0,25,970,2,1
11727,20050817,2,0,0,565,19,2,1
11728,20050817,0,0,0,154,159,1,1
11729,20050817,4,1,1,66,619,2,1
11730,20050817,4,0,0,532,835,2,2
11731,20050817,6,1,2,478,204,1,2
11732,20050817,6,1,3,360,101,1,2
11733,20050817,3,0,0,168,97,1,2
11734,20050817,8,1,3,295,886,1,2
11735,20050817,9,1,3,531,560,1,1
11736,20050817,9,1,6,76,917,1,1
11737,20050817,1,0,0,482,897,1,1
11738,20050817,8,1,5,309,667,2,1
11739,20060214,7396,1,7390,409,998,2,2
11740,20050817,6,1,1,398,532,2,2
11741,20050817,2,0,0,244,395,2,1
11742,20050817,5,0,0,594,130,2,2
11743,20050817,5,0,0,224,67,1,2
11744,20050817,7,1,2,176,67,2,1
11745,20050817,9,1,3,279,875,2,2
11746,20050817,7,1,2,277,999,2,2
11747,20050817,1,0,0,464,232,2,2
11748,20050817,4,0,0,98,261,1,2
11749,20050817,2,0,0,448,900,1,2
11750,20050817,5,0,0,501,143,2,2
11751,20050817,9,1,6,557,728,2,1
11752,20050817,0,0,0,500,398,2,1
11753,20050817,7,1,1,163,571,1,2
11754,20060214,7396,1,7393,283,820,1,2
11755,20050817,5,0,0,357,758,2,2
11756,20050817,4,0,0,369,391,1,1
11757,20060214,7396,1,7389,132,286,1,2
11758,20050817,6,1,3,82,2,2,2
11759,20050817,2,0,0,332,582,2,2
11760,20050817,7,0,0,526,136,1,2
11761,20050817,7,1,4,517,482,1,1
11762,20050817,9,1,5,403,267,2,2
11763,20050817,4,0,0,499,191,2,2
11764,20050817,2,0,0,536,982,2,1
11765,20050817,2,0,0,563,939,2,2
11766,20050817,3,0,0,59,657,2,1
11767,20050817,7,1,2,40,518,1,2
11768,20050817,6,0,0,123,288,2,1
11769,20050817,2,0,0,143,308,1,1
11770,20050817,3,0,0,528,627,2,1
11771,20050817,8,1,2,129,563,2,1
11772,20050817,9,1,5,475,228,2,2
11773,20050817,5,0,0,95,411,1,1
11774,20050817,6,1,3,335,366,2,1
11775,20050817,4,0,0,273,57,1,2
11776,20050817,3,0,0,317,524,2,2
11777,20050817,9,1,4,472,886,1,1
11778,20050817,8,1,1,596,288,2,2
11779,20050817,7,1,3,54,40,2,2
11780,20050817,3,0,0,180,490,1,1
11781,20050817,4,0,0,248,403,2,2
11782,20060214,7396,1,7393,58,892,2,1
11783,20050817,4,0,0,214,218,2,2
11784,20050817,1,0,0,180,681,2,1
11785,20050817,6,1,3,553,606,1,2
11786,20050817,6,0,0,99,326,2,2
11787,20050817,1,0,0,171,432,1,1
11788,20050817,5,0,0,10,289,1,1
11789,20050817,9,1,4,330,187,2,1
11790,20050817,2,0,0,328,520,1,2
11791,20050817,4,0,0,21,795,1,2
11792,20050817,8,1,3,438,810,1,1
11793,20050817,8,1,1,69,426,2,1
11794,20050817,3,0,0,582,764,1,2
11795,20050817,2,0,0,390,480,2,2
11796,20050817,1,0,0,99,868,1,2
11797,20050817,0,0,0,111,253,1,2
11798,20050817,7,1,4,167,865,2,2
11799,20050817,8,1,2,417,8,2,2
11800,20050817,3,0,0,451,494,1,1
11801,20050817,5,0,0,54,143,1,1
11802,20050817,4,1,1,271,618,2,1
11803,20050817,4,1,1,441,796,2,2
11804,20050817,7,0,0,540,232,2,1
11805,20050817,8,1,5,184,269,1,2
11806,20050817,5,1,2,462,704,1,1
11807,20050817,3,0,0,172,882,1,2
11808,20050817,1,0,0,452,880,1,2
11809,20050817,7,1,1,544,252,1,1
11810,20050817,3,0,0,416,339,2,1
11811,20050817,0,0,0,48,43,2,2
11812,20050817,1,0,0,463,23,2,1
11813,20050817,4,0,0,253,239,2,2
11814,20050817,8,1,4,193,759,2,2
11815,20050817,5,0,0,196,61,1,2
11816,20050817,1,0,0,205,851,1,2
11817,20050817,2,0,0,348,500,1,1
11818,20050817,8,1,5,537,48,1,2
11819,20050817,2,0,0,184,142,1,1
11820,20050817,1,0,0,286,615,2,2
11821,20050817,0,0,0,383,595,2,1
11822,20050817,0,0,0,404,291,1,2
11823,20050817,4,1,1,69,575,2,2
11824,20050817,1,0,0,298,579,1,2
11825,20050817,3,0,0,218,583,1,1
11826,20050817,2,0,0,476,399,2,2
11827,20050817,7,1,4,591,673,2,1
11828,20050817,6,1,1,215,570,1,2
11829,20050817,1,0,0,424,477,2,2
11830,20050817,7,0,0,406,812,2,1
11831,20050817,3,0,0,204,995,2,1
11832,20050817,1,0,0,462,506,1,1
11833,20050817,1,0,0,112,815,1,2
11834,20050817,4,0,0,412,525,2,1
11835,20050817,1,0,0,543,614,1,1
11836,20050817,2,0,0,369,487,2,1
11837,20050817,9,1,5,313,242,1,1
11838,20050817,2,0,0,265,782,2,1
11839,20050817,1,0,0,368,494,1,2
11840,20050817,2,0,0,150,396,2,1
11841,20050817,3,0,0,416,333,2,2
11842,20050817,2,0,0,102,588,2,1
11843,20050817,4,0,0,530,679,2,2
11844,20050817,0,0,0,256,830,2,1
11845,20050817,0,0,0,162,3,2,1
11846,20050817,5,1,2,100,728,1,2
11847,20060214,7396,1,7391,295,388,1,1
11848,20060214,7396,1,7391,214,805,1,1
11849,20050817,4,0,0,46,265,1,2
11850,20050817,4,1,1,368,314,2,1
11851,20050817,3,0,0,438,708,2,2
11852,20050817,6,0,0,174,513,2,1
11853,20050817,6,0,0,565,849,2,2
11854,20050817,9,1,2,89,27,1,1
11855,20050817,8,1,4,76,236,2,1
11856,20050817,4,1,1,212,69,1,1
11857,20050817,1,0,0,575,20,1,1
11858,20050817,1,0,0,302,763,2,2
11859,20050817,3,0,0,33,93,2,2
11860,20050817,7,1,1,352,949,1,1
11861,20050817,4,0,0,377,586,2,1
11862,20050817,1,0,0,188,572,1,1
11863,20050817,6,1,3,564,225,1,1
11864,20050817,4,0,0,545,654,2,1
11865,20050817,1,0,0,388,564,2,1
11866,20060214,7396,1,7389,523,605,2,2
11867,20050817,3,0,0,405,208,1,1
11868,20050817,2,0,0,13,639,2,1
11869,20050817,7,1,3,466,757,1,1
11870,20050817,7,0,0,468,924,2,1
11871,20050817,1,0,0,126,661,1,1
11872,20050817,4,1,1,581,938,1,2
11873,20050817,1,0,0,223,875,2,2
11874,20050817,1,0,0,325,578,2,2
11875,20050817,9,1,4,555,388,2,1
11876,20050817,3,0,0,221,868,1,1
11877,20050817,8,1,1,13,988,2,1
11878,20050817,4,0,0,482,57,1,1
11879,20050817,8,1,4,459,549,2,1
11880,20050817,8,1,2,392,337,1,2
11881,20050817,3,0,0,125,687,1,1
11882,20050817,9,1,3,308,524,2,2
11883,20050817,1,0,0,36,49,2,1
11884,20050817,8,1,2,57,174,1,1
11885,20050817,4,1,1,500,857,2,1
11886,20050817,2,0,0,522,132,1,2
11887,20050817,1,0,0,280,724,2,1
11888,20050817,8,1,3,441,244,2,2
11889,20050817,1,0,0,484,66,1,1
11890,20050817,8,1,2,447,664,1,2
11891,20050817,4,1,1,339,574,2,2
11892,20050817,3,0,0,170,163,2,2
11893,20050817,7,1,2,110,504,1,1
11894,20050817,8,1,3,122,271,1,1
11895,20050817,0,0,0,410,466,1,2
11896,20050817,7,1,3,75,57,2,2
11897,20050817,5,1,1,228,852,1,2
11898,20050817,6,0,0,108,694,2,2
11899,20050817,7,0,0,320,697,2,1
11900,20050817,2,0,0,240,420,1,1
11901,20050817,2,0,0,456,930,1,2
11902,20050817,5,1,2,566,304,1,2
11903,20050817,6,1,2,246,266,2,2
11904,20050817,4,1,1,471,624,2,2
11905,20050817,8,1,2,402,598,1,2
11906,20050817,2,0,0,263,72,2,2
11907,20050817,3,0,0,408,857,1,2
11908,20050817,6,1,2,61,744,2,2
11909,20060214,7396,1,7390,362,191,2,1
11910,20050817,1,0,0,143,925,1,2
11911,20050817,9,1,4,589,783,1,2
11912,20050817,7,1,3,305,162,2,1
11913,20050817,7,1,3,436,162,2,2
11914,20050817,5,0,0,423,356,2,1
11915,20050817,8,1,3,573,341,2,2
11916,20050817,2,0,0,505,577,1,1
11917,20050817,3,0,0,416,351,2,1
11918,20050817,3,0,0,82,468,2,1
11919,20050817,3,0,0,350,982,1,2
11920,20050817,2,0,0,158,924,2,2
11921,20050817,8,1,4,113,110,1,1
11922,20050817,9,1,5,189,811,1,2
11923,20050817,0,0,0,407,415,1,2
11924,20050817,8,1,1,190,373,2,1
11925,20050817,3,0,0,198,315,2,1
11926,20050817,4,0,0,67,457,2,1
11927,20050817,6,1,1,57,689,1,1
11928,20050817,6,0,0,412,16,2,2
11929,20050817,8,1,4,508,823,2,1
11930,20050817,7,0,0,496,286,2,1
11931,20050817,2,0,0,109,439,2,1
11932,20050817,1,0,0,329,31,2,2
11933,20050817,4,0,0,599,563,2,1
11934,20050817,3,0,0,174,273,1,2
11935,20050817,5,0,0,486,358,1,2
11936,20050817,3,0,0,419,250,2,2
11937,20050817,7,1,4,78,643,2,1
11938,20050817,7,1,2,221,856,2,1
11939,20050817,7,1,1,67,727,2,1
11940,20050817,0,0,0,283,265,1,1
11941,20050817,6,0,0,521,34,2,1
11942,20060214,7396,1,7393,493,892,1,2
11943,20050817,9,1,3,3,976,1,1
11944,20050817,3,0,0,87,6,1,2
11945,20050817,3,0,0,419,245,2,2
11946,20050817,1,0,0,104,648,1,1
11947,20050817,6,0,0,502,644,1,1
11948,20050817,8,1,3,350,732,1,2
11949,20050817,6,0,0,369,188,1,1
11950,20050817,9,1,5,501,964,2,1
11951,20050817,8,1,2,488,305,2,2
11952,20050817,2,0,0,346,526,2,1
11953,20050817,6,1,3,384,656,2,1
11954,20050817,1,0,0,471,49,2,1
11955,20050817,7,1,2,342,271,1,1
11956,20050817,8,1,2,571,556,1,2
11957,20050817,6,1,1,369,418,1,2
11958,20050817,6,1,1,226,447,2,2
11959,20050817,3,0,0,455,591,2,1
11960,20050817,0,0,0,320,856,2,1
11961,20050817,4,1,1,578,438,2,1
11962,20050817,3,0,0,299,958,1,2
11963,20050817,5,0,0,90,51,2,2
11964,20050817,7,1,3,268,481,2,2
11965,20050817,1,0,0,138,43,2,1
11966,20050817,2,0,0,100,810,1,1
11967,20050817,4,0,0,127,254,2,1
11968,20050817,1,0,0,240,153,1,1
11969,20050817,2,0,0,132,145,2,2
11970,20050817,6,0,0,31,387,1,1
11971,20050817,0,0,0,527,604,2,2
11972,20050817,4,0,0,563,284,1,2
11973,20050817,4,0,0,527,322,1,2
11974,20050817,4,0,0,113,351,2,2
11975,20050817,3,0,0,252,841,2,2
11976,20050817,5,1,2,409,111,2,2
11977,20050817,6,0,0,476,334,2,1
11978,20050817,1,0,0,269,957,1,2
11979,20050817,2,0,0,400,123,1,1
11980,20050817,2,0,0,145,905,1,1
11981,20050817,2,0,0,555,709,1,1
11982,20050817,1,0,0,199,23,2,1
11983,20050817,6,0,0,389,565,1,2
11984,20050817,7,1,1,545,782,2,2
11985,20050817,1,0,0,369,478,1,2
11986,20050817,0,0,0,69,352,2,1
11987,20050817,8,1,1,147,323,2,1
11988,20050817,1,0,0,572,752,2,2
11989,20050817,3,0,0,267,806,1,2
11990,20050817,1,0,0,429,661,1,2
11991,20050817,7,0,0,70,208,1,1
11992,20050817,9,1,6,202,897,2,2
11993,20050817,3,0,0,595,67,1,1
11994,20050817,8,1,2,342,752,2,1
11995,20060214,7396,1,7391,3,862,1,1
11996,20050817,3,0,0,434,596,2,2
11997,20050817,8,1,2,239,474,2,2
11998,20050817,1,0,0,277,925,2,1
11999,20050817,3,0,0,462,945,1,2
12000,20050817,6,1,3,549,488,1,2
12001,20060214,7396,1,7390,478,902,2,2
12002,20050817,2,0,0,490,304,1,1
12003,20050817,1,0,0,456,846,1,1
12004,20050817,8,1,5,269,590,2,1
12005,20050817,8,1,3,235,447,2,2
12006,20050817,6,1,1,125,887,2,1
12007,20050817,6,0,0,215,660,1,1
12008,20050817,0,0,0,376,190,2,2
12009,20060214,7396,1,7391,218,462,1,2
12010,20050817,8,1,3,223,239,2,1
12011,20050817,5,1,1,89,110,1,2
12012,20050817,4,0,0,3,592,2,1
12013,20050817,5,1,1,499,772,2,2
12014,20050817,6,0,0,223,387,1,1
12015,20050817,5,1,2,297,129,2,2
12016,20050817,4,0,0,508,457,2,2
12017,20050817,4,0,0,305,76,1,2
12018,20050817,9,1,4,342,417,2,1
12019,20050817,3,0,0,106,562,1,1
12020,20050817,7,1,1,407,717,1,1
12021,20050817,6,1,1,398,867,1,1
12022,20050817,0,0,0,399,448,2,2
12023,20050817,9,1,3,351,55,2,1
12024,20050817,4,0,0,126,524,2,2
12025,20050817,5,0,0,187,875,2,2
12026,20050817,8,1,5,191,344,2,1
12027,20050817,9,1,6,296,9,2,2
12028,20050817,5,0,0,211,132,1,2
12029,20050817,1,0,0,425,770,2,2
12030,20050817,1,0,0,405,99,2,1
12031,20050817,7,1,2,254,613,1,2
12032,20050817,8,1,4,274,245,2,1
12033,20050817,8,1,5,358,599,1,2
12034,20050817,6,1,2,358,183,1,2
12035,20050817,3,0,0,481,507,2,2
12036,20050817,0,0,0,534,790,2,2
12037,20050817,4,0,0,227,167,1,2
12038,20050817,3,0,0,425,831,1,2
12039,20050817,6,1,1,424,963,1,2
12040,20050817,9,1,6,420,285,1,1
12041,20050817,1,0,0,436,521,2,1
12042,20050817,3,0,0,338,384,2,1
12043,20050817,4,0,0,178,810,2,2
12044,20050817,1,0,0,397,741,1,1
12045,20050817,2,0,0,540,103,2,2
12046,20050817,1,0,0,99,850,2,2
12047,20050817,8,1,2,168,849,2,1
12048,20050817,9,1,2,86,826,2,2
12049,20050817,8,1,5,57,531,1,2
12050,20050817,4,0,0,20,511,1,2
12051,20050817,7,1,1,261,871,2,1
12052,20050817,7,1,3,476,20,1,1
12053,20050817,2,0,0,374,972,2,1
12054,20050817,5,0,0,291,827,2,1
12055,20050817,0,0,0,161,324,1,1
12056,20050817,4,1,1,135,243,2,2
12057,20050817,7,1,4,404,409,2,1
12058,20050817,8,1,3,65,532,2,1
12059,20050817,8,1,2,437,894,1,1
12060,20050817,3,0,0,449,518,1,1
12061,20050817,4,0,0,586,30,1,1
12062,20050817,2,0,0,546,389,1,2
12063,20050817,6,0,0,132,252,2,2
12064,20060214,7396,1,7391,365,67,2,1
12065,20050817,8,1,5,40,796,1,2
12066,20060214,7396,1,7393,103,542,1,2
12067,20050817,4,1,1,131,438,1,2
12068,20050817,8,1,1,397,942,2,1
12069,20050817,4,1,1,87,137,2,2
12070,20050817,5,1,1,561,299,1,1
12071,20050817,4,1,1,512,409,1,1
12072,20050817,8,1,5,487,46,2,2
12073,20050817,3,0,0,23,645,2,1
12074,20050817,2,0,0,457,155,2,2
12075,20050817,6,0,0,462,691,1,1
12076,20050817,3,0,0,157,931,2,1
12077,20050817,4,0,0,132,785,1,1
12078,20050817,6,0,0,360,150,1,2
12079,20050817,6,0,0,423,140,2,2
12080,20050817,2,0,0,480,327,1,2
12081,20050817,5,1,2,392,135,1,1
12082,20050817,6,1,3,127,753,2,1
12083,20050817,1,0,0,362,433,1,2
12084,20050817,6,0,0,203,594,1,2
12085,20050817,3,0,0,206,131,1,1
12086,20050817,8,1,3,552,864,1,1
12087,20050817,2,0,0,33,72,2,2
12088,20050817,8,1,1,421,381,2,2
12089,20050817,6,0,0,80,141,1,1
12090,20050817,3,0,0,282,744,2,2
12091,20050817,9,1,3,464,467,1,1
12092,20050817,0,0,0,348,864,1,2
12093,20050817,4,0,0,274,49,1,1
12094,20050817,6,0,0,48,234,1,1
12095,20050817,2,0,0,443,243,1,1
12096,20050817,7,1,4,72,9,2,1
12097,20050817,0,0,0,45,898,1,2
12098,20050817,2,0,0,526,117,1,1
12099,20050817,0,0,0,171,379,2,2
12100,20050817,6,0,0,282,951,2,2
12101,20060214,7396,1,7391,543,341,2,1
12102,20050817,6,1,1,155,929,1,2
12103,20050817,6,0,0,243,951,2,1
12104,20050817,5,0,0,539,993,2,1
12105,20050817,3,0,0,503,624,2,2
12106,20050817,2,0,0,347,710,1,2
12107,20050817,6,0,0,274,235,2,1
12108,20050817,8,1,5,175,366,1,1
12109,20050817,7,1,3,193,311,2,2
12110,20050817,5,1,1,115,654,2,1
12111,20050817,4,0,0,156,638,2,2
12112,20050817,7,0,0,493,934,2,1
12113,20050817,7,0,0,437,595,1,2
12114,20050817,8,1,2,162,307,2,1
12115,20050817,2,0,0,571,272,1,2
12116,20060214,7396,1,7390,10,677,2,2
12117,20050817,5,0,0,595,899,1,1
12118,20050817,8,1,2,15,34,2,1
12119,20050817,2,0,0,448,936,2,2
12120,20050817,1,0,0,326,640,2,2
12121,20050817,4,1,1,3,750,1,2
12122,20050817,7,1,4,140,878,2,2
12123,20050817,2,0,0,542,79,2,2
12124,20050817,3,0,0,351,443,2,1
12125,20050817,7,0,0,305,27,1,2
12126,20050817,5,1,2,117,501,1,1
12127,20060214,7396,1,7393,331,917,1,2
12128,20050817,6,0,0,359,487,2,2
12129,20050817,8,1,4,575,199,1,2
12130,20060214,7396,1,7391,67,300,1,2
12131,20050817,8,1,1,31,741,2,1
12132,20050817,4,0,0,235,571,2,2
12133,20050817,1,0,0,463,427,1,2
12134,20050817,3,0,0,346,589,2,1
12135,20050817,5,1,1,8,228,2,2
12136,20050817,5,1,2,32,859,2,1
12137,20050817,9,1,3,467,793,1,1
12138,20050817,8,1,2,156,86,1,1
12139,20050817,6,1,1,44,336,2,1
12140,20050817,3,0,0,483,72,1,2
12141,20060214,7396,1,7392,455,160,1,1
12142,20050818,6,1,3,409,820,1,2
12143,20050818,6,1,2,197,631,1,2
12144,20060214,7396,1,7393,322,114,1,1
12145,20050818,8,1,5,496,763,2,1
12146,20050818,7,1,2,405,840,1,2
12147,20050818,5,0,0,22,154,2,2
12148,20050818,2,0,0,55,525,2,2
12149,20050818,8,1,3,372,809,2,1
12150,20050818,2,0,0,464,828,2,2
12151,20050818,0,0,0,356,431,2,2
12152,20050818,4,0,0,179,614,2,1
12153,20050818,5,1,2,139,857,1,2
12154,20050818,3,0,0,283,546,2,2
12155,20050818,0,0,0,264,448,1,2
12156,20050818,8,1,5,548,720,2,1
12157,20050818,4,0,0,104,502,1,1
12158,20050818,4,1,1,177,896,1,2
12159,20050818,9,1,3,430,485,2,1
12160,20050818,1,0,0,500,293,2,1
12161,20050818,8,1,4,154,528,1,2
12162,20050818,7,1,1,365,592,1,1
12163,20050818,4,0,0,34,298,1,1
12164,20050818,1,0,0,322,843,1,2
12165,20050818,8,1,5,12,916,2,2
12166,20050818,8,1,5,363,791,2,2
12167,20050818,2,0,0,469,678,1,2
12168,20050818,0,0,0,76,626,2,1
12169,20050818,6,1,2,326,494,1,2
12170,20050818,7,0,0,177,249,2,2
12171,20050818,4,0,0,571,100,1,2
12172,20050818,4,1,1,386,257,2,2
12173,20050818,6,1,1,22,621,1,1
12174,20050818,2,0,0,455,319,2,1
12175,20050818,1,0,0,241,995,1,2
12176,20050818,6,1,3,400,846,2,2
12177,20050818,6,1,1,594,115,2,2
12178,20050818,7,1,3,578,254,2,1
12179,20050818,0,0,0,431,328,2,1
12180,20050818,2,0,0,383,492,1,2
12181,20050818,5,0,0,313,117,1,2
12182,20050818,3,0,0,464,67,2,1
12183,20050818,6,1,3,506,692,2,1
12184,20050818,3,0,0,557,376,1,1
12185,20050818,7,1,2,120,341,2,1
12186,20050818,5,1,2,459,295,2,1
12187,20050818,4,1,1,348,738,1,1
12188,20050818,0,0,0,460,655,2,1
12189,20050818,7,1,4,307,382,2,1
12190,20050818,9,1,2,212,538,2,1
12191,20050818,4,0,0,211,586,1,2
12192,20050818,3,0,0,416,756,2,1
12193,20050818,7,1,3,585,242,2,2
12194,20050818,7,1,1,420,66,1,2
12195,20050818,1,0,0,309,209,1,2
12196,20050818,7,0,0,580,937,2,1
12197,20050818,8,1,4,123,806,2,2
12198,20050818,3,0,0,505,356,1,2
12199,20050818,4,0,0,545,93,2,1
12200,20050818,0,0,0,478,184,1,2
12201,20050818,5,0,0,65,804,2,1
12202,20050818,6,1,1,424,147,1,1
12203,20050818,4,1,1,51,919,1,1
12204,20050818,7,1,4,327,69,1,2
12205,20050818,8,1,5,142,169,1,2
12206,20050818,5,0,0,55,722,1,1
12207,20050818,4,1,1,141,819,1,1
12208,20050818,2,0,0,36,444,1,2
12209,20050818,2,0,0,18,62,2,2
12210,20050818,2,0,0,226,666,1,2
12211,20050818,8,1,5,466,324,2,1
12212,20050818,7,1,4,259,851,1,2
12213,20050818,6,1,1,378,884,2,1
12214,20050818,3,0,0,234,454,1,2
12215,20050818,5,1,2,50,892,1,1
12216,20050818,0,0,0,527,899,1,2
12217,20050818,6,0,0,524,560,1,1
12218,20050818,2,0,0,456,420,2,2
12219,20050818,5,0,0,210,486,1,1
12220,20050818,3,0,0,14,219,1,1
12221,20050818,9,1,5,532,545,2,2
12222,20060214,7396,1,7393,351,861,2,1
12223,20050818,5,0,0,426,900,1,2
12224,20050818,1,0,0,249,387,2,1
12225,20050818,6,1,3,317,409,1,1
12226,20050818,6,0,0,308,149,2,2
12227,20050818,3,0,0,51,803,2,2
12228,20050818,1,0,0,379,609,1,1
12229,20050818,4,0,0,567,249,2,1
12230,20050818,9,1,6,234,415,2,1
12231,20050818,6,1,3,234,247,2,1
12232,20050818,1,0,0,137,524,2,2
12233,20050818,4,0,0,76,39,1,2
12234,20050818,7,1,3,69,837,2,2
12235,20050818,1,0,0,98,213,1,1
12236,20050818,5,0,0,362,265,1,2
12237,20050818,7,1,2,8,967,1,1
12238,20050818,1,0,0,443,880,1,2
12239,20050818,6,0,0,490,424,1,1
12240,20050818,8,1,2,495,258,2,2
12241,20050818,2,0,0,577,280,1,2
12242,20050818,7,1,1,195,454,1,1
12243,20050818,9,1,4,58,397,2,2
12244,20050818,2,0,0,42,971,1,2
12245,20050818,6,1,2,493,649,2,2
12246,20050818,7,1,3,144,702,2,1
12247,20050818,6,1,2,55,489,2,2
12248,20050818,4,1,1,376,460,1,1
12249,20050818,2,0,0,220,784,2,1
12250,20050818,4,0,0,298,204,2,1
12251,20050818,0,0,0,578,668,1,1
12252,20050818,7,1,4,451,25,1,2
12253,20050818,1,0,0,233,122,2,1
12254,20050818,5,0,0,565,626,2,1
12255,20050818,3,0,0,25,456,1,1
12256,20050818,3,0,0,414,651,2,2
12257,20050818,6,1,3,137,60,1,2
12258,20050818,3,0,0,472,627,2,2
12259,20050818,0,0,0,301,638,1,2
12260,20050818,8,1,4,330,298,2,1
12261,20050818,9,1,4,113,888,1,1
12262,20050818,2,0,0,462,129,2,1
12263,20050818,3,0,0,527,882,1,1
12264,20050818,8,1,1,137,676,2,1
12265,20050818,1,0,0,323,117,2,1
12266,20050818,1,0,0,325,474,2,2
12267,20050818,7,1,1,397,141,2,2
12268,20050818,5,0,0,62,19,1,2
12269,20050818,7,1,2,305,159,1,1
12270,20050818,2,0,0,501,536,1,2
12271,20050818,2,0,0,465,846,1,1
12272,20050818,6,0,0,189,428,2,1
12273,20050818,6,1,3,35,774,1,2
12274,20050818,9,1,5,50,59,1,1
12275,20050818,6,1,1,512,322,2,1
12276,20050818,3,0,0,426,981,1,2
12277,20060214,7396,1,7393,266,90,1,2
12278,20050818,6,1,3,555,704,2,2
12279,20050818,1,0,0,219,903,2,2
12280,20050818,2,0,0,443,878,2,2
12281,20050818,2,0,0,457,1000,1,2
12282,20050818,5,1,2,23,791,1,2
12283,20050818,4,1,1,279,124,2,1
12284,20050818,4,0,0,303,694,1,2
12285,20050818,1,0,0,66,773,1,2
12286,20050818,0,0,0,287,815,1,2
12287,20050818,5,1,2,202,484,1,1
12288,20050818,7,0,0,591,962,1,2
12289,20050818,8,1,4,327,98,1,1
12290,20050818,5,1,2,100,892,2,2
12291,20050818,5,0,0,491,929,1,1
12292,20050818,8,1,3,316,310,1,1
12293,20050818,6,0,0,131,133,2,2
12294,20050818,8,1,3,356,543,1,2
12295,20050818,7,1,2,586,361,1,2
12296,20050818,4,1,1,144,453,1,1
12297,20050818,2,0,0,75,200,2,1
12298,20050818,9,1,2,443,200,2,1
12299,20050818,4,0,0,4,199,1,2
12300,20050818,6,1,1,65,706,2,2
12301,20050818,4,0,0,156,498,1,1
12302,20050818,4,0,0,131,167,1,1
12303,20050818,9,1,5,477,351,1,2
12304,20050818,5,0,0,68,303,1,1
12305,20050818,4,0,0,183,975,2,2
12306,20050818,2,0,0,270,843,2,1
12307,20050818,7,1,3,530,588,2,1
12308,20050818,4,0,0,104,631,1,1
12309,20050818,1,0,0,379,166,2,2
12310,20050818,5,0,0,300,835,1,2
12311,20050818,3,0,0,90,360,1,2
12312,20050818,2,0,0,258,16,2,2
12313,20050818,8,1,3,136,446,1,1
12314,20050818,6,1,1,34,476,2,1
12315,20050818,6,1,3,261,438,1,2
12316,20050818,8,1,1,395,942,1,2
12317,20050818,4,0,0,434,18,2,1
12318,20050818,8,1,3,29,808,2,1
12319,20050818,4,0,0,256,223,2,1
12320,20050818,1,0,0,103,715,1,1
12321,20050818,5,1,2,208,114,2,1
12322,20050818,5,0,0,293,921,1,1
12323,20050818,8,1,4,224,893,2,1
12324,20050818,1,0,0,271,531,2,2
12325,20050818,7,1,4,294,402,1,1
12326,20050818,1,0,0,166,407,1,2
12327,20050818,7,1,4,412,529,1,2
12328,20050818,5,1,1,40,299,1,2
12329,20050818,6,0,0,426,687,2,1
12330,20050818,8,1,4,322,199,1,2
12331,20050818,6,1,2,511,997,1,2
12332,20050818,1,0,0,133,136,1,2
12333,20050818,2,0,0,371,953,1,2
12334,20050818,7,0,0,441,576,2,1
12335,20050818,1,0,0,330,609,2,1
12336,20050818,4,0,0,490,545,1,1
12337,20050818,2,0,0,197,917,2,1
12338,20050818,1,0,0,483,61,1,2
12339,20050818,0,0,0,198,350,2,2
12340,20050818,1,0,0,240,778,1,1
12341,20050818,2,0,0,128,26,1,1
12342,20050818,3,0,0,566,308,2,1
12343,20050818,9,1,2,512,99,2,1
12344,20050818,5,0,0,573,804,1,2
12345,20050818,6,0,0,440,513,2,1
12346,20050818,3,0,0,141,267,1,2
12347,20050818,0,0,0,345,388,2,1
12348,20050818,6,1,2,199,96,1,2
12349,20050818,0,0,0,526,912,1,1
12350,20050818,3,0,0,510,294,2,1
12351,20050818,5,0,0,217,500,1,2
12352,20060214,7396,1,7389,488,139,2,1
12353,20050818,2,0,0,274,349,2,2
12354,20050818,7,1,2,269,640,2,1
12355,20050818,2,0,0,531,894,2,1
12356,20050818,6,1,2,188,110,1,1
12357,20050818,3,0,0,466,35,2,1
12358,20050818,1,0,0,539,112,1,1
12359,20050818,0,0,0,212,907,1,1
12360,20050818,8,1,2,236,206,1,1
12361,20050818,4,0,0,375,311,1,2
12362,20050818,1,0,0,179,688,2,2
12363,20050818,7,1,2,568,755,2,2
12364,20050818,0,0,0,320,745,2,2
12365,20050818,5,0,0,595,948,2,1
12366,20050818,3,0,0,339,832,1,1
12367,20050818,8,1,3,597,396,2,2
12368,20050818,6,1,1,155,827,2,2
12369,20050818,8,1,4,295,107,2,1
12370,20050818,4,0,0,302,735,1,1
12371,20050818,0,0,0,328,135,2,2
12372,20050818,9,1,5,527,654,1,2
12373,20050818,8,1,3,179,170,1,1
12374,20050818,8,1,1,56,208,1,2
12375,20050818,3,0,0,293,768,1,2
12376,20050818,2,0,0,247,187,2,1
12377,20050818,4,0,0,206,996,1,2
12378,20050818,0,0,0,25,966,2,1
12379,20050818,1,0,0,474,631,2,2
12380,20050818,6,0,0,66,11,1,2
12381,20050818,5,0,0,501,797,2,2
12382,20050818,7,1,3,521,670,1,2
12383,20050818,4,0,0,436,358,1,2
12384,20050818,4,0,0,306,560,2,1
12385,20050818,3,0,0,575,690,1,1
12386,20050818,5,0,0,587,727,2,2
12387,20050818,2,0,0,14,788,1,2
12388,20050818,8,1,2,464,875,1,2
12389,20050818,4,0,0,480,412,1,2
12390,20050818,5,1,1,255,787,1,1
12391,20050818,4,0,0,37,330,1,2
12392,20050818,6,0,0,581,591,2,2
12393,20050818,8,1,5,281,531,2,1
12394,20050818,5,0,0,546,788,1,1
12395,20050818,3,0,0,270,439,1,2
12396,20050818,7,1,4,350,791,1,2
12397,20050818,9,1,5,396,408,2,2
12398,20050818,9,1,2,358,923,2,1
12399,20050818,9,1,6,309,861,2,1
12400,20050818,7,1,1,254,383,1,1
12401,20050818,2,0,0,543,940,1,2
12402,20050818,7,1,3,236,85,2,2
12403,20050818,5,1,2,194,460,2,2
12404,20050818,5,0,0,44,244,1,2
12405,20050818,9,1,4,25,51,1,2
12406,20050818,4,0,0,434,952,1,1
12407,20050818,5,0,0,502,86,2,2
12408,20050818,0,0,0,515,514,1,1
12409,20050818,1,0,0,85,562,2,2
12410,20050818,8,1,5,593,414,2,1
12411,20050818,2,0,0,568,273,2,2
12412,20050818,5,1,1,490,346,2,2
12413,20050818,4,0,0,509,760,1,2
12414,20050818,7,1,4,204,973,1,2
12415,20050818,6,0,0,60,86,2,1
12416,20050818,4,0,0,78,828,2,1
12417,20050818,0,0,0,393,767,1,1
12418,20050818,1,0,0,121,911,2,2
12419,20050818,1,0,0,344,683,2,1
12420,20050818,3,0,0,541,100,1,1
12421,20050818,5,0,0,561,887,1,2
12422,20050818,2,0,0,328,403,2,2
12423,20050818,8,1,4,594,227,2,2
12424,20050818,8,1,3,342,446,2,1
12425,20050818,8,1,4,20,436,1,2
12426,20050818,4,0,0,490,174,2,2
12427,20050818,9,1,6,26,382,1,1
12428,20050818,5,1,2,195,816,2,1
12429,20050818,9,1,4,75,657,1,1
12430,20050818,4,0,0,169,623,2,1
12431,20050818,4,0,0,15,975,1,1
12432,20050818,7,1,2,404,557,2,2
12433,20050818,0,0,0,92,385,2,1
12434,20050818,4,0,0,61,677,1,2
12435,20050818,8,1,3,441,706,1,1
12436,20050818,4,0,0,269,823,1,2
12437,20050818,8,1,5,325,879,1,2
12438,20050818,7,1,4,199,444,2,1
12439,20050818,3,0,0,243,704,2,1
12440,20050818,3,0,0,362,610,1,2
12441,20050818,7,1,1,559,467,2,2
12442,20050818,2,0,0,416,16,1,1
12443,20050818,7,1,2,149,445,1,2
12444,20050818,1,0,0,296,358,1,2
12445,20050818,3,0,0,451,735,2,1
12446,20050818,4,0,0,167,462,2,1
12447,20050818,8,1,3,481,890,2,1
12448,20050818,2,0,0,407,850,1,2
12449,20050818,0,0,0,296,143,2,1
12450,20050818,3,0,0,518,754,2,1
12451,20050818,1,0,0,52,610,1,1
12452,20050818,8,1,3,225,926,2,1
12453,20050818,7,1,3,160,545,1,1
12454,20050818,1,0,0,363,917,1,2
12455,20050818,4,0,0,443,979,1,2
12456,20050818,3,0,0,534,1000,2,1
12457,20060214,7396,1,7393,368,464,1,2
12458,20050818,4,1,1,372,1000,2,2
12459,20050818,3,0,0,62,92,2,1
12460,20050818,8,1,2,209,776,2,2
12461,20050818,2,0,0,398,344,2,1
12462,20050818,2,0,0,273,199,1,2
12463,20050818,5,1,2,576,6,2,1
12464,20050818,9,1,2,378,426,2,1
12465,20050818,3,0,0,318,377,2,2
12466,20050818,5,1,2,452,590,1,1
12467,20050818,1,0,0,548,309,2,2
12468,20050818,6,0,0,368,368,1,2
12469,20050818,6,0,0,475,523,1,1
12470,20050818,5,1,2,529,285,1,2
12471,20050818,8,1,2,455,55,1,2
12472,20050818,9,1,6,180,973,2,2
12473,20050818,3,0,0,595,274,1,1
12474,20050818,9,1,6,222,484,2,1
12475,20050818,6,0,0,286,685,2,2
12476,20050818,2,0,0,391,611,1,2
12477,20050818,7,1,1,56,986,1,2
12478,20050818,3,0,0,504,985,2,2
12479,20050818,3,0,0,286,248,2,2
12480,20050818,8,1,4,233,734,2,1
12481,20050818,3,0,0,1,529,1,2
12482,20050818,7,1,2,323,827,2,1
12483,20050818,6,1,1,335,392,1,1
12484,20050818,5,1,1,216,807,1,2
12485,20050818,4,0,0,388,92,2,2
12486,20050818,9,1,4,78,655,2,2
12487,20050818,3,0,0,113,560,1,1
12488,20050818,1,0,0,299,731,2,1
12489,20060214,7396,1,7390,203,86,1,2
12490,20050818,9,1,5,530,346,2,1
12491,20050818,3,0,0,323,512,2,2
12492,20050818,8,1,4,205,623,1,1
12493,20050818,9,1,5,447,665,1,2
12494,20050818,8,1,4,406,842,1,1
12495,20050818,3,0,0,262,271,2,1
12496,20050818,9,1,2,292,100,2,2
12497,20050818,5,1,1,397,180,2,1
12498,20050818,3,0,0,483,236,2,1
12499,20050818,0,0,0,504,572,2,1
12500,20050818,1,0,0,49,7,2,2
12501,20050818,4,0,0,23,159,2,2
12502,20050818,1,0,0,133,465,2,1
12503,20050818,0,0,0,186,776,1,2
12504,20050818,5,0,0,440,968,1,2
12505,20050818,5,1,1,592,818,1,1
12506,20060214,7396,1,7390,166,251,1,2
12507,20050818,8,1,3,165,44,2,2
12508,20050818,3,0,0,299,235,2,1
12509,20050818,1,0,0,181,538,2,2
12510,20050818,9,1,5,480,670,1,2
12511,20050818,3,0,0,444,204,1,2
12512,20050818,8,1,3,425,863,1,2
12513,20050818,6,1,3,32,6,2,1
12514,20050818,4,1,1,554,728,2,2
12515,20050818,3,0,0,566,593,2,1
12516,20050818,1,0,0,117,294,2,1
12517,20050818,9,1,2,590,638,2,1
12518,20050818,4,0,0,275,845,1,1
12519,20050818,6,0,0,242,523,1,1
12520,20050818,4,0,0,478,149,2,2
12521,20050818,2,0,0,334,228,2,1
12522,20050818,9,1,2,44,970,1,1
12523,20050818,8,1,4,423,197,1,1
12524,20060214,7396,1,7393,599,189,1,1
12525,20050818,4,0,0,545,512,2,2
12526,20050818,0,0,0,280,774,1,1
12527,20050818,7,1,1,257,556,2,2
12528,20050818,8,1,1,41,741,2,2
12529,20050818,1,0,0,567,427,1,2
12530,20050818,7,1,1,127,234,2,2
12531,20050818,3,0,0,398,609,1,2
12532,20050818,6,0,0,363,22,2,2
12533,20050818,2,0,0,19,174,1,1
12534,20050818,7,1,3,530,222,2,1
12535,20050818,7,1,1,67,646,2,1
12536,20050818,7,1,1,409,510,1,1
12537,20050818,6,0,0,164,11,2,2
12538,20050818,5,0,0,560,302,1,1
12539,20050818,1,0,0,202,717,1,2
12540,20050818,8,1,3,389,620,2,2
12541,20050818,7,1,1,165,949,2,1
12542,20050818,2,0,0,423,417,1,2
12543,20050818,1,0,0,129,73,2,1
12544,20050818,8,1,1,58,828,2,1
12545,20050818,7,1,3,96,433,2,1
12546,20050818,7,1,1,495,132,2,1
12547,20050818,4,0,0,51,668,2,2
12548,20050818,9,1,5,221,164,2,1
12549,20050818,2,0,0,255,226,2,1
12550,20050818,0,0,0,94,928,1,2
12551,20050818,1,0,0,189,474,2,2
12552,20050818,1,0,0,185,937,2,2
12553,20050818,3,0,0,345,636,1,1
12554,20050818,6,1,3,294,156,2,2
12555,20050818,7,0,0,312,970,1,2
12556,20050818,6,1,2,173,433,1,2
12557,20050818,0,0,0,329,70,1,2
12558,20050818,7,1,4,177,37,1,2
12559,20050818,7,1,1,357,8,2,1
12560,20050818,8,1,1,174,181,2,1
12561,20050818,1,0,0,155,176,2,1
12562,20050818,4,0,0,548,116,2,2
12563,20050818,9,1,2,437,559,2,1
12564,20050818,3,0,0,494,58,2,2
12565,20050818,0,0,0,90,284,2,2
12566,20050818,3,0,0,470,367,1,2
12567,20050818,8,1,1,563,644,2,1
12568,20050818,4,1,1,104,582,2,2
12569,20050818,5,1,1,299,226,2,2
12570,20050818,3,0,0,90,865,2,2
12571,20050818,4,0,0,51,227,1,2
12572,20050818,2,0,0,290,301,1,1
12573,20050818,3,0,0,553,310,1,2
12574,20060214,7396,1,7391,156,39,2,2
12575,20050818,7,1,2,197,755,1,1
12576,20050818,4,0,0,153,73,1,2
12577,20050818,7,1,3,539,898,1,2
12578,20050818,2,0,0,131,206,2,1
12579,20050818,2,0,0,285,663,2,2
12580,20050818,5,1,1,291,266,2,2
12581,20050818,5,1,2,456,938,2,1
12582,20050818,1,0,0,452,976,1,1
12583,20050818,2,0,0,332,679,2,2
12584,20050818,7,1,3,396,980,1,1
12585,20050818,4,1,1,88,169,1,1
12586,20050818,3,0,0,135,922,2,1
12587,20050818,7,1,1,269,677,2,1
12588,20050818,5,0,0,359,152,1,1
12589,20050818,9,1,5,569,213,1,1
12590,20050818,4,1,1,563,575,2,1
12591,20050818,5,0,0,111,158,2,2
12592,20050818,7,1,1,544,353,2,1
12593,20050818,3,0,0,407,891,2,2
12594,20050818,6,1,3,369,966,2,1
12595,20050818,0,0,0,367,363,1,1
12596,20050818,6,0,0,114,800,2,1
12597,20050818,7,1,2,362,833,2,2
12598,20050818,4,0,0,588,694,1,1
12599,20050818,5,0,0,287,443,1,2
12600,20050818,7,1,2,315,322,2,1
12601,20050818,5,1,1,489,681,1,1
12602,20050818,2,0,0,82,436,1,2
12603,20050818,6,0,0,153,608,2,2
12604,20050818,1,0,0,238,897,1,1
12605,20050818,2,0,0,110,300,1,1
12606,20050818,6,1,1,569,79,1,1
12607,20050818,1,0,0,550,461,2,1
12608,20050818,4,1,1,509,135,2,2
12609,20050818,2,0,0,318,505,2,1
12610,20060214,7396,1,7393,573,698,1,1
12611,20050818,5,0,0,9,418,1,2
12612,20050818,7,0,0,105,231,2,2
12613,20050818,5,0,0,364,847,2,2
12614,20050818,7,1,4,203,483,1,2
12615,20050818,8,1,3,299,473,2,1
12616,20050818,7,0,0,71,648,1,2
12617,20050818,6,0,0,123,782,1,2
12618,20050818,0,0,0,197,68,2,1
12619,20050818,2,0,0,178,218,2,1
12620,20050818,6,1,2,271,585,2,1
12621,20050818,5,1,1,267,997,1,2
12622,20050818,5,0,0,188,62,2,1
12623,20050818,2,0,0,336,803,2,1
12624,20050818,8,1,2,405,251,2,2
12625,20050818,4,1,1,332,580,1,1
12626,20050818,7,1,4,70,920,1,1
12627,20050818,0,0,0,330,823,1,2
12628,20050818,6,1,2,590,705,1,1
12629,20050818,8,1,3,257,371,1,1
12630,20050818,5,1,1,531,319,2,1
12631,20050818,6,0,0,124,610,2,2
12632,20050818,4,0,0,8,181,1,1
12633,20050818,4,1,1,481,946,2,2
12634,20050818,1,0,0,482,232,1,2
12635,20050818,4,0,0,189,73,2,2
12636,20050818,8,1,3,419,358,2,2
12637,20050818,0,0,0,471,872,2,1
12638,20050818,7,1,4,510,624,2,2
12639,20050818,8,1,1,245,122,1,2
12640,20050818,6,1,3,59,374,1,1
12641,20050818,1,0,0,325,169,2,1
12642,20050818,1,0,0,192,451,1,2
12643,20050818,5,0,0,93,485,2,1
12644,20050818,7,0,0,216,330,2,1
12645,20060214,7396,1,7391,571,361,2,1
12646,20050818,6,1,2,397,681,2,1
12647,20050818,9,1,3,590,72,1,1
12648,20050818,7,1,3,278,775,1,1
12649,20050818,4,0,0,14,703,2,2
12650,20050818,2,0,0,578,710,2,2
12651,20050818,4,0,0,287,1,2,1
12652,20050818,2,0,0,379,459,2,1
12653,20050818,7,1,3,222,736,1,1
12654,20050818,1,0,0,599,479,2,2
12655,20050818,9,1,6,82,189,2,2
12656,20050818,2,0,0,367,868,1,1
12657,20050818,2,0,0,432,790,2,1
12658,20050818,1,0,0,306,941,1,1
12659,20050818,6,1,2,30,74,1,2
12660,20050818,8,1,3,31,91,1,2
12661,20050818,4,0,0,26,339,2,1
12662,20050818,4,0,0,490,309,2,1
12663,20050818,0,0,0,140,257,2,1
12664,20050818,7,1,4,497,599,2,1
12665,20060214,7396,1,7392,74,370,2,2
12666,20050818,2,0,0,168,902,2,2
12667,20050818,8,1,5,526,21,2,2
12668,20050818,0,0,0,551,433,1,1
12669,20050818,5,1,1,353,989,1,1
12670,20050818,5,1,2,401,374,2,2
12671,20050818,4,0,0,497,377,2,2
12672,20060214,7396,1,7392,68,376,1,1
12673,20050818,8,1,2,76,914,2,2
12674,20050818,8,1,3,258,138,2,2
12675,20050818,4,0,0,552,123,2,2
12676,20050818,1,0,0,437,566,1,2
12677,20050818,4,0,0,27,289,1,2
12678,20050818,4,0,0,568,550,1,2
12679,20050818,6,1,1,72,336,1,1
12680,20050818,8,1,1,200,182,1,2
12681,20050818,4,1,1,518,345,1,2
12682,20060214,7396,1,7392,477,254,1,2
12683,20050818,7,1,1,314,391,2,1
12684,20050818,0,0,0,169,218,2,1
12685,20050818,8,1,5,166,932,2,2
12686,20050818,7,1,3,300,112,1,1
12687,20050818,8,1,4,296,680,1,2
12688,20050818,7,1,3,162,502,2,2
12689,20050818,4,1,1,218,237,1,2
12690,20050818,6,0,0,70,782,1,2
12691,20050818,7,1,4,183,819,1,2
12692,20050818,2,0,0,341,610,2,1
12693,20050818,7,1,1,165,338,2,1
12694,20050818,7,1,2,215,378,2,1
12695,20050818,6,0,0,511,99,1,1
12696,20050818,0,0,0,63,869,2,2
12697,20050818,5,0,0,214,609,1,1
12698,20060214,7396,1,7392,542,798,2,1
12699,20050818,3,0,0,486,808,2,1
12700,20050818,5,0,0,426,118,1,1
12701,20050818,8,1,2,292,508,2,2
12702,20050818,8,1,1,362,410,2,2
12703,20050818,7,1,1,582,283,1,1
12704,20050818,3,0,0,130,10,2,2
12705,20050818,5,0,0,492,509,2,1
12706,20050818,8,1,1,232,240,2,1
12707,20050818,6,1,3,221,344,1,2
12708,20050818,6,0,0,212,756,2,1
12709,20050818,7,1,4,71,848,1,2
12710,20050818,7,1,2,49,661,1,2
12711,20050818,7,1,3,391,555,2,1
12712,20050818,6,0,0,154,576,2,2
12713,20050818,5,1,1,164,329,2,1
12714,20050818,8,1,2,249,191,1,2
12715,20050818,2,0,0,25,824,2,1
12716,20060214,7396,1,7393,338,189,1,2
12717,20050818,1,0,0,192,776,2,2
12718,20050818,1,0,0,4,707,2,1
12719,20060214,7396,1,7393,137,243,2,2
12720,20050818,6,0,0,209,587,1,1
12721,20050818,4,1,1,240,233,1,1
12722,20050818,9,1,4,381,203,2,2
12723,20050818,4,0,0,428,906,1,1
12724,20050818,9,1,5,109,481,1,2
12725,20050818,4,0,0,557,887,2,1
12726,20050818,1,0,0,426,4,2,2
12727,20050818,5,0,0,57,3,2,1
12728,20050818,6,1,1,105,693,2,1
12729,20050818,2,0,0,112,812,1,1
12730,20050818,3,0,0,597,15,2,1
12731,20050818,4,1,1,415,374,2,1
12732,20050818,0,0,0,76,728,1,2
12733,20050818,5,0,0,33,714,2,1
12734,20050818,6,0,0,195,790,1,1
12735,20050818,4,0,0,7,805,1,2
12736,20060214,7396,1,7390,403,785,1,2
12737,20050818,7,1,1,522,161,1,1
12738,20050818,8,1,4,145,939,2,2
12739,20050818,8,1,5,533,897,2,2
12740,20050818,5,0,0,546,255,2,1
12741,20050818,6,0,0,99,451,2,2
12742,20050818,3,0,0,229,378,2,1
12743,20050818,8,1,4,390,577,1,1
12744,20050818,5,0,0,558,835,2,1
12745,20050818,1,0,0,12,58,2,2
12746,20060214,7396,1,7392,90,227,1,1
12747,20050818,3,0,0,482,888,1,2
12748,20050818,5,1,2,409,715,1,2
12749,20050818,2,0,0,397,181,2,1
12750,20050818,7,0,0,76,813,2,1
12751,20050818,1,0,0,69,612,2,2
12752,20050818,9,1,2,131,786,1,1
12753,20050818,8,1,5,594,327,1,2
12754,20050818,8,1,2,151,902,1,2
12755,20050818,4,1,1,267,21,2,1
12756,20050818,2,0,0,15,400,1,1
12757,20050818,2,0,0,303,244,1,1
12758,20050818,4,0,0,495,493,2,1
12759,20060214,7396,1,7393,58,912,2,2
12760,20050818,5,0,0,307,911,2,1
12761,20050818,3,0,0,329,589,2,2
12762,20050818,2,0,0,230,853,1,1
12763,20050818,2,0,0,589,86,2,1
12764,20050818,3,0,0,52,6,1,1
12765,20050818,9,1,3,157,485,2,2
12766,20050818,8,1,1,485,817,1,1
12767,20050818,9,1,5,468,736,1,2
12768,20050818,0,0,0,252,434,1,2
12769,20050818,6,0,0,562,206,1,1
12770,20050818,7,1,2,327,361,1,2
12771,20050818,3,0,0,126,676,2,2
12772,20050818,4,0,0,426,263,1,1
12773,20050818,8,1,2,421,959,1,1
12774,20050818,9,1,5,31,787,1,2
12775,20050818,7,1,4,280,953,2,1
12776,20050818,4,0,0,427,510,1,1
12777,20050818,8,1,3,48,760,1,1
12778,20050818,0,0,0,585,791,2,2
12779,20050818,7,0,0,45,394,1,2
12780,20050818,1,0,0,409,11,1,2
12781,20050818,2,0,0,96,264,2,1
12782,20050818,6,1,2,81,319,1,1
12783,20050819,2,0,0,302,246,2,2
12784,20050819,1,0,0,357,99,1,1
12785,20050819,2,0,0,471,912,1,2
12786,20060214,7396,1,7390,537,19,2,1
12787,20050819,5,0,0,514,440,1,2
12788,20050819,8,1,2,106,140,1,1
12789,20050819,6,0,0,312,526,2,2
12790,20050819,7,1,2,440,284,1,1
12791,20050819,3,0,0,305,786,1,1
12792,20060214,7396,1,7393,20,314,1,2
12793,20050819,9,1,5,235,266,1,1
12794,20050819,7,0,0,224,348,2,1
12795,20050819,3,0,0,421,602,2,2
12796,20050819,0,0,0,256,284,2,2
12797,20050819,2,0,0,496,349,2,2
12798,20050819,2,0,0,183,922,2,2
12799,20050819,3,0,0,83,849,2,2
12800,20050819,3,0,0,526,57,2,1
12801,20050819,7,1,4,190,214,2,1
12802,20050819,9,1,6,452,537,2,1
12803,20050819,4,0,0,503,235,2,1
12804,20050819,9,1,4,293,31,1,2
12805,20050819,7,1,4,388,650,1,1
12806,20050819,4,0,0,152,980,2,2
12807,20050819,9,1,4,357,504,2,2
12808,20050819,2,0,0,427,856,1,2
12809,20050819,4,0,0,351,436,2,1
12810,20050819,3,0,0,375,295,2,2
12811,20050819,5,0,0,280,139,1,2
12812,20050819,3,0,0,251,877,1,2
12813,20050819,0,0,0,245,723,2,2
12814,20050819,2,0,0,347,45,1,1
12815,20050819,6,1,2,120,96,1,2
12816,20050819,5,0,0,44,881,2,1
12817,20050819,6,1,3,581,275,1,1
12818,20050819,7,1,1,6,675,1,2
12819,20050819,3,0,0,246,247,2,1
12820,20050819,2,0,0,449,645,1,2
12821,20050819,4,0,0,22,748,2,2
12822,20050819,1,0,0,221,92,1,1
12823,20050819,3,0,0,211,94,1,2
12824,20050819,2,0,0,323,409,1,2
12825,20050819,0,0,0,241,981,2,2
12826,20050819,7,1,2,267,282,2,1
12827,20050819,8,1,3,290,193,2,2
12828,20050819,5,0,0,114,915,1,2
12829,20050819,6,1,2,454,250,2,2
12830,20050819,1,0,0,366,890,1,2
12831,20050819,9,1,3,52,416,2,1
12832,20050819,5,1,2,424,619,2,2
12833,20050819,7,1,1,213,814,2,1
12834,20050819,5,0,0,344,165,2,1
12835,20050819,6,0,0,516,323,2,2
12836,20050819,4,0,0,169,303,1,1
12837,20050819,3,0,0,81,496,1,2
12838,20050819,8,1,2,563,268,2,1
12839,20050819,9,1,6,421,429,2,2
12840,20050819,8,1,1,553,455,1,2
12841,20050819,5,1,2,352,920,2,1
12842,20050819,8,1,3,153,557,1,1
12843,20050819,0,0,0,415,723,1,2
12844,20050819,5,1,2,165,901,1,1
12845,20050819,2,0,0,430,370,1,1
12846,20050819,6,0,0,544,64,2,2
12847,20050819,4,0,0,64,85,2,2
12848,20050819,5,0,0,584,621,2,2
12849,20050819,4,1,1,374,764,2,1
12850,20050819,1,0,0,194,395,1,2
12851,20050819,6,1,1,276,729,2,1
12852,20050819,0,0,0,84,534,1,1
12853,20050819,8,1,2,377,821,2,2
12854,20050819,5,1,2,42,1000,1,2
12855,20050819,0,0,0,109,637,2,1
12856,20050819,4,1,1,356,26,2,2
12857,20050819,1,0,0,60,938,1,1
12858,20050819,7,1,1,33,664,1,2
12859,20050819,9,1,6,498,496,2,2
12860,20050819,6,1,1,411,170,1,1
12861,20050819,3,0,0,231,684,2,1
12862,20050819,7,1,3,369,104,2,2
12863,20050819,2,0,0,308,170,2,1
12864,20050819,3,0,0,347,979,1,2
12865,20050819,1,0,0,135,753,2,1
12866,20050819,7,1,1,38,383,1,1
12867,20050819,1,0,0,546,982,2,1
12868,20050819,0,0,0,36,882,1,2
12869,20050819,7,1,4,474,859,1,2
12870,20050819,7,0,0,505,220,2,1
12871,20050819,2,0,0,226,575,2,2
12872,20050819,3,0,0,280,430,2,1
12873,20050819,3,0,0,94,463,1,2
12874,20050819,3,0,0,55,186,1,2
12875,20050819,6,0,0,511,373,1,2
12876,20050819,0,0,0,227,175,1,2
12877,20050819,5,1,1,350,228,1,2
12878,20050819,4,0,0,174,263,1,1
12879,20050819,5,0,0,593,777,2,1
12880,20050819,9,1,2,92,743,2,2
12881,20050819,6,1,1,195,313,2,1
12882,20050819,2,0,0,243,202,1,1
12883,20050819,4,0,0,464,215,1,1
12884,20050819,8,1,2,494,608,2,2
12885,20050819,1,0,0,258,194,2,1
12886,20050819,6,0,0,583,466,1,1
12887,20050819,8,1,1,330,270,1,1
12888,20050819,5,0,0,575,961,2,2
12889,20050819,7,0,0,78,956,1,2
12890,20050819,0,0,0,330,839,2,1
12891,20060214,7396,1,7393,397,606,2,2
12892,20050819,2,0,0,195,233,1,2
12893,20050819,1,0,0,380,37,1,2
12894,20050819,5,1,2,270,1000,2,2
12895,20050819,7,1,4,281,953,1,1
12896,20050819,5,0,0,502,31,1,1
12897,20060214,7396,1,7389,57,330,2,2
12898,20050819,4,0,0,499,341,2,2
12899,20050819,1,0,0,524,181,2,2
12900,20050819,5,0,0,483,186,2,2
12901,20060214,7396,1,7391,136,614,2,2
12902,20060214,7396,1,7392,64,102,2,2
12903,20050819,6,1,1,117,509,2,2
12904,20050819,8,1,5,352,101,1,1
12905,20050819,7,1,4,513,233,1,1
12906,20050819,1,0,0,286,447,1,1
12907,20050819,7,1,4,102,624,1,1
12908,20050819,6,1,1,588,39,1,1
12909,20050819,5,0,0,593,937,1,2
12910,20050819,1,0,0,415,864,2,1
12911,20050819,6,1,1,179,384,2,2
12912,20050819,8,1,1,329,380,1,2
12913,20050819,6,0,0,227,813,2,1
12914,20050819,4,0,0,417,961,1,2
12915,20060214,7396,1,7392,67,581,1,1
12916,20050819,1,0,0,378,492,1,2
12917,20050819,0,0,0,214,21,2,2
12918,20050819,6,1,3,517,216,2,1
12919,20050819,5,1,2,404,460,1,2
12920,20050819,7,1,3,115,553,2,2
12921,20050819,5,0,0,308,170,2,2
12922,20050819,4,0,0,385,76,1,1
12923,20050819,3,0,0,288,305,1,1
12924,20050819,7,1,2,278,833,2,1
12925,20050819,7,1,4,311,738,1,2
12926,20050819,7,1,1,224,5,2,2
12927,20050819,3,0,0,382,260,2,1
12928,20050819,5,1,1,340,989,1,2
12929,20050819,5,0,0,49,334,2,1
12930,20050819,2,0,0,319,964,1,2
12931,20050819,1,0,0,470,675,1,1
12932,20050819,2,0,0,381,499,1,1
12933,20050819,7,1,3,145,893,1,1
12934,20050819,5,1,1,51,711,2,1
12935,20050819,1,0,0,260,43,2,2
12936,20050819,9,1,6,139,142,1,1
12937,20050819,3,0,0,494,838,1,2
12938,20060214,7396,1,7392,212,869,1,1
12939,20050819,4,0,0,568,740,2,1
12940,20050819,1,0,0,588,481,1,1
12941,20050819,3,0,0,171,647,2,2
12942,20050819,7,1,2,370,858,2,1
12943,20050819,2,0,0,285,857,1,2
12944,20050819,9,1,2,425,648,2,1
12945,20050819,4,0,0,459,794,2,2
12946,20050819,1,0,0,154,448,2,1
12947,20050819,3,0,0,269,207,1,1
12948,20050819,2,0,0,119,907,1,2
12949,20050819,3,0,0,260,915,1,1
12950,20050819,4,0,0,72,236,2,1
12951,20050819,5,1,1,456,463,2,2
12952,20050819,0,0,0,68,537,2,1
12953,20050819,9,1,4,301,862,2,1
12954,20050819,8,1,2,566,785,2,2
12955,20050819,6,1,3,74,444,1,2
12956,20050819,9,1,2,121,789,2,2
12957,20050819,9,1,6,537,480,1,2
12958,20050819,0,0,0,104,916,1,1
12959,20060214,7396,1,7390,365,337,1,2
12960,20050819,5,0,0,214,766,1,1
12961,20050819,3,0,0,525,988,2,1
12962,20050819,8,1,3,315,125,2,1
12963,20050819,4,0,0,574,331,2,2
12964,20050819,3,0,0,535,625,2,2
12965,20050819,2,0,0,428,938,2,1
12966,20050819,6,1,2,3,702,2,2
12967,20050819,6,1,3,232,746,2,2
12968,20050819,1,0,0,314,683,1,1
12969,20050819,6,0,0,205,43,1,2
12970,20060214,7396,1,7390,39,871,1,1
12971,20050819,4,0,0,207,767,2,2
12972,20050819,8,1,1,427,270,2,1
12973,20050819,3,0,0,283,25,2,2
12974,20050819,6,0,0,1,786,2,2
12975,20050819,5,0,0,410,726,2,1
12976,20050819,7,1,1,178,12,2,2
12977,20050819,8,1,4,397,436,2,2
12978,20050819,1,0,0,192,715,2,2
12979,20050819,1,0,0,103,272,1,2
12980,20050819,6,1,1,33,403,2,1
12981,20050819,2,0,0,500,856,2,1
12982,20050819,1,0,0,440,279,1,1
12983,20050819,9,1,6,425,90,1,2
12984,20050819,2,0,0,547,915,2,1
12985,20050819,4,0,0,472,898,1,1
12986,20050819,2,0,0,593,253,1,1
12987,20050819,0,0,0,151,800,2,1
12988,20060214,7396,1,7393,410,17,1,2
12989,20050819,2,0,0,317,644,1,1
12990,20050819,2,0,0,421,396,2,2
12991,20050819,1,0,0,54,481,2,2
12992,20050819,3,0,0,392,663,2,2
12993,20050819,6,1,2,126,918,2,2
12994,20050819,0,0,0,248,834,2,2
12995,20050819,6,1,2,521,449,2,2
12996,20050819,6,1,2,419,972,1,1
12997,20050819,5,1,2,439,363,1,2
12998,20050819,4,0,0,58,500,2,2
12999,20050819,6,0,0,12,143,1,1
13000,20050819,3,0,0,274,509,2,1
13001,20050819,3,0,0,55,551,1,1
13002,20050819,7,0,0,541,850,2,2
13003,20050819,3,0,0,328,753,1,2
13004,20050819,1,0,0,119,168,1,1
13005,20050819,1,0,0,160,748,2,2
13006,20050819,1,0,0,151,693,2,1
13007,20050819,6,0,0,428,931,2,2
13008,20060214,7396,1,7390,568,399,2,1
13009,20050819,1,0,0,438,147,2,1
13010,20050819,8,1,1,185,181,1,1
13011,20050819,5,0,0,188,435,1,1
13012,20050819,7,1,3,471,369,1,2
13013,20050819,6,1,3,479,184,1,1
13014,20050819,2,0,0,506,745,2,2
13015,20050819,8,1,4,54,759,2,2
13016,20050819,3,0,0,181,680,2,1
13017,20050819,6,0,0,160,467,1,1
13018,20050819,7,1,4,96,460,1,1
13019,20050819,1,0,0,392,620,2,2
13020,20050819,9,1,5,46,982,2,1
13021,20050819,7,1,3,268,274,2,2
13022,20060214,7396,1,7392,224,489,2,2
13023,20050819,8,1,5,3,344,1,1
13024,20050819,7,1,3,286,641,1,1
13025,20060214,7396,1,7391,573,886,1,1
13026,20050819,2,0,0,284,664,2,1
13027,20050819,6,0,0,415,821,2,1
13028,20050819,4,0,0,396,468,1,1
13029,20050819,3,0,0,479,723,2,2
13030,20050819,4,0,0,279,573,1,1
13031,20050819,4,0,0,448,333,2,2
13032,20050819,3,0,0,529,809,2,2
13033,20050819,9,1,3,506,367,1,1
13034,20050819,0,0,0,139,220,2,2
13035,20050819,3,0,0,220,890,1,1
13036,20050819,2,0,0,383,321,1,2
13037,20050819,9,1,3,569,12,2,2
13038,20050819,6,1,2,586,481,2,2
13039,20050819,0,0,0,198,425,2,2
13040,20050819,4,0,0,343,894,2,2
13041,20050819,7,1,3,452,346,1,1
13042,20050819,3,0,0,319,233,2,2
13043,20050819,7,1,1,449,5,2,1
13044,20050819,1,0,0,535,176,1,1
13045,20050819,4,0,0,55,86,1,1
13046,20050819,7,1,3,107,215,1,2
13047,20050819,5,0,0,480,594,1,2
13048,20050819,9,1,2,318,231,1,2
13049,20050819,8,1,5,291,896,1,2
13050,20050819,6,1,1,527,805,2,2
13051,20050819,8,1,3,106,886,1,1
13052,20050819,9,1,5,230,666,1,2
13053,20050819,8,1,5,552,444,2,2
13054,20050819,3,0,0,45,654,1,2
13055,20050819,4,0,0,113,783,1,2
13056,20060214,7396,1,7393,339,820,2,2
13057,20050819,9,1,4,524,193,1,2
13058,20050819,6,1,3,12,531,2,2
13059,20050819,2,0,0,361,834,2,1
13060,20050819,9,1,5,351,112,2,1
13061,20050819,5,0,0,493,159,2,1
13062,20050819,8,1,5,300,389,1,1
13063,20050819,4,0,0,496,266,1,2
13064,20050819,1,0,0,120,897,2,1
13065,20050819,2,0,0,518,411,1,1
13066,20050819,3,0,0,224,816,1,1
13067,20050819,6,1,1,510,838,1,2
13068,20050819,1,0,0,298,663,1,2
13069,20050819,4,0,0,277,81,1,2
13070,20050819,4,0,0,133,479,1,2
13071,20050819,7,1,3,321,116,1,1
13072,20050819,3,0,0,444,502,2,2
13073,20050819,6,0,0,248,188,1,2
13074,20050819,8,1,5,361,720,1,2
13075,20050819,1,0,0,205,897,1,2
13076,20050819,2,0,0,172,272,1,1
13077,20050819,1,0,0,121,96,1,2
13078,20050819,8,1,4,543,893,1,2
13079,20060214,7396,1,7392,16,160,2,1
13080,20050819,2,0,0,531,918,2,2
13081,20050819,0,0,0,232,677,1,1
13082,20050819,8,1,4,139,458,2,1
13083,20050819,3,0,0,34,760,2,2
13084,20050819,6,0,0,522,830,2,2
13085,20050819,2,0,0,66,79,1,2
13086,20050819,6,0,0,451,812,1,2
13087,20050819,7,1,1,315,591,2,2
13088,20050819,1,0,0,571,932,1,1
13089,20050819,5,0,0,566,387,2,1
13090,20050819,8,1,4,478,317,1,1
13091,20050819,3,0,0,449,394,1,1
13092,20050819,5,0,0,513,951,1,2
13093,20050819,6,1,3,441,364,1,1
13094,20050819,1,0,0,147,697,2,1
13095,20050819,8,1,3,237,115,1,1
13096,20050819,1,0,0,517,92,1,1
13097,20050819,5,1,2,378,912,2,2
13098,20050819,5,0,0,557,825,1,1
13099,20050819,7,1,4,75,216,1,1
13100,20050819,6,1,2,328,204,1,1
13101,20050819,8,1,3,62,392,1,2
13102,20050819,9,1,3,296,633,2,2
13103,20050819,6,0,0,208,380,2,2
13104,20050819,2,0,0,51,69,2,2
13105,20050819,8,1,3,260,159,2,1
13106,20060214,7396,1,7391,194,706,1,1
13107,20050819,1,0,0,227,846,2,2
13108,20060214,7396,1,7389,491,792,2,1
13109,20050819,6,0,0,200,10,1,1
13110,20050819,1,0,0,444,12,1,1
13111,20050819,1,0,0,176,127,1,2
13112,20050819,2,0,0,200,450,1,1
13113,20050819,4,0,0,305,522,2,1
13114,20050819,8,1,5,132,946,2,2
13115,20050819,0,0,0,320,428,1,1
13116,20050819,8,1,2,330,338,2,1
13117,20050819,1,0,0,300,752,2,2
13118,20050819,6,0,0,568,103,2,1
13119,20050819,1,0,0,279,307,1,2
13120,20050819,6,1,2,61,491,2,2
13121,20050819,2,0,0,168,770,2,2
13122,20050819,7,1,4,372,730,2,2
13123,20050819,1,0,0,502,616,1,2
13124,20050819,6,0,0,222,456,2,2
13125,20050819,6,0,0,196,814,1,1
13126,20050819,9,1,3,290,305,1,1
13127,20050819,8,1,2,57,566,1,1
13128,20050819,7,1,4,43,109,1,2
13129,20050819,6,1,3,208,973,2,1
13130,20050819,4,0,0,55,437,1,1
13131,20050819,8,1,5,513,321,1,2
13132,20050819,8,1,1,188,380,1,2
13133,20050819,9,1,2,591,357,2,2
13134,20050819,0,0,0,363,299,1,1
13135,20050819,2,0,0,70,348,2,2
13136,20050819,8,1,2,485,556,1,2
13137,20050819,3,0,0,383,969,1,1
13138,20050819,1,0,0,576,689,2,2
13139,20050819,4,0,0,223,455,1,1
13140,20050819,8,1,1,326,915,1,2
13141,20050819,1,0,0,438,992,2,2
13142,20050819,7,1,1,573,307,2,1
13143,20050819,5,0,0,396,361,2,2
13144,20050819,7,1,3,460,824,2,2
13145,20050819,3,0,0,407,303,2,1
13146,20050819,6,1,2,247,320,2,1
13147,20050819,3,0,0,107,764,2,1
13148,20050819,1,0,0,360,382,2,1
13149,20050819,9,1,6,350,314,2,1
13150,20050819,6,0,0,571,331,1,1
13151,20050819,0,0,0,539,668,1,2
13152,20050819,6,1,2,392,781,2,1
13153,20050819,4,1,1,35,851,1,2
13154,20050819,7,0,0,400,539,1,1
13155,20050819,6,1,3,119,65,2,2
13156,20050819,6,0,0,537,167,2,2
13157,20050819,0,0,0,178,959,1,1
13158,20050819,5,0,0,508,209,1,1
13159,20050819,1,0,0,542,500,2,2
13160,20050819,3,0,0,126,90,2,1
13161,20060214,7396,1,7389,181,220,1,1
13162,20050819,5,1,2,263,402,1,1
13163,20050819,2,0,0,311,674,1,2
13164,20050819,6,1,2,471,245,1,2
13165,20050819,2,0,0,177,27,1,2
13166,20050819,2,0,0,562,958,1,1
13167,20050819,4,0,0,134,121,2,2
13168,20050819,8,1,4,199,478,2,2
13169,20050819,6,0,0,274,373,1,1
13170,20050819,7,1,2,4,239,1,2
13171,20050819,8,1,2,391,383,1,1
13172,20050819,1,0,0,157,287,1,2
13173,20050819,6,0,0,299,288,1,2
13174,20050819,3,0,0,324,500,2,2
13175,20050819,1,0,0,240,699,1,2
13176,20050819,3,0,0,298,490,1,2
13177,20050819,3,0,0,54,697,1,2
13178,20060214,7396,1,7391,480,151,2,1
13179,20050819,5,0,0,160,354,2,1
13180,20050819,0,0,0,11,755,1,1
13181,20050819,4,0,0,415,278,1,2
13182,20060214,7396,1,7389,110,80,1,2
13183,20050819,8,1,4,433,525,1,2
13184,20050819,0,0,0,437,961,1,1
13185,20050819,0,0,0,583,54,2,2
13186,20050819,8,1,2,4,615,2,1
13187,20050819,1,0,0,349,423,2,1
13188,20050819,8,1,3,589,127,1,2
13189,20050819,8,1,3,256,755,1,1
13190,20050819,6,0,0,585,940,1,1
13191,20050819,3,0,0,396,603,2,2
13192,20050819,8,1,4,586,215,2,1
13193,20050819,8,1,3,560,115,2,2
13194,20050819,6,1,3,316,542,1,2
13195,20050819,4,0,0,390,556,2,2
13196,20050819,7,1,4,190,101,1,2
13197,20050819,2,0,0,225,700,2,1
13198,20050819,2,0,0,108,930,1,2
13199,20050819,8,1,3,124,935,2,2
13200,20050819,7,1,2,497,602,2,2
13201,20050819,5,0,0,237,22,1,1
13202,20050819,8,1,4,8,775,2,1
13203,20050819,8,1,5,352,175,1,2
13204,20050819,5,1,2,214,987,2,1
13205,20050819,5,1,2,81,574,1,2
13206,20050819,2,0,0,562,542,2,2
13207,20050819,8,1,3,316,147,1,1
13208,20050819,4,0,0,99,132,1,1
13209,20060214,7396,1,7393,496,345,2,2
13210,20050819,1,0,0,447,611,2,1
13211,20050819,3,0,0,177,429,2,1
13212,20050819,5,1,1,561,807,1,1
13213,20050819,2,0,0,517,339,2,1
13214,20050819,1,0,0,378,587,1,2
13215,20050819,7,1,3,135,818,1,1
13216,20050819,6,1,1,102,945,1,2
13217,20050819,1,0,0,390,134,2,1
13218,20050819,3,0,0,352,901,1,1
13219,20050819,3,0,0,346,450,1,2
13220,20050819,5,1,1,167,228,1,1
13221,20050819,7,1,1,191,24,1,1
13222,20050819,6,1,1,64,361,2,1
13223,20050819,3,0,0,399,73,2,1
13224,20050819,9,1,6,550,678,1,2
13225,20050819,6,1,2,376,311,1,1
13226,20050819,1,0,0,443,625,1,2
13227,20050819,1,0,0,346,606,1,1
13228,20050819,1,0,0,418,548,1,1
13229,20050819,3,0,0,100,138,1,2
13230,20050819,1,0,0,101,796,1,1
13231,20050819,8,1,5,374,460,2,2
13232,20050819,8,1,1,43,516,2,2
13233,20050819,5,0,0,260,235,2,1
13234,20050819,7,0,0,148,218,1,1
13235,20050819,7,1,3,179,852,1,1
13236,20050819,8,1,5,103,1000,1,2
13237,20050819,5,0,0,108,282,1,2
13238,20050819,3,0,0,494,220,1,2
13239,20050819,4,0,0,270,725,2,1
13240,20050819,0,0,0,435,309,1,1
13241,20050819,6,1,2,266,682,1,2
13242,20050819,5,0,0,319,51,2,2
13243,20050819,5,0,0,168,78,2,2
13244,20050819,2,0,0,157,715,1,2
13245,20050819,1,0,0,412,224,1,1
13246,20060214,7396,1,7391,239,403,1,2
13247,20050819,5,0,0,12,281,2,1
13248,20050819,9,1,4,148,628,1,2
13249,20050819,0,0,0,255,678,1,1
13250,20050819,7,1,1,167,554,2,2
13251,20050819,0,0,0,580,916,2,1
13252,20050819,3,0,0,328,169,2,2
13253,20050819,0,0,0,384,103,2,2
13254,20050819,8,1,4,586,748,1,2
13255,20050819,9,1,4,330,244,2,1
13256,20050819,9,1,5,177,596,2,1
13257,20050819,5,1,1,216,35,2,1
13258,20050819,5,0,0,402,486,1,2
13259,20050819,3,0,0,252,554,1,1
13260,20050819,5,1,2,168,126,2,2
13261,20060214,7396,1,7390,457,773,2,1
13262,20050819,7,1,1,363,979,2,2
13263,20050819,9,1,6,43,48,2,2
13264,20050819,7,0,0,467,410,1,1
13265,20050819,0,0,0,61,857,2,2
13266,20050819,1,0,0,418,293,1,2
13267,20050819,1,0,0,507,119,2,1
13268,20050819,5,0,0,400,258,2,2
13269,20050819,0,0,0,399,519,2,2
13270,20050819,4,1,1,24,90,1,2
13271,20050819,8,1,5,109,846,2,2
13272,20050819,3,0,0,471,555,2,2
13273,20050819,1,0,0,353,911,1,1
13274,20050819,0,0,0,125,154,1,2
13275,20050819,3,0,0,255,155,1,2
13276,20050819,9,1,6,67,135,2,2
13277,20050819,5,1,2,211,836,1,2
13278,20050819,3,0,0,422,590,2,1
13279,20050819,5,1,2,337,542,1,2
13280,20050819,2,0,0,256,49,1,2
13281,20050819,1,0,0,502,22,2,2
13282,20050819,4,1,1,213,953,2,1
13283,20050819,3,0,0,136,571,2,2
13284,20050819,6,1,3,469,461,1,2
13285,20050819,0,0,0,553,463,1,1
13286,20050819,2,0,0,477,589,2,2
13287,20050819,7,1,3,104,596,1,2
13288,20050819,1,0,0,159,777,2,2
13289,20050819,0,0,0,542,772,1,1
13290,20050819,5,1,1,310,907,1,2
13291,20050819,0,0,0,18,356,2,2
13292,20050819,2,0,0,315,295,1,1
13293,20050819,3,0,0,384,84,1,2
13294,20050819,0,0,0,183,34,2,1
13295,20060214,7396,1,7392,38,525,2,1
13296,20050819,2,0,0,216,376,2,2
13297,20050819,2,0,0,9,835,2,2
13298,20060214,7396,1,7393,70,461,2,2
13299,20050819,3,0,0,409,958,1,1
13300,20050819,9,1,6,288,184,2,2
13301,20050819,7,1,3,147,489,1,1
13302,20050819,2,0,0,557,880,1,1
13303,20050819,3,0,0,363,7,2,2
13304,20050819,4,1,1,20,652,1,2
13305,20050819,9,1,2,295,521,1,1
13306,20050819,1,0,0,38,601,2,2
13307,20050819,2,0,0,285,484,2,1
13308,20050819,8,1,4,319,700,2,2
13309,20050819,9,1,4,64,457,2,2
13310,20050819,4,0,0,439,562,1,1
13311,20050819,1,0,0,590,850,1,1
13312,20050819,3,0,0,143,635,2,2
13313,20050819,2,0,0,401,811,1,2
13314,20050819,7,0,0,309,637,2,2
13315,20050819,2,0,0,280,692,2,1
13316,20050819,3,0,0,254,972,2,1
13317,20050819,1,0,0,383,735,2,2
13318,20050819,1,0,0,185,304,2,2
13319,20050819,7,1,4,599,548,1,1
13320,20050819,5,1,2,510,987,1,2
13321,20050819,1,0,0,374,911,1,2
13322,20050819,4,1,1,148,464,2,2
13323,20050819,3,0,0,344,235,1,1
13324,20050819,1,0,0,123,948,2,1
13325,20050819,3,0,0,27,521,1,1
13326,20050819,0,0,0,493,95,1,1
13327,20050819,2,0,0,407,392,2,2
13328,20050819,1,0,0,452,131,2,2
13329,20050819,5,0,0,409,689,1,2
13330,20050819,0,0,0,180,930,2,2
13331,20050819,1,0,0,310,846,1,1
13332,20050819,5,0,0,302,690,2,1
13333,20060214,7396,1,7393,85,243,2,2
13334,20050819,2,0,0,186,101,2,1
13335,20050819,5,0,0,56,406,2,2
13336,20050819,5,1,1,177,227,1,1
13337,20050819,0,0,0,63,784,1,1
13338,20050819,4,0,0,505,818,1,2
13339,20050819,9,1,4,189,313,1,1
13340,20050819,9,1,3,77,949,2,2
13341,20050819,7,0,0,135,380,2,1
13342,20050819,1,0,0,510,762,2,1
13343,20050819,7,0,0,51,231,1,1
13344,20050819,5,0,0,131,960,2,1
13345,20050819,8,1,2,427,10,1,1
13346,20050819,8,1,4,527,991,2,2
13347,20050819,8,1,5,376,879,2,2
13348,20050819,2,0,0,460,61,1,1
13349,20050819,0,0,0,308,927,1,1
13350,20050819,7,1,4,576,771,2,2
13351,20060214,7396,1,7393,504,897,2,2
13352,20050819,4,1,1,368,590,2,1
13353,20050819,5,0,0,527,612,2,1
13354,20050819,7,1,3,596,299,1,2
13355,20050819,4,0,0,281,127,2,1
13356,20050819,4,0,0,129,595,2,1
13357,20050819,6,0,0,437,725,2,2
13358,20050819,4,0,0,267,330,1,2
13359,20050819,7,1,4,405,908,1,1
13360,20050819,4,0,0,508,745,1,2
13361,20050819,2,0,0,16,934,2,2
13362,20050819,0,0,0,390,191,1,2
13363,20050819,1,0,0,346,129,1,1
13364,20050819,5,0,0,410,609,1,1
13365,20050819,5,1,1,37,898,2,2
13366,20050819,1,0,0,200,131,1,1
13367,20050819,4,0,0,585,999,1,2
13368,20050819,1,0,0,44,239,2,2
13369,20050819,5,0,0,247,598,1,1
13370,20050819,6,1,1,455,54,1,1
13371,20050819,6,1,3,287,746,1,2
13372,20050819,5,1,2,330,738,2,1
13373,20050819,6,0,0,597,880,2,1
13374,20060214,7396,1,7391,170,597,2,1
13375,20050819,9,1,2,134,211,1,1
13376,20050819,2,0,0,350,200,1,2
13377,20050819,6,1,1,414,291,1,1
13378,20050819,1,0,0,256,595,1,1
13379,20050819,2,0,0,170,354,2,1
13380,20050819,3,0,0,328,924,1,1
13381,20050819,1,0,0,31,620,1,2
13382,20050819,8,1,2,75,814,1,1
13383,20050819,9,1,5,405,702,1,2
13384,20050819,3,0,0,194,320,2,1
13385,20050819,3,0,0,536,941,2,2
13386,20050819,4,1,1,129,978,1,2
13387,20050819,4,0,0,562,24,1,1
13388,20050819,7,1,1,156,209,1,1
13389,20050819,5,1,1,352,736,1,1
13390,20060214,7396,1,7393,220,625,2,1
13391,20050819,5,1,2,539,917,2,2
13392,20050819,8,1,3,366,151,2,1
13393,20050819,8,1,4,189,213,1,2
13394,20050819,2,0,0,77,570,2,1
13395,20050819,2,0,0,368,11,1,2
13396,20050819,4,0,0,492,906,2,2
13397,20050819,9,1,2,186,845,2,2
13398,20050819,3,0,0,20,741,1,1
13399,20050819,5,1,1,31,502,1,2
13400,20050819,1,0,0,435,469,2,2
13401,20050819,5,1,2,498,109,1,2
13402,20050819,3,0,0,249,719,1,1
13403,20050819,7,1,3,173,711,2,1
13404,20050819,3,0,0,319,91,2,2
13405,20050819,8,1,3,568,341,1,1
13406,20050819,2,0,0,581,665,1,1
13407,20050819,2,0,0,527,552,2,1
13408,20050819,1,0,0,327,614,1,1
13409,20050819,2,0,0,576,193,1,2
13410,20050819,6,1,2,160,311,2,2
13411,20050819,6,1,1,31,967,2,2
13412,20050819,6,1,2,294,616,2,1
13413,20050819,5,1,1,503,329,1,1
13414,20050819,1,0,0,599,897,1,1
13415,20050819,5,1,1,568,245,2,1
13416,20050819,1,0,0,522,239,2,2
13417,20050819,3,0,0,191,18,2,1
13418,20050819,8,1,4,53,458,1,2
13419,20060214,7396,1,7393,547,768,1,1
13420,20050819,8,1,4,262,390,1,1
13421,20060214,7396,1,7393,509,2,2,1
13422,20050819,8,1,3,294,840,1,2
13423,20050819,6,0,0,439,119,1,1
13424,20050819,3,0,0,39,945,2,1
13425,20050819,5,1,1,588,491,2,2
13426,20050819,1,0,0,596,747,2,2
13427,20050819,1,0,0,240,686,1,1
13428,20060214,7396,1,7393,440,21,2,2
13429,20050819,8,1,1,310,804,2,2
13430,20050819,2,0,0,8,625,1,1
13431,20050819,5,1,1,38,370,1,1
13432,20050819,3,0,0,222,479,2,1
13433,20050819,2,0,0,315,360,1,2
13434,20050819,3,0,0,271,450,1,1
13435,20050819,4,0,0,495,855,2,2
13436,20050819,3,0,0,299,549,1,1
13437,20050819,8,1,1,122,498,1,1
13438,20050819,6,0,0,590,380,2,1
13439,20050819,6,0,0,36,773,2,2
13440,20050819,5,1,1,84,623,2,1
13441,20050819,8,1,1,462,699,1,1
13442,20050819,7,1,4,227,531,1,2
13443,20050819,8,1,2,410,694,1,1
13444,20050820,1,0,0,107,562,1,2
13445,20050820,1,0,0,81,356,1,1
13446,20050820,2,0,0,335,708,2,1
13447,20050820,5,0,0,246,64,2,1
13448,20050820,5,0,0,508,629,2,1
13449,20050820,3,0,0,554,286,2,2
13450,20050820,4,0,0,487,27,1,1
13451,20050820,9,1,4,565,841,1,1
13452,20050820,5,0,0,428,534,2,1
13453,20050820,8,1,3,520,476,2,2
13454,20050820,7,1,2,428,341,1,2
13455,20050820,6,1,1,344,291,1,1
13456,20050820,2,0,0,517,358,2,1
13457,20050820,6,0,0,355,270,2,2
13458,20050820,1,0,0,68,918,2,1
13459,20050820,9,1,2,166,803,1,2
13460,20050820,8,1,2,74,55,1,2
13461,20050820,8,1,5,219,575,1,2
13462,20050820,6,0,0,292,845,2,2
13463,20050820,8,1,4,31,113,2,1
13464,20060214,7396,1,7391,493,935,2,1
13465,20050820,1,0,0,327,288,1,2
13466,20050820,2,0,0,146,679,1,1
13467,20050820,0,0,0,409,152,1,1
13468,20050820,9,1,4,25,403,1,1
13469,20050820,4,0,0,133,309,1,1
13470,20050820,1,0,0,274,680,2,1
13471,20050820,5,0,0,218,305,1,2
13472,20050820,8,1,1,360,676,2,1
13473,20050820,2,0,0,503,84,1,2
13474,20050820,1,0,0,247,269,1,2
13475,20050820,0,0,0,229,706,2,2
13476,20050820,4,0,0,597,628,1,1
13477,20050820,6,1,2,431,315,2,1
13478,20050820,2,0,0,86,473,2,1
13479,20050820,6,0,0,137,280,1,2
13480,20050820,7,1,2,539,45,2,2
13481,20050820,6,1,2,378,588,2,2
13482,20050820,4,0,0,52,356,1,1
13483,20050820,1,0,0,2,559,2,2
13484,20050820,2,0,0,214,335,1,2
13485,20050820,2,0,0,186,833,1,2
13486,20060214,7396,1,7392,208,974,1,1
13487,20050820,3,0,0,252,572,2,2
13488,20050820,5,0,0,154,191,1,2
13489,20050820,7,0,0,60,644,2,1
13490,20050820,1,0,0,371,54,1,2
13491,20050820,8,1,2,144,550,1,2
13492,20050820,9,1,3,452,255,1,2
13493,20050820,4,1,1,107,643,2,1
13494,20050820,1,0,0,319,356,2,1
13495,20050820,3,0,0,46,849,1,2
13496,20050820,9,1,6,345,667,1,2
13497,20050820,6,0,0,500,286,1,2
13498,20050820,4,1,1,321,350,2,1
13499,20050820,8,1,2,216,412,2,1
13500,20050820,5,1,1,497,298,2,1
13501,20050820,2,0,0,503,953,1,2
13502,20050820,1,0,0,268,292,2,1
13503,20050820,8,1,1,189,100,1,1
13504,20050820,5,1,1,479,941,2,2
13505,20050820,3,0,0,476,203,2,1
13506,20050820,6,1,1,412,294,2,1
13507,20050820,3,0,0,263,731,2,2
13508,20050820,8,1,5,483,895,2,2
13509,20050820,2,0,0,415,809,2,2
13510,20050820,6,1,1,16,151,1,1
13511,20050820,1,0,0,310,651,2,1
13512,20050820,8,1,4,572,985,1,2
13513,20050820,2,0,0,345,361,1,1
13514,20050820,4,0,0,545,747,1,1
13515,20050820,3,0,0,276,753,2,2
13516,20050820,7,1,3,217,933,1,1
13517,20050820,3,0,0,199,117,1,2
13518,20050820,4,0,0,6,78,1,1
13519,20050820,2,0,0,238,40,2,2
13520,20050820,1,0,0,56,732,1,1
13521,20050820,2,0,0,95,567,2,1
13522,20050820,8,1,1,337,645,2,1
13523,20050820,8,1,4,414,35,1,1
13524,20050820,7,1,2,558,995,1,2
13525,20050820,6,1,1,580,769,2,2
13526,20050820,7,1,4,372,429,1,2
13527,20050820,4,0,0,127,967,1,1
13528,20050820,6,1,3,190,402,2,1
13529,20050820,1,0,0,306,432,1,1
13530,20050820,3,0,0,373,130,2,2
13531,20050820,5,0,0,373,609,2,1
13532,20050820,3,0,0,96,313,2,2
13533,20050820,7,1,1,75,391,2,1
13534,20060214,7396,1,7393,490,542,2,1
13535,20050820,8,1,2,505,343,1,1
13536,20050820,5,0,0,52,145,2,2
13537,20050820,3,0,0,143,554,1,2
13538,20060214,7396,1,7391,260,127,1,1
13539,20050820,7,1,2,518,683,1,1
13540,20050820,7,0,0,312,829,1,2
13541,20050820,4,0,0,189,300,2,1
13542,20050820,8,1,3,303,992,2,2
13543,20050820,9,1,5,283,463,2,2
13544,20050820,7,1,1,80,11,2,1
13545,20050820,7,0,0,457,133,2,1
13546,20050820,7,0,0,503,546,2,2
13547,20050820,5,0,0,460,686,1,1
13548,20050820,7,1,1,342,958,2,1
13549,20050820,8,1,4,208,113,2,1
13550,20050820,7,1,4,43,46,2,2
13551,20050820,1,0,0,302,234,1,2
13552,20050820,2,0,0,321,166,1,2
13553,20050820,8,1,3,61,963,2,1
13554,20050820,8,1,5,104,580,1,2
13555,20050820,9,1,2,130,697,2,1
13556,20050820,6,1,2,25,854,2,2
13557,20050820,0,0,0,310,496,2,2
13558,20050820,4,0,0,123,341,1,1
13559,20050820,4,0,0,154,526,2,1
13560,20050820,8,1,4,164,179,1,1
13561,20060214,7396,1,7393,14,704,1,1
13562,20050820,5,0,0,253,993,1,1
13563,20050820,4,0,0,509,130,2,2
13564,20050820,8,1,1,253,149,1,2
13565,20050820,7,0,0,576,741,1,1
13566,20050820,7,0,0,420,961,1,2
13567,20050820,6,0,0,109,118,2,1
13568,20050820,6,1,2,101,274,2,2
13569,20050820,7,0,0,110,420,2,1
13570,20050820,4,0,0,394,616,2,2
13571,20050820,4,0,0,252,276,1,2
13572,20050820,3,0,0,297,143,1,1
13573,20050820,1,0,0,213,665,2,1
13574,20050820,0,0,0,92,520,1,2
13575,20050820,8,1,5,124,599,1,2
13576,20050820,2,0,0,382,586,1,2
13577,20060214,7396,1,7392,167,842,1,2
13578,20060214,7396,1,7389,69,937,2,2
13579,20050820,7,0,0,26,921,2,2
13580,20050820,2,0,0,550,966,2,1
13581,20050820,1,0,0,153,381,1,2
13582,20050820,2,0,0,314,47,2,2
13583,20050820,6,1,1,56,39,1,1
13584,20060214,7396,1,7391,411,864,1,2
13585,20050820,7,1,2,594,729,2,1
13586,20050820,4,0,0,13,992,2,2
13587,20060214,7396,1,7393,35,536,1,2
13588,20050820,7,1,1,260,154,1,2
13589,20050820,2,0,0,273,706,2,2
13590,20050820,4,1,1,275,966,1,2
13591,20050820,7,1,1,503,679,1,2
13592,20050820,2,0,0,594,330,1,1
13593,20050820,6,0,0,17,58,2,2
13594,20050820,3,0,0,597,750,1,1
13595,20050820,8,1,3,526,147,1,1
13596,20050820,7,1,3,357,106,1,1
13597,20050820,3,0,0,407,809,2,2
13598,20050820,8,1,2,200,615,2,1
13599,20050820,9,1,5,330,733,1,1
13600,20050820,7,1,2,6,95,2,1
13601,20050820,9,1,4,73,468,1,2
13602,20050820,6,1,2,494,616,1,1
13603,20050820,9,1,2,42,207,1,1
13604,20050820,1,0,0,340,948,2,1
13605,20050820,5,1,1,406,972,1,2
13606,20050820,6,1,3,575,17,1,2
13607,20050820,0,0,0,150,590,2,2
13608,20050820,4,0,0,306,894,1,1
13609,20050820,2,0,0,241,67,2,2
13610,20050820,5,1,1,173,555,1,2
13611,20050820,8,1,4,564,320,1,1
13612,20050820,7,1,2,408,147,2,1
13613,20050820,9,1,5,172,527,1,2
13614,20050820,2,0,0,8,816,2,2
13615,20050820,7,1,2,584,406,2,2
13616,20050820,7,1,3,276,369,2,2
13617,20050820,9,1,4,550,884,2,1
13618,20050820,8,1,2,503,86,1,2
13619,20050820,2,0,0,293,238,1,2
13620,20050820,4,0,0,46,514,1,1
13621,20050820,2,0,0,333,821,2,2
13622,20050820,4,0,0,507,737,1,1
13623,20050820,4,1,1,358,861,2,2
13624,20050820,8,1,3,566,95,2,1
13625,20050820,7,1,1,102,12,1,1
13626,20050820,9,1,2,250,130,1,1
13627,20050820,9,1,4,30,131,1,2
13628,20050820,2,0,0,245,226,1,2
13629,20050820,5,0,0,155,398,2,1
13630,20050820,8,1,1,403,735,2,1
13631,20050820,1,0,0,76,227,2,1
13632,20050820,9,1,6,366,873,1,2
13633,20050820,4,0,0,433,709,1,1
13634,20050820,1,0,0,239,186,2,1
13635,20050820,8,1,2,367,146,1,1
13636,20050820,3,0,0,402,321,1,1
13637,20050820,4,0,0,44,500,1,2
13638,20050820,3,0,0,519,716,2,2
13639,20050820,3,0,0,376,545,2,2
13640,20050820,1,0,0,270,751,2,2
13641,20050820,5,0,0,91,80,1,1
13642,20050820,9,1,3,531,965,1,1
13643,20050820,6,1,2,41,533,1,2
13644,20050820,6,1,3,79,216,1,1
13645,20050820,2,0,0,139,34,2,1
13646,20050820,9,1,3,109,297,2,1
13647,20050820,8,1,5,278,720,2,2
13648,20050820,2,0,0,174,856,1,2
13649,20050820,2,0,0,200,327,2,2
13650,20050820,8,1,5,11,579,2,1
13651,20050820,0,0,0,355,241,1,1
13652,20050820,3,0,0,122,559,1,2
13653,20050820,8,1,5,105,878,2,1
13654,20050820,1,0,0,481,347,1,2
13655,20050820,2,0,0,175,936,1,1
13656,20050820,8,1,5,239,698,1,2
13657,20050820,2,0,0,319,381,1,1
13658,20050820,7,1,2,447,838,2,1
13659,20050820,4,0,0,590,789,1,1
13660,20050820,2,0,0,407,865,1,1
13661,20050820,9,1,5,465,870,2,1
13662,20050820,6,1,3,178,848,1,1
13663,20050820,6,1,3,279,865,1,2
13664,20050820,6,1,3,275,820,1,1
13665,20050820,7,1,4,570,23,1,1
13666,20050820,1,0,0,328,437,1,1
13667,20050820,3,0,0,374,844,1,2
13668,20050820,4,1,1,236,799,1,2
13669,20050820,6,0,0,412,983,1,2
13670,20050820,8,1,2,303,425,2,2
13671,20050820,5,0,0,172,322,1,1
13672,20050820,1,0,0,172,448,2,2
13673,20050820,5,1,1,29,76,1,1
13674,20050820,1,0,0,253,745,2,1
13675,20050820,6,1,1,519,77,2,2
13676,20050820,4,0,0,370,696,2,1
13677,20050820,6,1,3,189,873,2,2
13678,20050820,7,1,4,295,247,2,2
13679,20050820,9,1,5,38,631,1,2
13680,20050820,7,1,4,456,619,2,2
13681,20050820,7,1,3,241,666,2,1
13682,20050820,1,0,0,495,65,2,2
13683,20050820,4,0,0,400,377,1,2
13684,20050820,4,0,0,494,479,1,1
13685,20050820,6,1,2,84,733,2,1
13686,20050820,3,0,0,317,145,2,2
13687,20050820,1,0,0,585,792,2,2
13688,20050820,7,1,4,414,247,2,2
13689,20050820,1,0,0,224,179,1,2
13690,20050820,2,0,0,357,814,1,2
13691,20050820,8,1,3,411,147,2,1
13692,20050820,0,0,0,162,418,2,1
13693,20050820,4,0,0,92,206,2,2
13694,20050820,7,1,3,345,798,1,1
13695,20050820,7,1,2,144,683,2,2
13696,20050820,0,0,0,43,283,1,1
13697,20050820,9,1,3,304,66,1,1
13698,20050820,1,0,0,329,838,2,2
13699,20050820,8,1,4,31,854,2,2
13700,20050820,6,1,3,141,919,1,2
13701,20050820,1,0,0,123,358,2,1
13702,20050820,9,1,2,218,153,1,2
13703,20050820,6,1,1,227,500,1,2
13704,20050820,3,0,0,356,740,2,2
13705,20050820,1,0,0,328,800,2,1
13706,20050820,7,1,4,307,659,2,2
13707,20050820,2,0,0,377,181,1,2
13708,20050820,6,1,3,1,484,1,1
13709,20050820,2,0,0,102,891,1,1
13710,20050820,0,0,0,26,165,2,2
13711,20050820,7,1,4,582,503,1,2
13712,20050820,0,0,0,333,232,1,1
13713,20060214,7396,1,7389,103,676,2,1
13714,20050820,1,0,0,372,583,2,1
13715,20050820,7,0,0,533,230,1,1
13716,20050820,5,1,2,525,17,2,2
13717,20050820,8,1,3,216,356,1,2
13718,20050820,9,1,4,466,45,2,2
13719,20060214,7396,1,7392,184,775,2,1
13720,20050820,6,0,0,47,176,2,1
13721,20050820,3,0,0,180,316,2,2
13722,20050820,4,0,0,102,347,1,1
13723,20050820,6,1,1,88,91,1,2
13724,20050820,3,0,0,368,44,2,2
13725,20050820,7,0,0,317,845,1,2
13726,20050820,3,0,0,576,488,2,1
13727,20050820,6,0,0,534,914,1,1
13728,20050820,3,0,0,378,428,1,1
13729,20050820,8,1,4,359,893,2,1
13730,20050820,8,1,3,411,294,1,1
13731,20050820,1,0,0,251,251,2,2
13732,20050820,1,0,0,429,252,1,1
13733,20050820,1,0,0,534,870,1,2
13734,20050820,5,0,0,63,995,2,2
13735,20050820,5,0,0,161,394,1,1
13736,20050820,7,1,3,204,739,1,1
13737,20050820,5,1,1,523,941,1,2
13738,20050820,4,0,0,341,603,1,1
13739,20050820,7,1,1,2,664,2,2
13740,20050820,9,1,2,31,952,1,1
13741,20050820,1,0,0,171,849,2,1
13742,20050820,1,0,0,401,302,2,2
13743,20050820,4,0,0,311,807,2,1
13744,20050820,4,0,0,483,649,2,2
13745,20050820,5,0,0,535,280,2,1
13746,20050820,4,0,0,590,818,2,2
13747,20050820,8,1,4,56,733,1,1
13748,20050820,3,0,0,74,476,1,1
13749,20050820,6,1,2,422,617,1,1
13750,20050820,9,1,6,53,738,1,2
13751,20050820,2,0,0,524,42,2,2
13752,20050820,9,1,5,40,390,1,2
13753,20060214,7396,1,7393,81,819,1,1
13754,20050820,2,0,0,332,378,2,1
13755,20050820,6,1,1,44,418,2,2
13756,20060214,7396,1,7391,536,253,2,2
13757,20050820,2,0,0,551,253,2,2
13758,20050820,9,1,4,400,190,2,2
13759,20050820,8,1,1,573,130,1,1
13760,20050820,6,1,2,75,759,1,2
13761,20050820,1,0,0,438,691,2,2
13762,20050820,3,0,0,521,100,1,1
13763,20050820,6,1,2,481,907,1,1
13764,20050820,6,0,0,525,220,2,1
13765,20050820,0,0,0,21,456,2,1
13766,20050820,7,1,3,73,290,1,2
13767,20050820,2,0,0,248,601,1,1
13768,20050820,6,1,2,369,842,2,2
13769,20050820,8,1,3,164,628,2,1
13770,20050820,2,0,0,80,222,2,1
13771,20050820,2,0,0,537,493,2,1
13772,20050820,7,1,1,139,443,2,2
13773,20050820,6,1,2,85,744,1,1
13774,20050820,2,0,0,403,160,2,2
13775,20050820,8,1,2,247,405,2,2
13776,20050820,5,0,0,360,532,2,1
13777,20050820,6,0,0,299,784,2,1
13778,20050820,8,1,1,584,521,1,1
13779,20050820,8,1,2,194,12,2,2
13780,20060214,7396,1,7390,551,385,2,2
13781,20050820,5,1,2,256,216,2,2
13782,20050820,2,0,0,544,126,2,2
13783,20050820,1,0,0,212,579,2,2
13784,20050820,4,1,1,35,678,1,1
13785,20050820,0,0,0,582,84,1,1
13786,20050820,7,1,4,395,114,1,2
13787,20050820,6,1,2,394,57,1,2
13788,20050820,8,1,1,437,697,2,2
13789,20050820,4,0,0,291,554,2,1
13790,20050820,5,1,2,297,304,1,1
13791,20050820,2,0,0,122,412,1,1
13792,20050820,7,1,1,222,902,2,1
13793,20050820,6,0,0,112,571,1,2
13794,20050820,2,0,0,312,464,2,2
13795,20050820,1,0,0,19,622,2,1
13796,20050820,8,1,5,187,6,1,2
13797,20050820,5,0,0,188,626,2,1
13798,20060214,7396,1,7392,189,116,1,2
13799,20050820,7,1,3,169,964,2,1
13800,20050820,2,0,0,470,341,1,1
13801,20050820,1,0,0,353,320,2,1
13802,20050820,1,0,0,373,450,2,2
13803,20050820,4,0,0,318,242,1,2
13804,20050820,9,1,6,466,483,1,2
13805,20050820,7,1,2,345,77,2,1
13806,20050820,0,0,0,361,98,1,1
13807,20050820,7,1,3,356,837,2,2
13808,20050820,8,1,4,146,807,1,2
13809,20050820,6,1,3,175,350,1,1
13810,20050820,1,0,0,251,482,1,1
13811,20050820,3,0,0,96,273,2,1
13812,20050820,2,0,0,391,611,2,2
13813,20050820,4,0,0,34,131,1,1
13814,20050820,2,0,0,75,461,1,2
13815,20050820,9,1,5,331,744,1,2
13816,20050820,4,0,0,398,61,1,1
13817,20050820,2,0,0,479,420,2,2
13818,20050820,1,0,0,81,284,1,1
13819,20050820,2,0,0,218,320,1,2
13820,20050820,7,1,3,313,700,2,1
13821,20050820,5,1,1,289,525,1,1
13822,20050820,3,0,0,269,175,2,1
13823,20050820,2,0,0,15,847,2,1
13824,20050820,2,0,0,185,624,1,1
13825,20050820,9,1,4,192,462,1,1
13826,20050820,8,1,1,75,89,1,1
13827,20050820,7,1,3,44,245,1,1
13828,20050820,4,0,0,251,521,2,2
13829,20050820,3,0,0,575,867,1,2
13830,20050820,4,0,0,487,630,2,1
13831,20050820,3,0,0,513,123,2,1
13832,20050820,7,0,0,299,726,2,1
13833,20050820,8,1,1,181,173,1,2
13834,20050820,1,0,0,221,193,1,1
13835,20050820,5,0,0,515,817,1,2
13836,20050820,1,0,0,140,929,1,2
13837,20050820,2,0,0,122,707,2,2
13838,20050820,8,1,2,142,251,2,2
13839,20050820,6,0,0,142,235,1,2
13840,20050820,7,1,4,350,269,2,1
13841,20050820,9,1,4,242,722,2,1
13842,20050820,9,1,4,136,945,2,1
13843,20050820,6,0,0,563,672,2,2
13844,20050820,9,1,3,435,219,1,1
13845,20050820,9,1,5,148,870,1,1
13846,20050820,8,1,3,352,724,2,1
13847,20050820,4,1,1,529,580,1,1
13848,20050820,4,0,0,444,174,2,1
13849,20050820,3,0,0,412,826,2,2
13850,20050820,6,1,2,111,665,1,2
13851,20050820,2,0,0,368,722,2,1
13852,20050820,2,0,0,76,17,2,2
13853,20050820,6,1,3,199,366,2,1
13854,20050820,1,0,0,561,912,2,2
13855,20050820,7,1,1,545,353,2,1
13856,20050820,8,1,5,470,913,1,2
13857,20050820,3,0,0,509,557,2,2
13858,20050820,2,0,0,266,468,1,2
13859,20050820,7,0,0,562,957,1,1
13860,20050820,2,0,0,569,121,2,1
13861,20050820,2,0,0,128,68,2,2
13862,20050820,6,1,3,232,720,2,2
13863,20050820,9,1,5,424,527,2,2
13864,20050820,1,0,0,576,858,2,2
13865,20050820,3,0,0,569,796,2,2
13866,20050820,2,0,0,337,753,1,2
13867,20050820,8,1,4,51,985,2,2
13868,20050820,2,0,0,557,697,1,2
13869,20050820,8,1,5,525,434,1,2
13870,20050820,7,0,0,192,122,1,2
13871,20050820,9,1,6,249,704,2,2
13872,20050820,3,0,0,219,527,2,2
13873,20050820,2,0,0,317,367,1,2
13874,20050820,1,0,0,505,15,1,2
13875,20050820,0,0,0,472,77,1,1
13876,20050820,2,0,0,27,689,1,2
13877,20050820,2,0,0,496,743,2,1
13878,20050820,1,0,0,500,10,1,2
13879,20050820,2,0,0,564,876,1,2
13880,20050820,4,1,1,215,853,1,2
13881,20050820,4,0,0,33,621,1,1
13882,20050820,1,0,0,557,714,2,1
13883,20050820,0,0,0,579,127,2,1
13884,20050820,5,1,2,86,698,1,1
13885,20050820,6,1,2,547,702,1,1
13886,20050820,5,0,0,491,486,1,2
13887,20050820,4,0,0,185,871,2,2
13888,20050820,7,0,0,180,423,1,1
13889,20050820,1,0,0,417,963,2,2
13890,20050820,2,0,0,280,650,1,1
13891,20050820,4,1,1,177,444,1,1
13892,20050820,8,1,2,295,273,2,2
13893,20050820,7,1,1,503,767,2,2
13894,20050820,6,1,3,421,580,2,2
13895,20050820,5,0,0,238,672,2,2
13896,20050820,1,0,0,514,295,1,2
13897,20050820,2,0,0,144,136,1,1
13898,20060214,7396,1,7393,334,873,1,2
13899,20050820,2,0,0,522,94,1,2
13900,20050820,1,0,0,486,252,2,1
13901,20050820,7,1,4,314,723,1,1
13902,20050820,4,0,0,569,258,2,2
13903,20050820,5,1,2,125,366,1,1
13904,20050820,5,0,0,130,158,2,1
13905,20050820,7,0,0,142,595,2,1
13906,20050820,0,0,0,137,863,2,2
13907,20050820,4,1,1,241,175,2,2
13908,20050820,9,1,2,586,800,1,1
13909,20050820,1,0,0,268,330,1,2
13910,20050820,3,0,0,344,56,2,2
13911,20050820,8,1,1,389,962,1,2
13912,20050820,9,1,5,175,215,2,2
13913,20050820,5,0,0,83,926,2,2
13914,20050820,5,1,1,475,666,1,2
13915,20050820,3,0,0,105,263,1,2
13916,20050820,5,1,2,117,651,1,1
13917,20050820,9,1,2,254,942,2,2
13918,20050820,0,0,0,577,727,1,2
13919,20050820,3,0,0,105,202,1,2
13920,20050820,6,0,0,135,703,2,2
13921,20050820,2,0,0,213,859,2,2
13922,20050820,9,1,6,475,306,1,1
13923,20050820,6,0,0,120,687,2,2
13924,20050820,2,0,0,154,674,1,2
13925,20050820,6,1,3,390,879,1,2
13926,20050820,7,1,1,561,206,2,2
13927,20050820,3,0,0,457,932,2,1
13928,20050820,0,0,0,403,249,1,1
13929,20050820,7,1,4,311,210,2,1
13930,20050820,0,0,0,316,784,2,1
13931,20050820,6,0,0,204,849,1,2
13932,20050820,3,0,0,2,103,2,1
13933,20050820,2,0,0,24,140,2,2
13934,20050820,5,0,0,571,998,2,1
13935,20050820,3,0,0,387,967,2,2
13936,20050820,3,0,0,329,377,1,2
13937,20050820,6,0,0,510,381,2,1
13938,20050820,1,0,0,72,818,2,1
13939,20050820,2,0,0,17,593,2,2
13940,20050820,7,1,4,530,579,1,1
13941,20060214,7396,1,7390,71,598,1,2
13942,20050820,4,0,0,90,962,1,2
13943,20050820,3,0,0,79,4,2,1
13944,20050820,2,0,0,483,806,1,1
13945,20050820,6,1,1,416,732,1,1
13946,20050820,8,1,5,188,778,2,1
13947,20050820,9,1,3,1,561,1,2
13948,20050820,5,1,2,74,879,1,2
13949,20050820,2,0,0,287,331,2,1
13950,20050820,9,1,4,130,867,1,1
13951,20050820,5,0,0,350,443,1,2
13952,20060214,7396,1,7393,587,50,1,2
13953,20050820,7,1,3,396,395,1,1
13954,20050820,7,1,1,175,835,1,2
13955,20050820,9,1,3,341,573,1,1
13956,20050820,8,1,2,126,822,2,1
13957,20050820,2,0,0,435,634,2,1
13958,20050820,7,1,4,266,519,2,1
13959,20050820,1,0,0,535,494,1,2
13960,20050820,8,1,5,257,908,2,1
13961,20050820,0,0,0,105,491,1,1
13962,20050820,4,1,1,494,314,1,2
13963,20050820,4,1,1,256,901,1,1
13964,20050820,1,0,0,415,22,1,2
13965,20060214,7396,1,7390,129,146,1,2
13966,20050820,1,0,0,84,986,2,2
13967,20050820,5,0,0,257,603,1,2
13968,20060214,7396,1,7389,189,812,2,2
13969,20050820,6,1,1,475,398,2,2
13970,20050820,1,0,0,143,423,1,2
13971,20050820,1,0,0,85,366,2,2
13972,20050820,7,1,1,598,367,2,1
13973,20050820,1,0,0,316,263,1,1
13974,20050820,7,1,1,543,416,1,1
13975,20050820,5,1,2,367,836,1,1
13976,20050820,4,0,0,514,388,1,2
13977,20050820,3,0,0,339,249,2,1
13978,20050820,6,0,0,84,280,1,2
13979,20050820,4,0,0,90,657,2,1
13980,20050820,0,0,0,282,238,1,2
13981,20050820,2,0,0,116,734,2,1
13982,20050820,7,0,0,167,638,1,2
13983,20050820,9,1,6,234,101,1,1
13984,20050820,9,1,2,244,471,2,1
13985,20050820,4,0,0,124,241,1,2
13986,20050820,2,0,0,214,810,1,2
13987,20050820,2,0,0,53,316,2,2
13988,20050820,1,0,0,86,780,2,2
13989,20050820,7,1,2,536,322,1,2
13990,20050820,4,0,0,500,491,2,2
13991,20050820,4,1,1,218,429,2,1
13992,20050820,3,0,0,202,614,2,2
13993,20050820,5,0,0,130,255,2,2
13994,20050820,4,0,0,136,29,1,1
13995,20050820,5,0,0,8,829,2,2
13996,20050820,1,0,0,317,734,2,2
13997,20050820,5,1,1,181,506,1,2
13998,20050820,5,0,0,14,858,2,1
13999,20050820,5,1,2,240,901,2,1
14000,20050820,7,1,3,578,852,2,1
14001,20050820,6,1,1,134,291,1,2
14002,20050820,2,0,0,266,18,1,1
14003,20050820,7,1,1,355,695,1,1
14004,20050820,7,1,2,225,755,2,2
14005,20050820,5,0,0,220,309,2,2
14006,20050820,0,0,0,199,473,2,1
14007,20050820,8,1,3,365,83,1,2
14008,20050820,7,1,2,10,530,1,2
14009,20050820,1,0,0,567,659,2,2
14010,20050820,5,0,0,547,207,1,2
14011,20050820,8,1,5,186,269,2,1
14012,20050820,3,0,0,208,407,1,2
14013,20050820,5,1,2,110,859,1,2
14014,20050820,1,0,0,507,473,1,2
14015,20050820,5,0,0,223,690,2,1
14016,20050820,2,0,0,502,113,2,2
14017,20050820,2,0,0,423,204,2,1
14018,20060214,7396,1,7391,82,462,2,2
14019,20050820,7,1,2,190,418,2,2
14020,20050820,2,0,0,407,488,2,2
14021,20050820,7,1,2,303,960,2,1
14022,20050820,9,1,4,232,887,1,1
14023,20050820,2,0,0,389,586,1,1
14024,20050820,9,1,6,137,327,1,1
14025,20050820,9,1,6,107,987,1,1
14026,20050820,2,0,0,234,23,1,2
14027,20050820,7,1,1,468,64,2,1
14028,20050820,4,0,0,561,885,1,2
14029,20050820,1,0,0,21,581,1,2
14030,20050820,6,0,0,449,230,1,1
14031,20050820,3,0,0,70,97,2,2
14032,20050820,5,1,2,156,774,1,1
14033,20050820,2,0,0,18,115,2,2
14034,20050820,8,1,5,523,764,1,1
14035,20050820,1,0,0,84,443,2,1
14036,20050820,2,0,0,355,45,1,1
14037,20050820,9,1,5,249,798,1,2
14038,20050820,7,1,2,145,239,1,2
14039,20050820,3,0,0,7,911,2,1
14040,20050820,4,0,0,429,201,1,1
14041,20050820,5,0,0,323,10,2,1
14042,20050820,2,0,0,11,112,2,2
14043,20050820,0,0,0,499,326,1,2
14044,20050820,8,1,4,471,311,2,1
14045,20050820,4,0,0,193,661,1,2
14046,20050820,2,0,0,250,512,1,2
14047,20050820,3,0,0,261,42,2,2
14048,20050820,4,0,0,524,762,2,2
14049,20050820,7,1,4,564,295,1,1
14050,20050820,5,0,0,174,378,1,2
14051,20050820,8,1,5,42,873,2,2
14052,20050820,1,0,0,131,850,2,2
14053,20050820,5,1,1,496,470,1,2
14054,20050820,0,0,0,485,74,2,1
14055,20050820,1,0,0,425,345,1,2
14056,20050820,6,1,1,351,287,1,2
14057,20050820,4,0,0,26,334,1,2
14058,20050820,9,1,4,428,39,2,1
14059,20050820,5,1,2,274,444,2,2
14060,20060214,7396,1,7392,181,681,1,2
14061,20050820,1,0,0,291,15,2,1
14062,20050820,4,0,0,240,623,2,2
14063,20050820,4,0,0,569,270,1,2
14064,20050820,1,0,0,370,645,2,2
14065,20050820,3,0,0,501,822,2,1
14066,20050820,8,1,4,208,533,1,2
14067,20050820,8,1,3,200,302,2,2
14068,20050820,8,1,2,201,178,1,1
14069,20050820,9,1,6,83,484,1,2
14070,20050820,8,1,5,333,185,1,1
14071,20050820,1,0,0,132,541,2,1
14072,20050820,2,0,0,78,521,1,2
14073,20050820,7,1,2,423,657,1,2
14074,20050820,5,0,0,248,287,2,1
14075,20050820,5,0,0,204,830,2,2
14076,20050820,3,0,0,273,239,1,1
14077,20050820,8,1,5,31,698,2,1
14078,20050820,7,1,2,281,358,1,1
14079,20050820,4,0,0,494,772,1,2
14080,20050820,5,0,0,25,863,2,1
14081,20050820,7,1,4,155,129,1,2
14082,20050820,6,1,2,435,824,2,1
14083,20050820,7,1,2,4,396,2,1
14084,20050820,3,0,0,107,200,1,1
14085,20050820,8,1,2,465,767,2,2
14086,20050820,6,0,0,290,714,2,1
14087,20050820,5,0,0,177,516,2,1
14088,20050820,7,1,1,518,263,2,1
14089,20050820,6,0,0,343,307,1,1
14090,20050821,2,0,0,96,716,1,2
14091,20050821,6,0,0,291,727,2,1
14092,20050821,3,0,0,341,350,1,2
14093,20050821,1,0,0,336,261,1,1
14094,20050821,2,0,0,465,804,1,2
14095,20050821,7,1,1,292,340,1,1
14096,20050821,1,0,0,44,453,1,1
14097,20050821,8,1,2,473,948,2,1
14098,20050821,7573,1,7567,223,1,2,2
14099,20050821,6,0,0,205,535,1,2
14100,20050821,4,1,1,426,936,2,2
14101,20050821,3,0,0,466,412,2,1
14102,20050821,9,1,3,165,825,1,2
14103,20050821,4,1,1,366,314,2,2
14104,20050821,0,0,0,57,203,2,2
14105,20050821,8,1,3,393,246,2,1
14106,20050821,6,1,2,264,586,2,1
14107,20060214,7396,1,7392,168,870,2,1
14108,20050821,0,0,0,18,945,2,2
14109,20050821,0,0,0,136,233,2,2
14110,20050821,3,0,0,161,595,1,2
14111,20050821,1,0,0,48,285,2,2
14112,20050821,6,1,2,274,160,2,1
14113,20050821,2,0,0,346,206,2,2
14114,20050821,3,0,0,364,491,1,1
14115,20050821,3,0,0,352,423,2,1
14116,20050821,3,0,0,535,512,2,2
14117,20050821,1,0,0,519,124,2,1
14118,20050821,7,1,3,295,572,1,2
14119,20050821,6,1,3,291,25,2,2
14120,20050821,3,0,0,117,887,1,2
14121,20050821,7,0,0,457,915,1,2
14122,20050821,6,1,1,505,862,2,1
14123,20050821,2,0,0,486,29,1,1
14124,20050821,3,0,0,161,69,2,2
14125,20050821,4,0,0,141,469,2,1
14126,20050821,1,0,0,66,601,1,1
14127,20050821,1,0,0,132,989,1,2
14128,20050821,0,0,0,313,570,1,2
14129,20050821,2,0,0,42,782,1,2
14130,20050821,6,0,0,69,845,1,2
14131,20050821,8,1,1,103,957,2,2
14132,20050821,5,0,0,64,833,2,2
14133,20050821,9,1,2,582,538,2,2
14134,20050821,2,0,0,542,467,1,1
14135,20050821,6,1,1,213,77,1,1
14136,20050821,6,1,2,220,59,2,1
14137,20060214,7396,1,7390,291,510,1,2
14138,20050821,8,1,4,195,274,1,2
14139,20050821,1,0,0,559,493,2,2
14140,20050821,8,1,4,162,449,2,2
14141,20050821,9,1,2,501,988,1,1
14142,20050821,2,0,0,59,323,2,2
14143,20050821,2,0,0,575,559,1,1
14144,20050821,6,0,0,443,515,2,1
14145,20050821,1,0,0,61,31,2,2
14146,20050821,3,0,0,196,465,1,2
14147,20050821,6,0,0,509,323,2,1
14148,20050821,0,0,0,6,351,1,1
14149,20050821,3,0,0,518,739,2,1
14150,20050821,4,0,0,265,504,2,2
14151,20050821,9,1,2,221,611,1,1
14152,20050821,4,0,0,186,561,1,1
14153,20050821,6,1,2,134,329,1,2
14154,20050821,6,0,0,191,212,1,2
14155,20050821,6,0,0,425,167,2,2
14156,20050821,5,0,0,303,97,1,2
14157,20050821,3,0,0,415,976,2,1
14158,20050821,6,1,2,166,104,2,1
14159,20050821,6,0,0,33,709,2,1
14160,20060214,7396,1,7391,519,530,1,2
14161,20050821,7,1,2,31,602,1,2
14162,20050821,5,0,0,264,829,2,1
14163,20050821,0,0,0,522,226,1,2
14164,20050821,8,1,5,208,519,2,2
14165,20050821,3,0,0,330,901,2,2
14166,20050821,3,0,0,501,536,2,2
14167,20050821,8,1,5,85,225,1,1
14168,20050821,8,1,5,458,292,1,2
14169,20050821,8,1,3,281,832,1,1
14170,20050821,6,1,2,200,199,2,1
14171,20050821,2,0,0,5,910,2,1
14172,20060214,7396,1,7390,251,467,1,2
14173,20050821,0,0,0,214,697,1,1
14174,20050821,1,0,0,299,406,2,2
14175,20060214,7396,1,7392,531,439,2,1
14176,20050821,5,1,2,540,966,2,1
14177,20050821,7,1,4,195,90,2,2
14178,20050821,0,0,0,250,471,1,1
14179,20050821,4,0,0,284,863,1,2
14180,20050821,3,0,0,146,174,1,2
14181,20050821,8,1,3,593,44,1,2
14182,20050821,3,0,0,278,528,1,1
14183,20050821,1,0,0,176,412,1,2
14184,20050821,7,1,3,425,823,1,2
14185,20050821,4,0,0,261,863,1,1
14186,20050821,7,1,2,399,693,2,2
14187,20050821,3,0,0,569,878,2,2
14188,20050821,1,0,0,411,981,1,1
14189,20050821,1,0,0,449,478,1,2
14190,20050821,8,1,2,492,914,2,2
14191,20050821,6,1,1,152,68,1,1
14192,20050821,7,1,4,176,778,2,2
14193,20050821,7,1,4,385,114,1,1
14194,20050821,5,1,1,94,436,2,1
14195,20050821,1,0,0,130,816,1,1
14196,20050821,4,1,1,91,978,1,1
14197,20050821,9,1,3,481,75,2,2
14198,20050821,3,0,0,8,103,1,2
14199,20050821,2,0,0,119,142,2,1
14200,20050821,8,1,2,402,508,2,1
14201,20050821,8,1,1,47,70,2,2
14202,20050821,1,0,0,244,434,2,1
14203,20050821,3,0,0,217,803,1,2
14204,20060214,7396,1,7391,231,945,1,1
14205,20050821,9,1,2,592,70,2,2
14206,20050821,4,1,1,260,189,2,1
14207,20050821,8,1,2,104,293,2,2
14208,20050821,0,0,0,277,910,2,1
14209,20050821,6,1,2,589,199,2,1
14210,20050821,2,0,0,191,408,1,2
14211,20050821,2,0,0,249,68,1,2
14212,20050821,2,0,0,58,991,2,2
14213,20050821,3,0,0,115,84,1,1
14214,20050821,5,1,1,369,985,1,1
14215,20050821,6,0,0,280,7,2,2
14216,20060214,7396,1,7392,199,823,2,1
14217,20050821,4,1,1,486,624,2,2
14218,20050821,6,1,3,160,891,1,1
14219,20060214,7396,1,7389,27,813,2,2
14220,20060214,7396,1,7393,159,574,2,1
14221,20050821,8,1,4,557,837,2,1
14222,20050821,4,1,1,597,156,2,2
14223,20050821,7,1,4,155,114,1,1
14224,20050821,5,0,0,326,793,1,2
14225,20050821,4,0,0,356,219,1,2
14226,20050821,2,0,0,211,389,2,1
14227,20050821,1,0,0,372,893,1,2
14228,20050821,3,0,0,393,438,2,2
14229,20050821,5,0,0,199,979,1,1
14230,20050821,6,1,3,165,184,2,2
14231,20050821,1,0,0,37,275,1,1
14232,20050821,8,1,1,4,595,1,1
14233,20050821,6,0,0,118,646,1,1
14234,20050821,2,0,0,210,314,2,2
14235,20050821,8,1,5,420,25,1,1
14236,20050821,4,1,1,385,37,2,2
14237,20050821,4,1,1,74,723,2,1
14238,20050821,8,1,2,196,691,1,2
14239,20050821,0,0,0,381,342,1,2
14240,20050821,1,0,0,238,725,1,2
14241,20050821,8,1,1,570,559,1,1
14242,20050821,6,0,0,229,348,2,1
14243,20060214,7396,1,7390,275,326,2,1
14244,20050821,2,0,0,163,254,2,1
14245,20050821,5,0,0,58,218,1,1
14246,20050821,5,0,0,134,767,1,1
14247,20050821,4,0,0,117,59,2,1
14248,20050821,7,1,2,479,159,1,2
14249,20050821,7,1,2,215,152,1,2
14250,20050821,7,0,0,89,660,2,2
14251,20050821,5,0,0,318,28,1,2
14252,20050821,8,1,5,517,583,2,1
14253,20050821,3,0,0,460,923,2,1
14254,20050821,8,1,2,145,340,1,2
14255,20050821,8,1,2,207,687,1,1
14256,20050821,7,1,4,19,643,1,2
14257,20050821,7,1,2,57,838,2,2
14258,20050821,5,1,1,9,164,2,1
14259,20050821,0,0,0,538,810,2,2
14260,20050821,8,1,4,350,649,2,2
14261,20050821,5,1,1,314,312,2,1
14262,20050821,9,1,4,129,313,1,1
14263,20050821,8,1,3,82,570,2,2
14264,20050821,4,0,0,436,751,2,1
14265,20050821,2,0,0,151,684,2,1
14266,20050821,1,0,0,573,775,1,1
14267,20060214,7396,1,7391,32,476,1,2
14268,20050821,1,0,0,514,533,1,2
14269,20050821,8,1,4,121,116,2,2
14270,20050821,6,1,1,315,890,2,1
14271,20050821,5,1,2,205,984,1,1
14272,20050821,6,1,2,18,852,2,1
14273,20050821,9,1,6,397,579,1,1
14274,20050821,4,1,1,20,698,1,2
14275,20050821,4,0,0,283,710,2,1
14276,20050821,7,1,2,413,794,1,2
14277,20050821,7,1,3,521,581,1,2
14278,20060214,7396,1,7392,312,506,2,2
14279,20050821,8,1,1,139,731,2,2
14280,20050821,1,0,0,500,342,1,1
14281,20050821,5,1,2,314,402,2,2
14282,20050821,1,0,0,251,683,1,1
14283,20050821,2,0,0,290,670,1,1
14284,20050821,6,1,1,318,138,1,1
14285,20050821,7,0,0,116,89,2,1
14286,20050821,6,1,1,420,518,2,2
14287,20050821,3,0,0,47,529,1,2
14288,20050821,5,0,0,537,127,2,1
14289,20050821,4,0,0,370,263,2,2
14290,20050821,6,0,0,509,173,1,1
14291,20050821,5,1,1,164,869,2,2
14292,20050821,0,0,0,168,427,1,2
14293,20050821,0,0,0,329,777,1,2
14294,20050821,0,0,0,34,78,2,2
14295,20050821,0,0,0,224,473,1,2
14296,20050821,5,0,0,569,835,1,1
14297,20050821,4,0,0,521,373,2,1
14298,20050821,4,0,0,74,941,1,1
14299,20050821,2,0,0,44,877,2,1
14300,20050821,4,0,0,567,151,1,2
14301,20050821,6,0,0,159,63,2,1
14302,20050821,6,1,1,115,284,2,1
14303,20050821,3,0,0,528,220,2,1
14304,20050821,5,1,2,457,580,2,2
14305,20050821,6,1,1,316,446,2,1
14306,20050821,8,1,4,582,877,2,1
14307,20050821,8,1,3,241,636,1,1
14308,20050821,3,0,0,209,762,2,2
14309,20050821,8,1,4,191,972,1,2
14310,20050821,1,0,0,336,19,1,1
14311,20050821,5,1,2,3,382,2,2
14312,20050821,1,0,0,228,243,1,1
14313,20050821,8,1,1,191,743,2,2
14314,20050821,3,0,0,57,895,1,2
14315,20050821,5,1,2,257,257,2,1
14316,20050821,1,0,0,85,85,2,2
14317,20050821,5,1,2,465,453,1,1
14318,20060214,7396,1,7393,237,233,1,2
14319,20050821,4,0,0,74,979,1,1
14320,20050821,0,0,0,587,686,1,1
14321,20050821,1,0,0,410,215,2,1
14322,20050821,8,1,5,271,619,1,2
14323,20050821,4,0,0,354,278,1,1
14324,20050821,9,1,4,488,300,2,1
14325,20050821,1,0,0,89,969,1,2
14326,20050821,5,0,0,429,234,2,1
14327,20050821,8,1,5,571,120,1,2
14328,20050821,3,0,0,292,702,1,2
14329,20050821,6,1,2,565,775,1,2
14330,20050821,8,1,2,320,166,2,2
14331,20050821,8,1,2,249,687,2,2
14332,20050821,8,1,5,110,304,2,1
14333,20050821,6,1,3,130,652,1,2
14334,20050821,3,0,0,98,317,1,2
14335,20050821,5,1,1,404,572,2,1
14336,20050821,1,0,0,42,695,1,1
14337,20050821,3,0,0,248,772,2,1
14338,20050821,3,0,0,387,388,2,2
14339,20050821,4,0,0,495,379,2,2
14340,20050821,4,0,0,423,471,2,1
14341,20050821,5,1,1,10,982,1,1
14342,20050821,2,0,0,148,603,1,2
14343,20050821,7,1,3,228,824,2,1
14344,20050821,6,0,0,361,342,1,1
14345,20050821,3,0,0,489,376,2,1
14346,20050821,2,0,0,429,22,1,2
14347,20050821,3,0,0,576,845,1,2
14348,20050821,2,0,0,110,196,1,2
14349,20050821,9,1,3,153,19,1,1
14350,20050821,8,1,1,431,697,1,2
14351,20050821,3,0,0,486,443,2,1
14352,20050821,7,1,2,32,271,2,1
14353,20050821,1,0,0,105,352,2,2
14354,20050821,8,1,2,567,252,1,1
14355,20050821,6,0,0,210,141,1,2
14356,20050821,2,0,0,162,696,2,2
14357,20050821,0,0,0,149,638,2,2
14358,20050821,2,0,0,564,189,2,1
14359,20050821,1,0,0,286,401,1,1
14360,20050821,8,1,2,53,587,1,2
14361,20060214,7396,1,7390,446,273,1,2
14362,20050821,5,1,2,459,434,1,1
14363,20050821,2,0,0,10,565,1,1
14364,20050821,7,1,2,410,769,2,1
14365,20050821,6,1,2,571,134,2,1
14366,20050821,5,1,2,250,873,2,2
14367,20050821,4,0,0,403,191,2,2
14368,20050821,8,1,3,453,447,2,1
14369,20050821,3,0,0,155,357,2,1
14370,20050821,5,1,2,265,771,1,2
14371,20050821,6,0,0,271,475,2,2
14372,20050821,7,0,0,590,426,2,1
14373,20050821,4,0,0,215,969,1,1
14374,20060214,7396,1,7391,596,53,1,2
14375,20050821,5,1,2,132,551,1,2
14376,20050821,1,0,0,331,421,2,2
14377,20050821,8,1,2,565,293,1,1
14378,20050821,8,1,2,78,176,2,1
14379,20050821,3,0,0,202,673,1,1
14380,20050821,3,0,0,369,333,1,2
14381,20050821,3,0,0,282,176,2,1
14382,20050821,1,0,0,153,895,2,2
14383,20050821,3,0,0,324,422,2,2
14384,20050821,4,0,0,396,530,1,1
14385,20050821,3,0,0,156,949,1,2
14386,20050821,4,1,1,131,746,1,1
14387,20050821,7,1,2,436,284,2,2
14388,20050821,9,1,2,208,240,2,2
14389,20050821,5,1,1,471,596,2,1
14390,20050821,6,1,1,509,862,1,2
14391,20050821,1,0,0,387,685,2,2
14392,20050821,7,1,1,499,186,1,2
14393,20050821,7,1,2,256,858,2,1
14394,20050821,6,0,0,560,994,1,1
14395,20050821,7,1,4,248,137,2,2
14396,20050821,0,0,0,340,844,1,2
14397,20050821,2,0,0,50,849,1,1
14398,20050821,2,0,0,408,78,2,2
14399,20050821,5,0,0,394,784,1,1
14400,20050821,5,0,0,104,850,1,1
14401,20050821,8,1,3,470,760,2,1
14402,20050821,5,1,1,325,164,1,2
14403,20050821,8,1,3,180,783,1,1
14404,20050821,8,1,1,196,800,1,1
14405,20050821,8,1,1,594,609,2,2
14406,20050821,7,1,3,568,601,2,1
14407,20050821,3,0,0,245,525,1,2
14408,20050821,5,1,2,558,50,1,1
14409,20050821,3,0,0,61,256,2,2
14410,20050821,4,0,0,169,183,2,2
14411,20050821,1,0,0,230,460,2,2
14412,20050821,7,1,4,195,48,1,1
14413,20050821,8,1,2,179,10,2,1
14414,20050821,1,0,0,78,382,1,2
14415,20060214,7396,1,7392,559,586,1,2
14416,20050821,4,0,0,95,658,2,1
14417,20050821,4,0,0,174,383,2,1
14418,20050821,6,0,0,119,18,1,2
14419,20050821,9,1,3,271,691,1,1
14420,20050821,2,0,0,36,547,2,2
14421,20050821,2,0,0,592,962,1,1
14422,20050821,4,0,0,70,303,2,1
14423,20050821,5,0,0,127,630,2,2
14424,20050821,8,1,2,292,556,2,2
14425,20060214,7396,1,7390,10,603,2,2
14426,20060214,7396,1,7389,264,638,1,1
14427,20050821,5,0,0,283,512,1,1
14428,20050821,7,1,1,252,353,1,1
14429,20050821,3,0,0,486,552,2,1
14430,20050821,4,1,1,496,575,2,1
14431,20050821,4,1,1,430,345,1,2
14432,20050821,2,0,0,94,499,1,2
14433,20050821,4,0,0,286,160,1,1
14434,20050821,2,0,0,482,452,2,1
14435,20050821,2,0,0,108,641,2,1
14436,20050821,4,0,0,10,761,2,2
14437,20050821,3,0,0,202,329,2,2
14438,20050821,7,1,1,155,354,1,1
14439,20050821,8,1,4,123,852,1,1
14440,20050821,1,0,0,276,765,1,1
14441,20050821,4,1,1,84,269,2,2
14442,20050821,2,0,0,387,24,1,2
14443,20050821,8,1,3,444,83,1,2
14444,20050821,6,1,2,182,478,2,2
14445,20050821,1,0,0,355,698,2,2
14446,20050821,5,0,0,31,952,1,1
14447,20050821,6,0,0,165,412,1,2
14448,20050821,8,1,1,404,421,2,1
14449,20050821,6,0,0,188,141,2,2
14450,20050821,5,1,1,445,266,1,2
14451,20050821,1,0,0,325,864,2,2
14452,20050821,5,1,2,45,920,1,1
14453,20050821,5,0,0,475,729,2,1
14454,20050821,1,0,0,330,542,1,2
14455,20050821,5,0,0,229,755,1,2
14456,20050821,4,0,0,462,554,1,1
14457,20050821,4,0,0,588,934,2,1
14458,20050821,9,1,3,355,383,2,2
14459,20050821,5,0,0,532,335,1,2
14460,20050821,9,1,5,134,898,2,2
14461,20050821,9,1,3,504,81,1,1
14462,20050821,5,0,0,545,476,2,2
14463,20050821,7,1,1,293,307,2,1
14464,20050821,4,0,0,195,502,1,1
14465,20050821,6,0,0,146,914,2,2
14466,20050821,1,0,0,119,205,1,2
14467,20050821,7,0,0,406,328,2,1
14468,20050821,9,1,5,205,906,2,2
14469,20050821,2,0,0,223,427,1,1
14470,20050821,1,0,0,186,851,2,2
14471,20050821,5,1,1,484,277,1,1
14472,20050821,2,0,0,363,892,2,2
14473,20050821,2,0,0,157,602,2,1
14474,20050821,6,1,2,555,577,1,2
14475,20050821,5,0,0,574,694,2,2
14476,20050821,2,0,0,455,619,2,1
14477,20050821,4,0,0,54,343,1,2
14478,20050821,4,0,0,234,655,2,2
14479,20050821,7,1,4,129,483,2,2
14480,20050821,4,0,0,239,51,2,1
14481,20050821,8,1,5,179,892,2,2
14482,20050821,5,0,0,310,608,1,1
14483,20050821,7,1,1,569,8,2,2
14484,20050821,2,0,0,143,812,2,1
14485,20050821,8,1,1,121,357,2,2
14486,20050821,1,0,0,94,686,1,1
14487,20050821,8,1,4,550,564,2,1
14488,20060214,7396,1,7390,490,914,1,2
14489,20050821,9,1,5,379,502,1,2
14490,20050821,7,1,2,387,384,2,2
14491,20050821,8,1,4,386,449,2,1
14492,20050821,1,0,0,25,349,1,1
14493,20050821,7,1,3,87,568,2,1
14494,20050821,1,0,0,496,37,1,2
14495,20050821,1,0,0,301,706,2,2
14496,20050821,2,0,0,382,472,2,1
14497,20050821,0,0,0,55,711,2,2
14498,20050821,1,0,0,59,865,1,1
14499,20050821,2,0,0,533,894,1,2
14500,20050821,5,0,0,328,440,1,1
14501,20050821,4,0,0,493,785,1,1
14502,20050821,1,0,0,114,655,1,1
14503,20060214,7396,1,7393,394,464,1,1
14504,20050821,5,1,2,459,990,2,1
14505,20050821,8,1,3,242,468,2,1
14506,20050821,3,0,0,547,981,2,2
14507,20050821,6,1,3,181,429,2,2
14508,20050821,5,0,0,281,154,1,2
14509,20050821,4,0,0,590,118,1,1
14510,20050821,9,1,5,285,408,1,1
14511,20050821,6,1,3,539,973,1,2
14512,20050821,3,0,0,557,126,2,2
14513,20050821,2,0,0,258,928,1,2
14514,20050821,8,1,1,436,279,1,2
14515,20050821,5,0,0,109,479,2,1
14516,20060214,7396,1,7390,571,155,2,2
14517,20050821,2,0,0,439,780,2,2
14518,20050821,2,0,0,529,600,1,2
14519,20050821,0,0,0,235,337,2,2
14520,20050821,9,1,5,330,989,1,1
14521,20050821,7,1,2,523,336,2,1
14522,20050821,4,0,0,76,456,1,1
14523,20050821,1,0,0,353,77,1,2
14524,20050821,7,1,3,63,964,1,2
14525,20050821,1,0,0,556,663,1,1
14526,20060214,7396,1,7390,183,391,1,1
14527,20050821,1,0,0,377,766,1,1
14528,20050821,5,1,2,443,938,1,2
14529,20050821,8,1,2,419,385,1,1
14530,20050821,4,1,1,40,415,1,2
14531,20060214,7396,1,7393,579,936,2,2
14532,20050821,4,0,0,107,447,1,2
14533,20050821,4,0,0,499,476,2,1
14534,20050821,5,0,0,164,552,2,1
14535,20050821,8,1,4,201,116,2,2
14536,20050821,6,0,0,445,573,1,1
14537,20050821,2,0,0,20,821,2,2
14538,20050821,1,0,0,465,735,2,2
14539,20050821,7,1,3,22,734,2,1
14540,20050821,5,0,0,212,514,2,2
14541,20050821,3,0,0,493,282,2,1
14542,20050821,6,1,3,455,275,2,2
14543,20050821,6,0,0,261,155,1,1
14544,20050821,2,0,0,145,534,1,1
14545,20050821,8,1,5,517,537,2,2
14546,20050821,1,0,0,86,331,1,2
14547,20050821,4,1,1,141,260,2,1
14548,20050821,3,0,0,277,50,2,2
14549,20050821,1,0,0,488,895,1,1
14550,20050821,2,0,0,244,618,2,1
14551,20050821,6,1,2,127,110,1,2
14552,20050821,5,1,2,541,434,1,1
14553,20050821,1,0,0,405,694,1,2
14554,20050821,4,1,1,348,6,2,2
14555,20050821,1,0,0,194,418,1,1
14556,20050821,7,1,3,141,104,2,1
14557,20050821,6,1,2,138,107,2,1
14558,20050821,7,1,2,341,863,1,2
14559,20050821,8,1,3,353,841,2,1
14560,20050821,4,0,0,261,353,2,1
14561,20050821,6,1,2,60,549,1,1
14562,20050821,1,0,0,16,767,1,1
14563,20050821,3,0,0,548,869,1,2
14564,20050821,5,1,2,351,715,2,1
14565,20050821,3,0,0,375,903,2,1
14566,20050821,4,1,1,137,17,2,1
14567,20050821,4,0,0,576,833,2,1
14568,20050821,0,0,0,331,733,1,1
14569,20050821,4,0,0,189,194,2,2
14570,20050821,8,1,4,204,213,1,2
14571,20050821,8,1,5,218,480,1,1
14572,20050821,4,1,1,80,306,1,2
14573,20050821,1,0,0,279,529,1,2
14574,20050821,4,0,0,572,352,2,2
14575,20050821,9,1,6,24,820,2,2
14576,20050821,7,1,2,77,265,1,2
14577,20050821,4,0,0,54,428,2,1
14578,20050821,7,0,0,87,690,1,2
14579,20050821,6,1,2,84,267,2,1
14580,20050821,6,1,2,167,315,2,1
14581,20050821,4,0,0,18,164,2,1
14582,20050821,8,1,5,599,225,1,2
14583,20050821,2,0,0,34,267,1,2
14584,20050821,3,0,0,500,574,1,2
14585,20050821,4,1,1,495,17,1,1
14586,20050821,4,0,0,553,680,2,1
14587,20050821,4,0,0,375,506,1,1
14588,20050821,7,1,3,21,298,1,2
14589,20050821,1,0,0,435,617,1,1
14590,20050821,7,1,3,550,578,1,1
14591,20050821,2,0,0,80,747,2,1
14592,20050821,1,0,0,424,588,2,2
14593,20050821,3,0,0,123,306,1,1
14594,20050821,5,1,2,572,652,1,2
14595,20050821,5,1,2,560,409,2,1
14596,20050821,9,1,2,589,437,2,1
14597,20050821,3,0,0,589,256,2,1
14598,20050821,8,1,5,9,247,1,2
14599,20050821,1,0,0,118,1000,1,1
14600,20050821,7,1,1,400,773,1,1
14601,20050821,7,1,1,592,119,2,1
14602,20050821,7,1,1,198,825,1,1
14603,20050821,6,0,0,176,19,1,1
14604,20060214,7396,1,7390,17,229,1,2
14605,20050821,3,0,0,480,105,1,1
14606,20060214,7396,1,7393,178,496,2,2
14607,20050821,0,0,0,457,986,1,2
14608,20050821,3,0,0,106,730,2,1
14609,20050821,3,0,0,36,268,2,2
14610,20050821,8,1,2,84,412,2,2
14611,20050821,4,1,1,60,889,1,1
14612,20050821,5,1,1,13,893,2,1
14613,20050821,5,0,0,383,841,2,1
14614,20050821,8,1,4,191,670,2,1
14615,20050821,8,1,4,315,506,1,2
14616,20060214,7396,1,7393,586,990,2,1
14617,20050821,3,0,0,557,778,1,2
14618,20050821,7,0,0,416,981,1,1
14619,20050821,1,0,0,469,349,1,2
14620,20050821,0,0,0,222,720,2,2
14621,20050821,1,0,0,506,790,2,1
14622,20050821,9,1,3,148,593,2,2
14623,20050821,5,0,0,266,200,2,2
14624,20050821,2,0,0,506,1,1,1
14625,20050821,8,1,2,512,584,1,1
14626,20050821,4,0,0,223,232,1,2
14627,20050821,9,1,4,458,541,2,1
14628,20050821,6,1,1,19,794,1,2
14629,20050821,4,0,0,425,166,1,2
14630,20050821,7,1,2,555,881,2,2
14631,20050821,6,1,1,187,170,2,1
14632,20050821,3,0,0,348,616,2,2
14633,20050821,3,0,0,36,462,2,1
14634,20050821,8,1,5,147,109,1,2
14635,20050821,5,0,0,332,468,2,2
14636,20050821,1,0,0,124,365,1,2
14637,20050821,5,1,2,304,402,2,2
14638,20050821,0,0,0,39,784,1,2
14639,20050821,4,1,1,593,768,2,1
14640,20050821,5,1,2,290,409,2,2
14641,20050821,1,0,0,303,477,2,2
14642,20050821,8,1,2,313,283,1,2
14643,20050821,8,1,2,153,174,1,1
14644,20050821,7,1,3,582,852,1,1
14645,20050821,4,0,0,27,516,2,1
14646,20050821,1,0,0,199,211,1,1
14647,20050821,8,1,4,253,843,2,2
14648,20050821,3,0,0,365,486,2,2
14649,20050821,0,0,0,163,888,1,1
14650,20050821,3,0,0,501,282,1,2
14651,20050821,6,1,3,59,879,2,2
14652,20050821,2,0,0,582,905,1,2
14653,20050821,2,0,0,558,109,2,1
14654,20050821,2,0,0,23,150,2,2
14655,20050821,0,0,0,290,172,1,1
14656,20050821,2,0,0,172,914,2,2
14657,20050821,5,0,0,403,105,1,2
14658,20050821,3,0,0,244,320,2,1
14659,20050821,4,0,0,153,206,1,1
14660,20050821,1,0,0,531,753,1,1
14661,20050821,5,1,1,481,163,2,1
14662,20050821,1,0,0,235,650,2,2
14663,20050821,5,0,0,330,511,2,2
14664,20050821,5,0,0,243,956,1,1
14665,20050821,8,1,1,316,637,1,1
14666,20050821,9,1,3,391,561,1,2
14667,20050821,1,0,0,427,572,2,1
14668,20050821,7,1,3,214,317,2,2
14669,20050821,4,0,0,156,693,1,1
14670,20050821,6,0,0,547,942,1,2
14671,20050821,0,0,0,291,575,1,1
14672,20050821,8,1,2,45,900,2,1
14673,20050821,3,0,0,13,397,1,1
14674,20050821,5,1,2,216,124,2,1
14675,20050821,4,0,0,232,73,1,2
14676,20050821,5,0,0,458,193,2,1
14677,20050821,6,1,2,176,964,1,1
14678,20050821,9,1,3,7,416,1,2
14679,20050821,2,0,0,306,331,2,1
14680,20050821,6,0,0,250,976,2,1
14681,20050821,8,1,4,548,241,1,1
14682,20050821,6,1,3,61,651,2,2
14683,20050821,7,1,3,44,843,1,1
14684,20050821,6,0,0,334,785,2,2
14685,20050821,1,0,0,3,292,1,1
14686,20050821,4,0,0,287,177,2,1
14687,20050821,4,1,1,132,69,1,2
14688,20050821,5,0,0,21,563,2,2
14689,20050821,0,0,0,72,249,2,1
14690,20050821,7,0,0,460,797,1,2
14691,20050821,2,0,0,294,461,2,1
14692,20050821,6,1,3,196,415,2,1
14693,20050821,7,1,3,573,757,2,2
14694,20050821,1,0,0,307,608,2,1
14695,20050821,1,0,0,43,91,1,2
14696,20050821,3,0,0,99,827,1,1
14697,20050821,4,0,0,366,10,1,2
14698,20050821,7,1,4,169,925,1,2
14699,20050821,7,1,3,173,312,2,2
14700,20050821,2,0,0,421,755,2,1
14701,20050821,8,1,4,287,665,2,1
14702,20050821,8,1,5,388,892,1,1
14703,20050821,0,0,0,299,944,1,2
14704,20050821,6,0,0,577,885,1,2
14705,20050821,3,0,0,18,546,2,2
14706,20050821,0,0,0,145,981,2,2
14707,20050821,9,1,5,14,641,1,1
14708,20050821,6,1,1,386,621,1,1
14709,20050821,9,1,4,216,403,2,1
14710,20050821,8,1,3,322,417,2,1
14711,20050821,8,1,1,167,430,2,2
14712,20050821,3,0,0,386,266,2,1
14713,20050821,1,0,0,425,736,1,1
14714,20050821,9,1,3,260,1,1,1
14715,20050821,5,1,2,231,973,1,2
14716,20050821,1,0,0,222,494,2,2
14717,20050821,4,0,0,509,841,1,2
14718,20050821,5,0,0,588,790,1,2
14719,20050821,3,0,0,118,891,2,1
14720,20050821,3,0,0,484,790,1,1
14721,20050821,8,1,5,402,925,2,1
14722,20050821,8,1,1,410,644,1,1
14723,20050821,9,1,5,411,604,2,2
14724,20050821,1,0,0,92,778,1,2
14725,20050821,1,0,0,235,968,1,2
14726,20050821,0,0,0,39,994,1,1
14727,20050821,3,0,0,569,141,1,1
14728,20050821,3,0,0,362,586,2,2
14729,20050821,5,1,1,177,544,2,1
14730,20050821,8,1,4,267,647,2,1
14731,20050821,2,0,0,128,298,2,1
14732,20050821,1,0,0,324,416,2,1
14733,20050821,4,0,0,483,88,2,1
14734,20060214,7396,1,7392,167,301,2,2
14735,20050821,1,0,0,161,212,1,1
14736,20050821,3,0,0,498,46,2,2
14737,20050821,3,0,0,516,401,1,2
14738,20050821,7,1,4,127,730,1,1
14739,20050821,0,0,0,386,877,1,1
14740,20050821,4,1,1,26,374,2,1
14741,20060214,7396,1,7389,203,133,1,2
14742,20050821,4,0,0,219,655,1,1
14743,20050821,7,1,2,574,999,1,1
14744,20050821,8,1,2,596,174,2,1
14745,20050821,2,0,0,372,961,2,1
14746,20050821,5,1,1,365,702,2,2
14747,20050821,4,0,0,243,45,1,2
14748,20050821,6,1,2,313,369,2,2
14749,20050821,7,0,0,133,181,2,2
14750,20050821,8,1,4,595,204,1,2
14751,20050821,8,1,2,171,255,1,2
14752,20050821,6,0,0,42,276,1,1
14753,20050821,0,0,0,488,391,2,2
14754,20050821,7,1,2,360,512,2,2
14755,20050821,5,1,2,241,189,2,2
14756,20050821,2,0,0,346,122,2,1
14757,20050821,5,0,0,244,255,1,2
14758,20050821,5,1,2,124,517,2,2
14759,20050821,9,1,6,42,846,2,2
14760,20060214,7396,1,7392,289,301,1,1
14761,20050821,4,1,1,138,583,1,1
14762,20050821,1,0,0,298,924,1,1
14763,20050821,9,1,6,247,324,1,2
14764,20050821,2,0,0,188,281,2,2
14765,20050821,3,0,0,99,619,1,2
14766,20050821,4,0,0,591,167,2,1
14767,20050821,7,1,1,3,273,1,1
14768,20050821,5,0,0,338,760,1,1
14769,20060214,7396,1,7390,70,391,1,1
14770,20050821,3,0,0,249,652,1,1
14771,20050821,6,1,2,549,585,2,2
14772,20050821,8,1,2,239,880,2,2
14773,20050821,4,0,0,185,557,2,2
14774,20050821,4,1,1,536,698,2,2
14775,20050821,0,0,0,554,880,2,2
14776,20050821,2,0,0,189,764,2,2
14777,20050821,6,1,1,87,54,1,1
14778,20050821,4,0,0,281,465,1,2
14779,20050822,9,1,5,260,242,2,2
14780,20050822,0,0,0,150,696,2,2
14781,20050822,7,1,2,393,758,2,1
14782,20050822,1,0,0,90,376,2,1
14783,20050822,6,0,0,29,749,1,2
14784,20050822,6,0,0,197,97,2,1
14785,20050822,3,0,0,10,432,1,1
14786,20050822,3,0,0,198,649,1,1
14787,20050822,6,1,2,348,578,1,2
14788,20050822,7,1,2,498,417,1,2
14789,20050822,3,0,0,260,510,1,1
14790,20050822,9,1,2,426,224,1,1
14791,20050822,8,1,2,156,326,2,1
14792,20050822,8,1,1,281,970,1,1
14793,20050822,7,1,3,128,933,1,2
14794,20050822,6,1,1,373,91,1,2
14795,20050822,4,0,0,595,369,2,1
14796,20050822,8,1,2,2,209,1,1
14797,20050822,1,0,0,111,251,1,1
14798,20050822,5,0,0,46,1,2,2
14799,20050822,2,0,0,345,282,2,2
14800,20050822,4,0,0,82,777,1,2
14801,20050822,8,1,5,363,366,1,1
14802,20050822,6,0,0,408,154,2,1
14803,20050822,0,0,0,514,555,1,2
14804,20050822,4,1,1,395,82,1,1
14805,20050822,1,0,0,108,172,1,2
14806,20050822,1,0,0,234,445,1,2
14807,20050822,4,0,0,106,74,1,1
14808,20050822,7,1,2,42,361,2,2
14809,20050822,7,0,0,394,240,2,1
14810,20050822,3,0,0,222,432,2,2
14811,20050822,4,0,0,291,352,2,1
14812,20050822,4,1,1,90,932,1,1
14813,20050822,2,0,0,535,738,2,2
14814,20050822,5,0,0,375,683,1,2
14815,20050822,2,0,0,61,263,2,2
14816,20050822,6,1,1,183,890,2,1
14817,20050822,5,0,0,66,202,1,1
14818,20050822,4,0,0,401,353,2,1
14819,20050822,8,1,2,74,634,2,1
14820,20050822,1,0,0,478,308,2,1
14821,20050822,7,1,2,572,693,1,2
14822,20050822,8,1,3,478,621,2,1
14823,20050822,0,0,0,302,149,1,2
14824,20050822,1,0,0,97,904,1,2
14825,20050822,5,1,1,298,317,2,2
14826,20050822,1,0,0,221,876,1,2
14827,20050822,9,1,5,473,489,2,2
14828,20050822,5,1,2,342,895,1,2
14829,20050822,1,0,0,111,788,2,2
14830,20050822,5,0,0,28,138,2,1
14831,20050822,1,0,0,373,739,2,1
14832,20050822,7,1,2,147,397,1,2
14833,20050822,6,0,0,36,428,1,1
14834,20050822,6,1,2,146,682,1,1
14835,20050822,8,1,1,294,165,1,1
14836,20050822,0,0,0,143,933,1,1
14837,20050822,7,0,0,163,486,2,1
14838,20050822,3,0,0,294,112,2,1
14839,20050822,2,0,0,448,754,2,2
14840,20050822,7,1,3,58,274,2,2
14841,20050822,6,0,0,95,875,1,2
14842,20050822,8,1,3,325,552,2,2
14843,20050822,6,0,0,345,658,2,1
14844,20050822,9,1,5,357,30,1,1
14845,20050822,2,0,0,533,13,2,2
14846,20050822,8,1,3,268,841,2,1
14847,20050822,7,1,2,508,657,1,2
14848,20050822,4,0,0,1,88,2,2
14849,20050822,5,1,1,336,737,1,2
14850,20050822,4,0,0,99,525,1,1
14851,20050822,4,0,0,136,252,2,2
14852,20050822,3,0,0,69,489,1,1
14853,20050822,9,1,3,397,782,2,2
14854,20050822,1,0,0,197,433,2,1
14855,20050822,9,1,6,530,364,1,1
14856,20050822,4,0,0,101,725,1,2
14857,20050822,2,0,0,377,901,2,2
14858,20050822,8,1,1,269,80,1,1
14859,20050822,2,0,0,72,464,2,2
14860,20050822,5,1,1,143,301,2,1
14861,20050822,4,0,0,102,392,1,1
14862,20050822,6,1,3,222,763,1,2
14863,20050822,8,1,3,194,170,2,2
14864,20050822,0,0,0,135,629,2,1
14865,20050822,1,0,0,395,827,1,1
14866,20050822,7,1,3,13,572,1,1
14867,20050822,3,0,0,166,60,1,2
14868,20050822,2,0,0,441,957,2,1
14869,20050822,1,0,0,31,100,2,2
14870,20050822,1,0,0,537,468,2,2
14871,20050822,1,0,0,522,748,1,2
14872,20050822,7,1,4,189,214,2,1
14873,20050822,9,1,3,61,773,1,1
14874,20050822,2,0,0,215,387,2,2
14875,20050822,4,0,0,357,854,2,1
14876,20050822,1,0,0,593,803,1,1
14877,20050822,2,0,0,25,218,1,2
14878,20060214,7396,1,7392,2,267,1,2
14879,20050822,5,1,1,425,465,2,1
14880,20050822,2,0,0,205,789,2,2
14881,20050822,4,0,0,343,47,2,2
14882,20050822,3,0,0,457,3,2,2
14883,20050822,5,0,0,336,424,1,1
14884,20050822,1,0,0,285,648,2,1
14885,20050822,8,1,1,577,455,1,1
14886,20050822,0,0,0,186,944,2,1
14887,20050822,8,1,2,219,11,1,1
14888,20050822,1,0,0,64,735,1,2
14889,20050822,2,0,0,277,346,2,2
14890,20050822,8,1,5,442,114,2,1
14891,20050822,4,1,1,324,65,2,1
14892,20050822,9,1,2,529,672,2,1
14893,20050822,8,1,4,399,507,2,1
14894,20050822,1,0,0,309,765,1,2
14895,20050822,4,0,0,588,975,1,1
14896,20050822,7,1,4,104,551,2,2
14897,20050822,3,0,0,181,351,2,1
14898,20050822,9,1,4,277,378,1,1
14899,20050822,9,1,4,389,810,1,2
14900,20050822,2,0,0,30,749,1,2
14901,20050822,7,1,4,144,936,2,1
14902,20050822,1,0,0,152,190,2,2
14903,20050822,3,0,0,557,390,1,2
14904,20050822,7,1,1,393,158,2,1
14905,20050822,3,0,0,367,906,1,2
14906,20050822,7,1,2,509,31,2,1
14907,20050822,3,0,0,247,540,1,1
14908,20050822,3,0,0,402,21,1,2
14909,20050822,3,0,0,488,434,2,1
14910,20050822,2,0,0,65,281,1,1
14911,20050822,6,0,0,341,78,1,1
14912,20050822,1,0,0,294,583,1,1
14913,20050822,1,0,0,302,789,1,2
14914,20050822,4,0,0,373,948,1,1
14915,20060214,7396,1,7390,402,22,2,1
14916,20050822,2,0,0,368,457,2,2
14917,20050822,6,1,1,177,83,2,2
14918,20050822,7,1,1,128,883,2,2
14919,20050822,8,1,1,403,348,2,2
14920,20050822,0,0,0,430,737,2,1
14921,20050822,4,0,0,365,814,2,2
14922,20050822,7,1,2,101,504,1,1
14923,20050822,5,1,2,135,753,1,2
14924,20050822,1,0,0,560,912,1,1
14925,20050822,7,1,3,415,98,1,2
14926,20050822,3,0,0,461,534,2,1
14927,20050822,5,0,0,306,212,1,1
14928,20060214,7396,1,7389,589,956,1,1
14929,20050822,5,1,2,111,913,1,1
14930,20050822,8,1,1,165,630,2,1
14931,20050822,5,1,2,566,142,2,2
14932,20050822,1,0,0,67,488,2,2
14933,20060214,7396,1,7390,31,264,2,2
14934,20050822,4,0,0,386,177,2,1
14935,20050822,6,0,0,419,440,2,2
14936,20050822,7,0,0,121,812,1,2
14937,20050822,8,1,4,494,274,2,2
14938,20050822,9,1,6,270,90,2,1
14939,20050822,5,0,0,241,158,1,1
14940,20050822,1,0,0,443,578,2,2
14941,20050822,6,0,0,273,505,2,1
14942,20050822,9,1,3,465,7,1,1
14943,20050822,4,0,0,141,770,2,2
14944,20050822,2,0,0,243,117,1,2
14945,20050822,7,1,4,389,344,1,1
14946,20050822,5,0,0,563,305,2,1
14947,20050822,5,0,0,229,766,1,2
14948,20050822,6,1,1,335,640,2,2
14949,20050822,3,0,0,580,531,2,2
14950,20050822,5,0,0,42,138,2,2
14951,20050822,7,1,1,83,615,2,2
14952,20050822,5,1,1,327,647,2,1
14953,20050822,5,1,1,553,177,2,1
14954,20060214,7396,1,7389,272,789,1,1
14955,20050822,3,0,0,13,336,1,2
14956,20050822,3,0,0,418,797,1,2
14957,20050822,3,0,0,326,304,1,2
14958,20050822,6,0,0,309,373,1,2
14959,20050822,3,0,0,104,437,2,1
14960,20050822,7,1,4,303,730,1,2
14961,20050822,8,1,1,478,721,1,2
14962,20050822,6,1,2,259,682,1,2
14963,20050822,8,1,4,95,586,2,2
14964,20050822,3,0,0,245,500,2,1
14965,20050822,5,0,0,425,231,2,1
14966,20050822,9,1,2,200,149,1,1
14967,20050822,0,0,0,122,65,2,2
14968,20050822,7,1,1,105,727,1,1
14969,20050822,6,1,1,134,884,2,1
14970,20050822,7,1,1,188,117,2,1
14971,20050822,5,0,0,114,410,1,2
14972,20050822,6,0,0,49,749,2,1
14973,20050822,7,1,1,172,634,2,1
14974,20050822,5,0,0,378,570,2,1
14975,20050822,6,1,3,403,205,1,2
14976,20050822,6,0,0,333,16,1,1
14977,20050822,8,1,5,213,891,2,2
14978,20050822,3,0,0,395,153,1,1
14979,20050822,1,0,0,139,504,1,2
14980,20050822,3,0,0,518,593,2,2
14981,20050822,3,0,0,59,274,1,2
14982,20050822,8,1,4,246,506,2,2
14983,20050822,8,1,3,307,783,1,2
14984,20050822,7,1,2,27,371,1,1
14985,20050822,7,1,3,299,439,1,1
14986,20050822,0,0,0,514,327,1,2
14987,20050822,1,0,0,94,330,2,2
14988,20050822,6,1,2,199,458,2,1
14989,20050822,3,0,0,316,313,1,2
14990,20050822,1,0,0,369,883,2,2
14991,20050822,7,1,1,510,154,2,2
14992,20050822,3,0,0,359,969,1,2
14993,20050822,4,0,0,142,748,2,1
14994,20050822,4,1,1,193,350,2,1
14995,20050822,1,0,0,324,908,2,1
14996,20050822,6,1,1,239,262,2,1
14997,20050822,5,0,0,299,597,2,2
14998,20050822,1,0,0,46,843,2,2
14999,20050822,1,0,0,97,745,2,1
15000,20050822,2,0,0,265,677,2,2
15001,20050822,4,0,0,199,629,2,2
15002,20050822,2,0,0,109,913,1,1
15003,20050822,6,1,3,192,873,1,1
15004,20050822,6,0,0,140,975,2,1
15005,20050822,2,0,0,507,637,1,2
15006,20050822,1,0,0,354,650,2,1
15007,20050822,4,0,0,93,807,2,2
15008,20050822,9,1,6,372,214,2,2
15009,20050822,3,0,0,45,877,1,2
15010,20050822,7,1,4,237,37,2,2
15011,20050822,1,0,0,30,597,2,1
15012,20050822,5,0,0,345,347,1,1
15013,20050822,1,0,0,274,28,1,2
15014,20050822,8,1,1,409,804,2,1
15015,20050822,8,1,5,551,674,1,2
15016,20050822,6,1,1,405,193,2,2
15017,20050822,6,0,0,33,866,2,1
15018,20050822,2,0,0,562,86,2,1
15019,20050822,3,0,0,251,750,1,2
15020,20050822,4,0,0,103,759,1,1
15021,20060214,7396,1,7391,432,91,2,2
15022,20050822,8,1,2,248,56,1,2
15023,20050822,6,1,1,218,79,1,1
15024,20050822,2,0,0,498,397,2,1
15025,20050822,1,0,0,352,457,1,2
15026,20050822,6,0,0,486,944,1,1
15027,20050822,6,1,1,263,73,1,2
15028,20050822,8,1,1,107,923,2,1
15029,20050822,2,0,0,498,483,2,1
15030,20050822,1,0,0,361,696,1,2
15031,20050822,4,0,0,428,856,2,1
15032,20050822,3,0,0,325,748,1,2
15033,20050822,6,1,3,96,531,1,2
15034,20050822,7,1,2,133,294,1,1
15035,20050822,6,0,0,357,75,2,1
15036,20050822,0,0,0,374,193,1,2
15037,20050822,9,1,3,308,986,1,2
15038,20050822,1,0,0,173,367,2,1
15039,20050822,6,1,2,136,199,2,1
15040,20050822,1,0,0,591,705,1,2
15041,20050822,1,0,0,249,416,2,2
15042,20050822,8,1,3,598,831,1,1
15043,20050822,6,1,1,553,832,1,1
15044,20050822,9,1,5,267,985,2,1
15045,20050822,4,1,1,265,764,1,2
15046,20050822,3,0,0,362,336,1,1
15047,20050822,1,0,0,466,288,2,1
15048,20050822,3,0,0,398,636,1,1
15049,20050822,4,1,1,262,345,2,1
15050,20050822,0,0,0,192,863,2,1
15051,20050822,6,1,2,216,311,1,1
15052,20050822,8,1,1,303,511,2,2
15053,20050822,6,1,3,63,237,1,2
15054,20050822,3,0,0,440,502,2,1
15055,20050822,2,0,0,462,135,2,2
15056,20050822,2,0,0,302,408,2,1
15057,20050822,5,1,1,383,989,2,1
15058,20050822,4,0,0,346,773,2,1
15059,20050822,6,1,3,123,889,1,2
15060,20050822,9,1,5,566,601,1,2
15061,20050822,2,0,0,106,753,2,1
15062,20050822,4,0,0,498,960,2,2
15063,20050822,3,0,0,495,256,2,2
15064,20050822,6,0,0,343,273,1,2
15065,20050822,4,0,0,434,103,1,2
15066,20050822,0,0,0,14,595,2,1
15067,20050822,1,0,0,399,806,1,1
15068,20050822,3,0,0,409,720,1,2
15069,20050822,5,1,2,579,129,2,2
15070,20050822,3,0,0,2,590,1,1
15071,20050822,9,1,4,270,91,2,1
15072,20050822,8,1,1,20,629,2,1
15073,20050822,8,1,5,224,865,1,1
15074,20050822,5,0,0,448,683,2,2
15075,20050822,7,0,0,76,421,2,1
15076,20050822,5,1,1,231,906,2,1
15077,20050822,6,0,0,302,690,1,1
15078,20050822,3,0,0,83,658,2,1
15079,20050822,2,0,0,65,993,2,2
15080,20050822,1,0,0,344,206,1,1
15081,20050822,6,1,2,89,549,2,2
15082,20050822,5,1,2,360,444,2,1
15083,20050822,5,1,1,426,369,1,2
15084,20050822,0,0,0,231,179,1,1
15085,20050822,2,0,0,122,364,1,2
15086,20050822,7,1,3,147,59,1,2
15087,20050822,5,0,0,294,52,2,2
15088,20050822,2,0,0,255,913,2,2
15089,20050822,9,1,4,487,724,2,1
15090,20050822,8,1,4,331,641,2,2
15091,20050822,1,0,0,541,453,2,2
15092,20050822,5,1,1,79,527,2,2
15093,20050822,0,0,0,203,773,1,2
15094,20060214,7396,1,7393,112,205,1,1
15095,20050822,3,0,0,190,109,2,2
15096,20050822,7,1,3,266,432,2,2
15097,20050822,4,0,0,528,623,1,1
15098,20050822,8,1,2,473,965,1,2
15099,20050822,3,0,0,505,422,2,2
15100,20050822,3,0,0,459,980,2,1
15101,20050822,6,0,0,507,149,2,2
15102,20050822,6,1,3,464,503,1,1
15103,20050822,3,0,0,455,187,2,2
15104,20050822,5,0,0,9,993,1,1
15105,20050822,4,0,0,469,864,1,2
15106,20050822,5,0,0,488,89,1,1
15107,20050822,0,0,0,438,518,2,1
15108,20050822,4,0,0,444,759,2,2
15109,20050822,7,0,0,120,122,2,1
15110,20050822,4,0,0,407,303,1,1
15111,20050822,1,0,0,153,893,1,1
15112,20050822,4,0,0,441,621,2,1
15113,20050822,4,0,0,112,945,2,1
15114,20050822,9,1,5,195,544,1,1
15115,20050822,4,0,0,266,378,2,1
15116,20050822,1,0,0,226,114,2,1
15117,20050822,4,0,0,533,550,1,2
15118,20050822,7,0,0,244,451,1,2
15119,20050822,1,0,0,346,988,1,2
15120,20050822,1,0,0,297,677,2,1
15121,20050822,3,0,0,359,653,1,1
15122,20050822,7,1,1,64,367,2,2
15123,20050822,4,0,0,13,319,2,1
15124,20050822,3,0,0,62,350,1,1
15125,20050822,7,1,4,271,859,2,1
15126,20050822,5,1,2,257,414,2,1
15127,20050822,3,0,0,231,524,1,1
15128,20050822,7,0,0,571,709,2,2
15129,20050822,6,0,0,308,828,2,2
15130,20050822,8,1,3,476,518,2,1
15131,20050822,8,1,3,153,418,2,1
15132,20050822,5,0,0,437,761,2,2
15133,20050822,3,0,0,360,747,2,1
15134,20050822,7,1,3,351,971,1,1
15135,20050822,5,1,1,365,121,1,2
15136,20050822,1,0,0,99,572,1,2
15137,20050822,3,0,0,121,188,1,1
15138,20050822,5,0,0,485,540,1,1
15139,20050822,7,1,3,475,439,1,1
15140,20050822,8,1,2,319,307,1,2
15141,20050822,6,1,1,270,51,1,2
15142,20050822,7,1,4,453,295,1,1
15143,20050822,2,0,0,208,331,2,2
15144,20050822,3,0,0,32,121,2,2
15145,20050822,9,1,2,574,471,1,1
15146,20050822,5,1,1,407,681,2,2
15147,20050822,6,0,0,356,559,2,2
15148,20050822,9,1,4,9,810,2,2
15149,20050822,2,0,0,547,672,2,1
15150,20050822,4,0,0,265,391,1,1
15151,20050822,7,1,2,72,887,1,1
15152,20050822,9,1,5,236,162,1,1
15153,20050822,4,0,0,537,234,1,2
15154,20050822,7,1,2,430,745,1,2
15155,20050822,1,0,0,163,579,1,2
15156,20050822,8,1,5,147,260,2,2
15157,20050822,7,1,4,401,415,2,1
15158,20050822,5,0,0,120,789,2,1
15159,20050822,1,0,0,272,949,1,2
15160,20050822,5,1,1,116,941,2,1
15161,20050822,5,1,1,383,317,1,1
15162,20050822,5,0,0,267,381,2,2
15163,20050822,3,0,0,432,786,2,1
15164,20050822,3,0,0,306,222,2,1
15165,20050822,7,0,0,96,800,2,2
15166,20050822,7,1,1,562,334,2,2
15167,20060214,7396,1,7393,501,216,2,2
15168,20050822,3,0,0,550,707,1,2
15169,20050822,5,0,0,304,173,2,1
15170,20050822,1,0,0,127,460,1,1
15171,20050822,5,1,1,153,267,1,2
15172,20050822,1,0,0,115,515,2,1
15173,20050822,6,1,3,469,567,2,1
15174,20050822,8,1,3,580,4,1,2
15175,20050822,4,0,0,419,941,1,2
15176,20050822,9,1,6,339,673,1,1
15177,20050822,3,0,0,519,183,2,1
15178,20050822,4,0,0,189,379,2,2
15179,20050822,9,1,2,241,99,2,1
15180,20050822,1,0,0,586,52,2,2
15181,20050822,4,1,1,25,851,2,1
15182,20050822,2,0,0,60,140,1,1
15183,20050822,2,0,0,215,592,1,1
15184,20050822,2,0,0,465,266,1,2
15185,20050822,9,1,5,589,647,1,1
15186,20050822,2,0,0,160,292,2,1
15187,20050822,4,0,0,399,508,2,1
15188,20050822,7,1,4,263,26,1,1
15189,20050822,6,0,0,41,561,1,1
15190,20050822,1,0,0,320,455,1,1
15191,20060214,7396,1,7392,490,806,2,1
15192,20050822,4,1,1,39,916,1,1
15193,20050822,3,0,0,350,231,2,1
15194,20050822,4,0,0,29,270,2,1
15195,20050822,8,1,4,237,241,1,2
15196,20050822,8,1,2,568,309,2,1
15197,20050822,4,0,0,24,641,1,2
15198,20050822,7,1,3,281,277,1,1
15199,20050822,3,0,0,39,4,1,1
15200,20050822,1,0,0,63,223,2,2
15201,20050822,9,1,6,433,973,2,1
15202,20050822,0,0,0,63,459,2,2
15203,20050822,4,0,0,579,162,2,2
15204,20050822,4,0,0,156,322,1,2
15205,20050822,4,0,0,292,722,1,1
15206,20050822,8,1,5,250,851,2,1
15207,20050822,0,0,0,119,254,1,1
15208,20050822,7,1,2,103,947,1,1
15209,20050822,3,0,0,120,354,1,1
15210,20050822,6,0,0,29,835,1,1
15211,20050822,5,0,0,74,664,2,2
15212,20050822,5,0,0,376,471,2,1
15213,20050822,9,1,5,314,436,1,1
15214,20050822,1,0,0,273,328,2,1
15215,20050822,3,0,0,506,415,1,1
15216,20050822,1,0,0,314,356,2,2
15217,20050822,1,0,0,106,18,2,1
15218,20050822,8,1,5,498,2,2,1
15219,20050822,9,1,4,59,729,2,1
15220,20050822,6,1,1,415,42,2,1
15221,20050822,2,0,0,290,22,1,2
15222,20050822,4,0,0,503,300,2,2
15223,20050822,4,0,0,270,489,1,2
15224,20050822,6,0,0,313,7,1,2
15225,20050822,2,0,0,205,358,2,1
15226,20050822,8,1,5,280,71,2,1
15227,20050822,1,0,0,101,655,1,1
15228,20050822,6,1,2,445,545,1,2
15229,20050822,0,0,0,566,72,1,1
15230,20050822,3,0,0,86,563,1,2
15231,20050822,2,0,0,530,653,1,1
15232,20050822,3,0,0,496,12,1,1
15233,20050822,1,0,0,83,963,1,2
15234,20060214,7396,1,7389,68,201,1,2
15235,20050822,7,1,1,381,598,1,2
15236,20050822,2,0,0,312,896,2,1
15237,20050822,1,0,0,425,980,1,1
15238,20050822,6,0,0,456,89,2,1
15239,20050822,4,0,0,417,392,2,1
15240,20050822,0,0,0,297,438,2,2
15241,20050822,6,0,0,295,182,1,2
15242,20050822,5,0,0,329,457,1,1
15243,20050822,8,1,3,563,963,2,1
15244,20050822,5,0,0,210,326,1,2
15245,20050822,4,1,1,157,558,2,2
15246,20050822,8,1,1,432,829,1,1
15247,20050822,9,1,4,375,999,2,1
15248,20050822,3,0,0,383,218,1,2
15249,20050822,7,1,1,154,24,1,1
15250,20050822,4,0,0,515,470,1,2
15251,20050822,1,0,0,296,434,2,2
15252,20050822,2,0,0,582,395,2,2
15253,20050822,1,0,0,26,900,2,2
15254,20050822,2,0,0,187,823,2,1
15255,20050822,5,1,1,320,748,2,2
15256,20050822,5,1,1,369,408,2,1
15257,20050822,8,1,3,382,203,2,1
15258,20050822,2,0,0,479,172,2,1
15259,20050822,4,0,0,335,717,2,1
15260,20050822,2,0,0,208,689,1,1
15261,20050822,5,0,0,552,476,1,1
15262,20050822,6,0,0,157,556,1,1
15263,20050822,7,1,3,129,40,2,1
15264,20050822,1,0,0,194,974,1,1
15265,20050822,6,1,3,537,382,2,2
15266,20050822,0,0,0,516,408,1,2
15267,20050822,1,0,0,243,650,2,1
15268,20050822,4,1,1,433,275,1,1
15269,20050822,1,0,0,569,115,2,1
15270,20050822,5,1,2,146,896,2,2
15271,20050822,7,1,4,213,920,1,2
15272,20050822,6,1,3,102,363,2,1
15273,20050822,8,1,2,102,560,2,2
15274,20050822,1,0,0,78,771,1,1
15275,20050822,1,0,0,392,333,1,2
15276,20050822,1,0,0,138,987,2,2
15277,20050822,8,1,1,226,387,1,2
15278,20050822,2,0,0,589,536,1,2
15279,20050822,7,1,3,307,242,2,2
15280,20050822,5,1,1,156,759,2,1
15281,20050822,5,1,1,349,870,1,2
15282,20060214,7396,1,7389,283,420,1,1
15283,20050822,9,1,2,21,368,1,1
15284,20050822,6,1,2,437,489,2,2
15285,20050822,2,0,0,149,106,1,1
15286,20050822,6,1,3,56,816,1,2
15287,20050822,6,1,3,76,69,2,1
15288,20050822,4,0,0,528,435,1,1
15289,20050822,8,1,2,357,229,2,1
15290,20050822,9,1,6,294,60,1,2
15291,20050822,3,0,0,147,320,1,1
15292,20050822,6,0,0,295,676,1,2
15293,20060214,7396,1,7389,404,270,2,2
15294,20060214,7396,1,7392,332,13,2,1
15295,20050822,8,1,2,199,467,2,2
15296,20050822,1,0,0,427,596,1,1
15297,20060214,7396,1,7392,508,702,1,2
15298,20050822,6,1,2,298,317,1,1
15299,20050822,0,0,0,8,167,1,2
15300,20050822,3,0,0,384,504,1,2
15301,20050822,4,1,1,345,135,1,2
15302,20050822,1,0,0,5,42,2,2
15303,20050822,8,1,4,503,365,2,1
15304,20050822,5,0,0,564,944,2,2
15305,20050822,4,0,0,188,146,1,2
15306,20050822,4,0,0,588,115,1,1
15307,20050822,6,0,0,489,988,1,2
15308,20050822,4,0,0,30,220,1,1
15309,20050822,2,0,0,274,602,1,2
15310,20050822,1,0,0,421,559,1,2
15311,20050822,9,1,2,4,789,2,2
15312,20050822,2,0,0,374,551,2,2
15313,20050822,1,0,0,26,568,1,2
15314,20060214,7396,1,7392,201,604,2,1
15315,20050822,7,0,0,298,70,1,2
15316,20050822,4,0,0,102,397,2,1
15317,20050822,6,0,0,537,505,2,1
15318,20050822,2,0,0,203,378,1,1
15319,20050822,2,0,0,394,667,1,2
15320,20050822,5,0,0,470,140,2,1
15321,20050822,2,0,0,95,902,1,2
15322,20050822,2,0,0,404,777,1,2
15323,20050822,3,0,0,57,255,1,1
15324,20050822,6,1,2,130,35,1,1
15325,20050822,0,0,0,56,776,1,1
15326,20060214,7396,1,7393,316,730,2,1
15327,20050822,8,1,4,251,228,1,1
15328,20050822,6,1,1,208,992,2,1
15329,20050822,0,0,0,127,414,1,1
15330,20050822,8,1,1,47,150,2,1
15331,20050822,3,0,0,303,31,1,1
15332,20050822,1,0,0,159,739,1,1
15333,20050822,7,0,0,535,400,1,2
15334,20050822,7,1,1,470,849,1,2
15335,20050822,6,1,2,307,349,2,1
15336,20050822,8,1,5,399,109,2,2
15337,20050822,4,0,0,475,63,1,1
15338,20050822,2,0,0,517,112,1,2
15339,20050822,3,0,0,19,362,1,2
15340,20050822,4,0,0,89,797,2,1
15341,20050822,7,1,3,64,737,2,1
15342,20050822,4,0,0,257,724,1,2
15343,20050822,5,1,1,80,568,2,1
15344,20050822,4,1,1,306,778,1,1
15345,20050822,3,0,0,372,763,1,1
15346,20050822,6,1,2,25,772,1,1
15347,20050822,1,0,0,278,823,2,1
15348,20050822,1,0,0,322,842,2,1
15349,20050822,0,0,0,322,882,1,1
15350,20050822,1,0,0,335,259,1,1
15351,20050822,0,0,0,128,717,2,1
15352,20050822,8,1,3,10,4,1,2
15353,20050822,2,0,0,256,760,2,2
15354,20050822,4,0,0,201,915,2,2
15355,20050822,5,0,0,519,762,2,2
15356,20050822,3,0,0,584,984,1,2
15357,20050822,2,0,0,12,159,1,1
15358,20050822,8,1,4,167,179,1,2
15359,20050822,6,0,0,40,983,1,1
15360,20050822,1,0,0,288,424,2,1
15361,20050822,0,0,0,419,308,1,2
15362,20050822,6,0,0,542,229,1,1
15363,20050822,0,0,0,513,505,2,1
15364,20050822,5,0,0,522,911,1,1
15365,20050822,9,1,2,508,743,1,2
15366,20050822,7,1,3,63,319,1,1
15367,20050822,4,0,0,289,35,1,2
15368,20050822,6,1,2,198,250,2,1
15369,20050822,3,0,0,195,194,1,2
15370,20050822,4,0,0,254,13,2,1
15371,20060214,7396,1,7389,395,804,1,2
15372,20050822,0,0,0,341,847,2,1
15373,20050822,1,0,0,551,970,2,2
15374,20050822,8,1,4,364,930,2,1
15375,20050822,1,0,0,446,845,2,2
15376,20050822,5,1,1,503,649,2,1
15377,20050822,6,1,3,36,746,2,1
15378,20050822,7,1,4,588,324,2,1
15379,20050822,8,1,5,425,414,1,1
15380,20050822,6,0,0,152,795,1,1
15381,20050822,1,0,0,88,185,1,2
15382,20050822,1,0,0,438,73,2,2
15383,20050822,5,0,0,20,150,2,1
15384,20050822,1,0,0,176,705,1,2
15385,20050822,3,0,0,405,28,1,2
15386,20050822,6,0,0,508,672,1,1
15387,20050822,6,1,3,326,848,1,2
15388,20050822,9,1,5,485,870,2,2
15389,20050822,6,1,1,234,450,2,1
15390,20050822,8,1,5,36,101,2,1
15391,20050822,6,0,0,324,855,2,2
15392,20050822,9,1,2,74,118,1,2
15393,20050822,4,1,1,60,643,1,2
15394,20050822,2,0,0,512,757,2,2
15395,20050822,7,1,3,550,631,2,1
15396,20050822,5,0,0,342,881,2,2
15397,20050822,2,0,0,412,324,1,1
15398,20050822,5,1,2,467,973,1,2
15399,20050822,3,0,0,186,844,2,2
15400,20050822,5,1,1,244,585,2,1
15401,20050822,9,1,5,370,375,1,1
15402,20050822,7,1,3,479,346,1,2
15403,20050822,0,0,0,333,940,1,2
15404,20050822,7,1,2,90,777,2,2
15405,20050822,3,0,0,174,718,2,1
15406,20050822,5,0,0,170,89,1,1
15407,20060214,7396,1,7392,504,733,1,2
15408,20050822,7,1,3,373,35,2,1
15409,20050822,1,0,0,394,122,1,1
15410,20050822,6,1,1,235,445,2,2
15411,20050822,3,0,0,399,967,1,1
15412,20050822,5,0,0,587,281,1,2
15413,20050822,0,0,0,71,547,2,2
15414,20050822,7,0,0,586,157,2,1
15415,20050822,9,1,6,522,908,1,1
15416,20050822,6,0,0,7,258,2,1
15417,20050822,3,0,0,544,397,1,1
15418,20050822,5,0,0,387,176,1,2
15419,20050822,2,0,0,251,248,2,1
15420,20050822,8,1,2,265,305,2,2
15421,20050822,2,0,0,270,1,1,2
15422,20050822,7,1,1,268,571,2,2
15423,20060214,7396,1,7391,174,388,1,1
15424,20050823,4,0,0,94,757,1,2
15425,20050823,9,1,6,200,120,1,1
15426,20050823,3,0,0,309,723,1,1
15427,20050823,9,1,2,167,609,2,2
15428,20050823,1,0,0,158,957,1,1
15429,20050823,0,0,0,121,162,1,1
15430,20060214,7396,1,7390,422,949,1,1
15431,20050823,8,1,5,132,715,2,2
15432,20050823,4,0,0,197,413,1,1
15433,20050823,3,0,0,369,32,2,1
15434,20050823,3,0,0,518,956,1,2
15435,20050823,3,0,0,191,456,2,2
15436,20050823,5,0,0,408,334,1,1
15437,20050823,7,0,0,256,921,1,2
15438,20050823,3,0,0,443,442,1,1
15439,20050823,4,0,0,202,843,1,1
15440,20050823,1,0,0,148,487,2,1
15441,20060214,7396,1,7392,102,57,2,2
15442,20050823,3,0,0,504,319,1,1
15443,20050823,9,1,5,489,162,2,2
15444,20050823,6,1,3,243,214,2,2
15445,20050823,4,0,0,212,44,1,1
15446,20050823,3,0,0,186,112,1,2
15447,20050823,6,1,3,19,891,2,2
15448,20050823,2,0,0,138,638,1,1
15449,20050823,5,1,2,399,625,2,1
15450,20050823,1,0,0,11,245,1,2
15451,20050823,0,0,0,131,51,2,2
15452,20050823,4,0,0,339,157,2,1
15453,20050823,7,1,1,9,1,1,1
15454,20060214,7396,1,7392,535,647,1,2
15455,20050823,3,0,0,228,870,1,1
15456,20050823,1,0,0,146,535,1,2
15457,20050823,3,0,0,317,991,1,1
15458,20060214,7396,1,7390,28,5,2,2
15459,20050823,1,0,0,442,447,1,1
15460,20050823,5,0,0,383,638,2,2
15461,20050823,6,1,2,370,991,2,1
15462,20050823,6,1,3,87,720,1,1
15463,20050823,6,1,1,449,190,2,1
15464,20050823,6,1,2,572,710,1,2
15465,20050823,5,0,0,590,79,2,2
15466,20050823,6,0,0,143,123,2,1
15467,20050823,6,1,3,370,799,1,2
15468,20050823,5,0,0,384,532,2,2
15469,20050823,4,0,0,392,421,2,1
15470,20050823,9,1,2,381,660,2,1
15471,20050823,8,1,1,498,569,1,1
15472,20050823,2,0,0,386,936,1,1
15473,20050823,2,0,0,200,78,2,1
15474,20050823,0,0,0,394,662,1,2
15475,20050823,0,0,0,376,983,1,2
15476,20050823,3,0,0,353,543,1,2
15477,20050823,5,1,1,535,525,2,1
15478,20050823,4,0,0,192,996,1,2
15479,20050823,5,0,0,549,911,1,1
15480,20050823,3,0,0,497,726,2,2
15481,20050823,4,0,0,319,718,2,1
15482,20050823,1,0,0,568,856,1,2
15483,20050823,3,0,0,23,651,1,1
15484,20050823,1,0,0,44,139,2,1
15485,20050823,5,0,0,166,63,1,2
15486,20050823,6,1,3,230,363,2,2
15487,20050823,2,0,0,481,578,2,1
15488,20050823,6,1,2,300,989,2,2
15489,20050823,2,0,0,296,167,1,1
15490,20050823,7,1,2,519,856,1,1
15491,20050823,0,0,0,212,447,1,2
15492,20050823,3,0,0,590,286,2,2
15493,20050823,2,0,0,563,771,2,1
15494,20050823,3,0,0,34,650,2,1
15495,20050823,6,1,2,306,939,2,2
15496,20050823,8,1,3,569,406,2,2
15497,20060214,7396,1,7391,16,79,2,1
15498,20050823,0,0,0,472,347,1,1
15499,20050823,0,0,0,335,137,2,1
15500,20050823,4,0,0,56,196,1,1
15501,20050823,2,0,0,94,976,2,1
15502,20050823,7,1,2,353,707,2,2
15503,20050823,4,0,0,331,986,2,2
15504,20050823,9,1,6,264,429,1,2
15505,20050823,3,0,0,140,253,1,2
15506,20050823,5,0,0,598,416,2,1
15507,20050823,3,0,0,424,688,2,1
15508,20050823,5,1,2,479,879,1,1
15509,20050823,8,1,5,565,285,2,2
15510,20050823,8,1,4,187,711,2,2
15511,20050823,8,1,3,595,732,1,2
15512,20050823,1,0,0,385,945,1,2
15513,20050823,1,0,0,303,827,2,2
15514,20050823,0,0,0,509,620,1,1
15515,20050823,2,0,0,37,859,1,2
15516,20050823,7,1,1,529,49,2,1
15517,20050823,2,0,0,530,480,2,2
15518,20050823,0,0,0,74,771,2,1
15519,20050823,2,0,0,60,118,2,1
15520,20050823,8,1,5,283,389,2,1
15521,20050823,5,1,2,19,26,2,1
15522,20050823,6,0,0,191,524,1,2
15523,20050823,3,0,0,468,563,1,2
15524,20050823,3,0,0,229,633,2,2
15525,20050823,2,0,0,236,768,1,2
15526,20050823,7,0,0,67,635,2,1
15527,20050823,1,0,0,437,18,1,1
15528,20050823,1,0,0,166,665,2,1
15529,20050823,0,0,0,466,875,1,1
15530,20050823,5,0,0,192,32,2,2
15531,20050823,2,0,0,289,526,2,1
15532,20060214,7396,1,7392,310,236,2,1
15533,20050823,3,0,0,554,412,2,2
15534,20050823,0,0,0,108,119,1,1
15535,20050823,2,0,0,442,517,2,2
15536,20050823,7,1,4,532,872,2,2
15537,20050823,0,0,0,360,649,1,2
15538,20050823,5,1,2,90,919,1,1
15539,20050823,2,0,0,331,625,2,1
15540,20050823,8,1,4,83,369,2,1
15541,20050823,6,1,3,425,606,2,1
15542,20060214,7396,1,7391,580,4,2,1
15543,20050823,9,1,4,422,840,1,2
15544,20050823,8,1,3,495,417,1,2
15545,20050823,6,1,3,357,184,2,1
15546,20050823,9,1,5,382,452,2,2
15547,20050823,2,0,0,3,326,2,1
15548,20050823,4,0,0,27,511,2,1
15549,20050823,9,1,3,232,81,1,1
15550,20050823,5,0,0,347,302,2,1
15551,20050823,3,0,0,388,781,2,1
15552,20050823,9,1,3,32,948,1,2
15553,20050823,2,0,0,377,362,1,2
15554,20050823,6,1,1,374,44,2,1
15555,20050823,0,0,0,309,408,1,1
15556,20050823,8,1,3,332,805,2,2
15557,20050823,6,0,0,154,795,1,2
15558,20050823,8,1,1,362,139,1,1
15559,20050823,7,1,1,492,385,1,2
15560,20050823,9,1,3,16,790,1,1
15561,20050823,8,1,4,481,13,2,1
15562,20050823,4,0,0,549,921,2,1
15563,20050823,0,0,0,249,37,1,1
15564,20050823,6,0,0,340,281,2,1
15565,20050823,7,1,2,111,15,1,2
15566,20050823,9,1,6,304,946,2,2
15567,20050823,1,0,0,280,551,1,2
15568,20050823,4,0,0,540,220,1,2
15569,20050823,7,1,2,89,239,1,2
15570,20050823,8,1,5,312,873,2,2
15571,20050823,5,0,0,311,157,2,2
15572,20050823,3,0,0,248,618,2,2
15573,20050823,4,0,0,559,688,2,2
15574,20050823,8,1,2,48,716,1,2
15575,20050823,3,0,0,1,855,1,2
15576,20050823,2,0,0,98,716,2,1
15577,20060214,7396,1,7389,299,118,1,2
15578,20050823,3,0,0,117,621,1,1
15579,20050823,6,1,2,513,869,1,1
15580,20050823,8,1,1,260,165,1,2
15581,20050823,4,1,1,452,873,1,1
15582,20050823,2,0,0,180,927,1,2
15583,20050823,2,0,0,66,937,1,1
15584,20050823,3,0,0,245,772,1,1
15585,20050823,1,0,0,526,262,2,2
15586,20050823,7,0,0,425,709,2,1
15587,20050823,6,1,3,269,551,2,1
15588,20050823,6,0,0,302,393,1,2
15589,20050823,7,1,4,351,519,2,2
15590,20050823,9,1,4,118,881,2,2
15591,20050823,1,0,0,572,12,2,1
15593,20050823,4,1,1,243,816,2,2
15594,20050823,9,1,6,448,919,1,2
15595,20050823,7,1,1,275,880,2,1
15596,20050823,1,0,0,199,840,1,1
15597,20050823,4,0,0,556,831,1,2
15598,20050823,8,1,3,486,614,1,1
15599,20050823,5,0,0,370,995,1,1
15600,20050823,5,1,1,581,489,1,1
15601,20050823,0,0,0,261,795,1,1
15602,20050823,1,0,0,313,313,1,1
15603,20050823,5,0,0,565,562,1,1
15604,20050823,6,0,0,252,871,1,1
15605,20050823,4,1,1,59,692,2,1
15606,20050823,4,0,0,260,393,1,2
15607,20050823,2,0,0,126,895,2,2
15608,20050823,5,1,1,345,641,2,1
15609,20050823,8,1,1,355,377,1,1
15610,20050823,1,0,0,66,450,2,2
15611,20050823,1,0,0,363,374,1,1
15612,20050823,9,1,6,544,738,2,2
15613,20050823,8,1,5,399,69,1,2
15614,20050823,9,1,2,231,270,1,1
15615,20050823,7,0,0,165,200,1,2
15616,20050823,6,1,2,456,647,1,1
15617,20050823,3,0,0,104,890,2,2
15618,20050823,5,1,2,203,414,2,1
15619,20050823,3,0,0,173,540,1,2
15620,20050823,4,1,1,416,260,2,2
15621,20050823,6,1,1,236,839,2,1
15622,20050823,8,1,4,117,733,2,2
15623,20050823,7,0,0,272,658,2,1
15624,20050823,6,0,0,524,88,2,2
15625,20050823,4,1,1,175,913,2,2
15626,20050823,5,0,0,198,139,1,1
15627,20050823,7,1,3,582,301,1,2
15628,20050823,2,0,0,483,297,2,1
15629,20050823,5,0,0,367,814,2,2
15630,20050823,7,1,1,401,785,1,2
15631,20050823,0,0,0,130,536,2,1
15632,20050823,1,0,0,203,646,1,2
15633,20050823,2,0,0,542,194,1,2
15634,20050823,1,0,0,493,553,2,2
15635,20050823,4,1,1,356,728,1,1
15636,20050823,3,0,0,419,259,1,2
15637,20050823,5,0,0,510,99,1,2
15638,20050823,7,1,3,424,737,2,2
15639,20050823,1,0,0,576,9,1,2
15640,20050823,0,0,0,146,767,2,1
15641,20050823,1,0,0,279,687,2,1
15642,20050823,4,0,0,441,576,2,1
15643,20050823,1,0,0,157,21,1,2
15644,20060214,7396,1,7391,163,689,2,2
15645,20060214,7396,1,7391,576,841,1,2
15646,20050823,5,0,0,166,707,1,1
15647,20050823,3,0,0,168,445,2,1
15648,20050823,7,1,4,368,879,2,2
15649,20050823,6,1,1,203,91,2,1
15650,20050823,1,0,0,340,534,2,2
15651,20050823,2,0,0,328,745,1,1
15652,20050823,7,0,0,321,970,2,1
15653,20050823,8,1,3,267,600,2,1
15654,20050823,6,0,0,465,951,1,2
15655,20060214,7396,1,7391,9,131,2,1
15656,20050823,0,0,0,27,922,1,2
15657,20050823,9,1,2,253,413,1,1
15658,20050823,1,0,0,351,779,2,1
15659,20050823,4,0,0,527,999,2,2
15660,20050823,4,0,0,397,708,1,2
15661,20050823,6,1,3,442,350,1,2
15662,20050823,0,0,0,382,665,1,1
15663,20050823,5,0,0,570,724,2,1
15664,20050823,8,1,2,453,442,1,2
15665,20050823,1,0,0,447,760,2,2
15666,20050823,8,1,3,499,747,1,2
15667,20050823,0,0,0,491,287,2,1
15668,20050823,5,0,0,348,428,1,2
15669,20050823,6,0,0,27,337,2,2
15670,20050823,7,1,2,90,621,2,2
15671,20050823,6,0,0,564,813,2,1
15672,20050823,3,0,0,593,153,1,1
15673,20050823,6,1,2,358,680,2,2
15674,20050823,9,1,3,106,979,2,1
15675,20050823,7,1,1,479,902,1,2
15676,20050823,6,0,0,340,847,2,2
15677,20050823,3,0,0,467,445,2,1
15678,20050823,4,0,0,185,296,1,2
15679,20050823,4,0,0,370,646,2,1
15680,20050823,8,1,4,108,301,2,2
15681,20050823,3,0,0,487,618,2,1
15682,20050823,7,1,1,206,725,1,1
15683,20050823,7,0,0,96,829,2,2
15684,20050823,5,0,0,499,866,2,1
15685,20050823,7,1,1,150,81,1,1
15686,20050823,6,1,3,43,444,1,1
15687,20050823,8,1,3,564,61,2,1
15688,20050823,7,1,4,524,625,1,2
15689,20050823,6,0,0,200,56,1,1
15690,20050823,6,0,0,223,456,2,1
15691,20050823,4,0,0,523,172,1,1
15692,20050823,0,0,0,302,403,1,1
15693,20050823,1,0,0,395,164,1,1
15694,20050823,7,1,4,248,662,2,2
15695,20060214,7396,1,7389,216,648,1,1
15696,20050823,1,0,0,130,622,2,2
15697,20050823,0,0,0,419,433,1,2
15698,20050823,4,0,0,484,975,2,2
15699,20050823,7,1,1,417,902,1,1
15700,20050823,1,0,0,92,645,1,1
15701,20050823,1,0,0,67,646,1,1
15702,20050823,6,1,3,164,350,2,2
15703,20050823,8,1,3,11,632,1,2
15704,20050823,6,1,2,393,162,1,2
15705,20050823,6,0,0,227,207,1,2
15706,20050823,0,0,0,502,980,1,2
15707,20050823,4,1,1,64,796,2,1
15708,20050823,4,0,0,443,430,2,1
15709,20050823,4,0,0,43,77,1,2
15710,20060214,7396,1,7392,219,228,2,1
15711,20050823,6,0,0,180,172,2,1
15712,20050823,6,0,0,453,410,1,2
15713,20050823,5,1,1,468,74,2,2
15714,20060214,7396,1,7389,164,451,2,1
15715,20050823,5,1,1,505,834,2,1
15716,20050823,5,1,1,483,617,1,1
15717,20060214,7396,1,7389,184,200,2,2
15718,20050823,5,0,0,578,471,1,1
15719,20050823,1,0,0,118,869,2,1
15720,20050823,7,0,0,460,546,2,1
15721,20050823,4,0,0,128,150,1,1
15722,20050823,9,1,5,176,616,2,2
15723,20050823,8,1,4,562,854,2,2
15724,20050823,5,0,0,263,229,2,2
15725,20050823,3,0,0,118,83,2,1
15726,20050823,4,0,0,302,201,1,2
15727,20050823,0,0,0,381,471,2,2
15728,20050823,4,0,0,326,562,2,2
15729,20060214,7396,1,7390,306,592,2,2
15730,20050823,7,1,4,303,210,2,2
15731,20050823,0,0,0,560,746,2,2
15732,20050823,3,0,0,201,715,1,2
15733,20050823,5,0,0,537,911,2,1
15734,20050823,3,0,0,117,862,1,1
15735,20060214,7396,1,7390,436,696,1,1
15736,20050823,7,1,3,449,930,1,1
15737,20050823,5,1,1,472,222,2,1
15738,20050823,7,1,3,348,121,1,1
15739,20050823,6,1,2,56,59,1,2
15740,20050823,1,0,0,38,20,1,2
15741,20050823,0,0,0,54,922,2,2
15742,20050823,7,1,4,523,295,2,2
15743,20050823,2,0,0,498,355,2,1
15744,20050823,8,1,2,213,514,2,1
15745,20060214,7396,1,7391,163,600,2,1
15746,20050823,2,0,0,53,484,2,2
15747,20050823,7,1,1,8,331,1,2
15748,20050823,2,0,0,419,605,2,2
15749,20050823,0,0,0,327,918,2,1
15750,20050823,1,0,0,110,977,2,2
15751,20050823,5,0,0,587,152,1,2
15752,20050823,9,1,5,429,458,1,1
15753,20050823,8,1,4,33,757,1,2
15754,20050823,4,1,1,227,501,1,2
15755,20050823,2,0,0,152,113,2,1
15756,20050823,4,0,0,564,193,2,2
15757,20050823,6,0,0,227,288,2,1
15758,20050823,5,0,0,443,31,2,2
15759,20050823,8,1,5,70,295,2,2
15760,20050823,6,1,2,341,670,1,2
15761,20050823,3,0,0,381,951,2,1
15762,20050823,3,0,0,453,197,1,1
15763,20050823,1,0,0,561,25,1,2
15764,20050823,2,0,0,364,645,1,1
15765,20050823,7,1,1,483,276,1,1
15766,20050823,6,1,3,75,434,2,1
15767,20050823,4,0,0,121,765,1,2
15768,20050823,6,0,0,103,143,1,2
15769,20050823,5,1,1,578,522,2,1
15770,20050823,5,1,1,581,311,2,1
15771,20050823,2,0,0,146,803,1,1
15772,20050823,2,0,0,190,946,2,2
15773,20050823,8,1,1,73,355,2,2
15774,20050823,4,0,0,55,282,1,2
15775,20050823,9,1,6,23,464,1,1
15776,20050823,6,1,3,131,9,1,1
15777,20050823,4,0,0,48,922,1,2
15778,20060214,7396,1,7390,308,281,2,1
15779,20050823,4,0,0,209,342,1,2
15780,20060214,7396,1,7389,134,639,2,2
15781,20050823,7,1,3,201,972,2,1
15782,20050823,7,1,4,477,723,1,1
15783,20050823,2,0,0,323,88,2,2
15784,20050823,6,1,3,343,25,1,2
15785,20050823,3,0,0,349,382,1,2
15786,20050823,4,0,0,396,688,2,1
15787,20050823,4,0,0,236,644,2,1
15788,20050823,2,0,0,573,3,2,1
15789,20050823,4,1,1,451,269,2,1
15790,20050823,6,0,0,149,634,2,2
15791,20050823,8,1,5,13,901,1,2
15792,20050823,4,0,0,333,469,2,1
15793,20050823,1,0,0,351,627,2,2
15794,20060214,7396,1,7389,261,855,1,2
15795,20050823,1,0,0,457,953,1,2
15796,20050823,5,1,1,561,312,2,2
15797,20050823,1,0,0,302,111,2,2
15798,20050823,7,1,2,242,833,1,2
15799,20050823,1,0,0,66,554,1,2
15800,20050823,6,1,2,163,215,1,2
15801,20050823,5,1,1,93,349,1,1
15802,20050823,6,1,3,561,9,1,2
15803,20050823,4,1,1,524,111,2,2
15804,20050823,2,0,0,17,734,1,1
15805,20050823,2,0,0,364,985,1,2
15806,20050823,4,1,1,314,589,2,2
15807,20050823,6,0,0,451,594,1,2
15808,20050823,4,1,1,233,363,1,2
15809,20050823,4,0,0,35,410,2,2
15810,20050823,2,0,0,315,475,2,1
15811,20050823,4,1,1,216,764,1,1
15812,20050823,8,1,5,77,973,2,2
15813,20060214,7396,1,7390,379,219,1,1
15814,20050823,4,0,0,257,951,1,2
15815,20050823,0,0,0,154,71,2,1
15816,20050823,4,1,1,206,791,2,1
15817,20050823,2,0,0,494,130,2,1
15818,20050823,3,0,0,267,574,2,2
15819,20050823,8,1,3,208,794,2,2
15820,20050823,2,0,0,563,993,2,1
15821,20050823,1,0,0,149,374,1,2
15822,20050823,0,0,0,207,787,1,1
15823,20050823,1,0,0,313,668,2,2
15824,20050823,5,0,0,396,644,2,2
15825,20050823,5,0,0,442,31,1,2
15826,20050823,8,1,5,439,48,2,2
15827,20050823,0,0,0,442,377,2,2
15828,20050823,5,0,0,508,95,1,1
15829,20050823,3,0,0,495,958,2,1
15830,20050823,2,0,0,325,69,2,2
15831,20050823,1,0,0,286,687,1,2
15832,20050823,6,1,3,547,321,1,2
15833,20050823,7,1,1,402,174,2,1
15834,20050823,9,1,3,93,49,1,1
15835,20050823,9,1,4,415,300,2,2
15836,20050823,2,0,0,191,58,2,2
15837,20050823,4,0,0,100,958,2,1
15838,20050823,7,1,1,261,474,2,2
15839,20050823,7,1,1,555,814,2,2
15840,20050823,1,0,0,211,414,1,1
15841,20050823,7,1,2,418,628,1,2
15842,20050823,6,1,1,575,403,1,2
15843,20050823,5,0,0,66,132,2,2
15844,20050823,2,0,0,153,441,1,1
15845,20050823,1,0,0,15,939,2,1
15846,20050823,3,0,0,50,793,1,2
15847,20050823,0,0,0,283,496,1,1
15848,20050823,2,0,0,224,463,1,2
15849,20050823,4,1,1,324,889,1,2
15850,20050823,4,0,0,424,127,2,1
15851,20050823,6,1,2,481,494,2,1
15852,20050823,2,0,0,552,329,2,1
15853,20050823,1,0,0,245,50,2,2
15854,20050823,3,0,0,79,360,1,1
15855,20050823,6,1,2,196,555,2,1
15856,20050823,1,0,0,484,741,1,1
15857,20050823,2,0,0,327,599,2,2
15858,20050823,2,0,0,313,986,1,2
15859,20050823,4,0,0,347,929,1,1
15860,20050823,4,1,1,22,567,1,1
15861,20050823,8,1,3,355,406,1,2
15862,20060214,7396,1,7393,66,205,1,1
15863,20050823,4,0,0,241,610,2,2
15864,20050823,6,1,3,355,662,1,2
15865,20050823,2,0,0,324,442,1,2
15866,20050823,7,1,2,218,838,2,2
15867,20060214,7396,1,7392,408,183,2,2
15868,20050823,5,1,2,317,472,2,2
15869,20050823,3,0,0,461,296,1,1
15870,20050823,5,1,2,168,129,1,2
15871,20050823,8,1,4,311,93,2,2
15872,20050823,7,1,3,548,744,2,1
15873,20050823,2,0,0,497,993,1,2
15874,20050823,5,1,2,463,135,1,1
15875,20060214,7396,1,7389,22,789,1,1
15876,20050823,1,0,0,137,378,1,1
15877,20050823,2,0,0,148,501,2,2
15878,20050823,4,0,0,519,349,1,2
15879,20050823,5,0,0,324,53,1,2
15880,20050823,7,1,1,6,556,2,2
15881,20050823,5,1,1,7,134,2,1
15882,20050823,8,1,3,459,441,1,2
15883,20050823,1,0,0,132,613,1,1
15884,20050823,4,1,1,313,488,1,1
15885,20050823,6,1,2,390,458,2,1
15886,20050823,2,0,0,64,666,2,2
15887,20050823,2,0,0,172,927,1,2
15888,20050823,7,0,0,358,648,1,1
15889,20050823,4,0,0,360,172,2,1
15890,20050823,0,0,0,137,791,2,1
15891,20050823,8,1,3,478,468,1,1
15892,20050823,4,0,0,583,301,1,1
15893,20050823,6,0,0,599,563,1,2
15894,20060214,7396,1,7393,96,966,1,1
15895,20050823,7,1,3,44,491,2,1
15896,20050823,7,1,3,17,116,2,2
15897,20050823,7,1,2,189,361,1,1
15898,20050823,5,0,0,473,767,1,2
15899,20050823,6,1,2,174,843,1,2
15900,20050823,4,1,1,376,247,1,1
15901,20050823,6,1,3,386,606,2,2
15902,20050823,7,1,3,510,982,2,1
15903,20050823,5,1,2,103,285,1,1
15904,20050823,1,0,0,107,39,2,2
15905,20050823,3,0,0,213,792,2,2
15906,20050823,4,0,0,13,709,2,2
15907,20050823,2,0,0,574,637,2,1
15908,20050823,8,1,2,220,535,1,1
15909,20050823,3,0,0,531,89,2,1
15910,20050823,1,0,0,460,57,1,2
15911,20050823,9,1,2,331,660,1,1
15912,20050823,7,1,1,38,677,1,2
15913,20050823,8,1,1,130,850,2,2
15914,20050823,0,0,0,312,163,2,1
15915,20050823,1,0,0,192,779,2,2
15916,20050823,8,1,5,508,1000,2,2
15917,20050823,6,1,3,145,453,2,1
15918,20050823,4,0,0,146,319,2,2
15919,20050823,0,0,0,542,379,2,1
15920,20050823,3,0,0,548,55,1,1
15921,20050823,7,1,4,406,50,1,2
15922,20050823,9,1,5,404,370,2,1
15923,20050823,2,0,0,578,369,1,2
15924,20050823,3,0,0,270,247,1,2
15925,20050823,2,0,0,194,745,1,2
15926,20050823,1,0,0,101,483,1,2
15927,20050823,0,0,0,286,535,1,1
15928,20050823,9,1,5,490,452,2,2
15929,20050823,3,0,0,541,397,2,1
15930,20050823,7,1,2,186,39,2,1
15931,20050823,5,1,1,475,250,2,1
15932,20050823,0,0,0,20,994,1,2
15933,20050823,2,0,0,4,765,1,2
15934,20050823,1,0,0,39,222,1,2
15935,20050823,2,0,0,70,201,1,1
15936,20050823,2,0,0,239,285,2,1
15937,20050823,1,0,0,276,632,1,1
15938,20050823,7,1,1,361,633,2,2
15939,20050823,8,1,4,567,705,1,2
15940,20050823,6,1,2,505,351,1,2
15941,20050823,7,1,4,112,938,1,1
15942,20050823,8,1,3,593,244,1,2
15943,20050823,4,0,0,452,154,2,1
15944,20050823,1,0,0,494,995,1,2
15945,20050823,4,0,0,163,793,1,1
15946,20050823,5,0,0,559,993,1,1
15947,20050823,1,0,0,401,409,1,2
15948,20050823,7,1,2,590,95,2,2
15949,20050823,2,0,0,525,266,2,2
15950,20050823,7,1,2,374,302,2,2
15951,20050823,5,0,0,233,663,1,1
15952,20050823,4,0,0,205,290,1,1
15953,20050823,5,1,1,65,815,1,1
15954,20050823,1,0,0,135,125,2,1
15955,20050823,8,1,1,402,486,1,1
15956,20050823,2,0,0,58,606,2,2
15957,20050823,7,1,2,143,15,2,1
15958,20050823,6,0,0,207,905,1,1
15959,20050823,0,0,0,359,119,2,1
15960,20050823,2,0,0,35,328,2,2
15961,20050823,7,1,4,523,872,2,1
15962,20050823,2,0,0,441,764,2,1
15963,20050823,2,0,0,151,836,1,1
15964,20050823,3,0,0,274,56,2,2
15965,20050823,1,0,0,193,756,2,2
15966,20060214,7396,1,7393,63,977,2,1
15967,20050823,5,0,0,352,72,1,1
15968,20050823,0,0,0,352,786,2,1
15969,20050823,8,1,3,508,392,1,1
15970,20050823,0,0,0,484,985,1,1
15971,20050823,9,1,4,530,758,2,1
15972,20050823,6,0,0,385,968,1,1
15973,20050823,9,1,3,337,608,1,2
15974,20050823,3,0,0,172,771,1,2
15975,20050823,3,0,0,583,597,2,1
15976,20050823,1,0,0,170,183,1,2
15977,20050823,9,1,2,132,231,1,2
15978,20050823,7,1,3,476,971,1,2
15979,20050823,2,0,0,476,816,1,1
15980,20050823,0,0,0,169,738,2,2
15981,20050823,7,1,2,292,628,2,1
15982,20050823,9,1,5,198,641,2,2
15983,20050823,6,1,3,79,730,1,1
15984,20050823,3,0,0,81,437,2,1
15985,20050823,3,0,0,435,580,1,1
15986,20050823,6,0,0,386,761,2,1
15987,20050823,8,1,2,117,691,2,2
15988,20050823,5,1,2,554,857,2,1
15989,20050823,3,0,0,545,8,2,1
15990,20050823,1,0,0,537,710,1,2
15991,20050823,4,0,0,242,450,2,2
15992,20050823,1,0,0,145,733,2,1
15993,20050823,3,0,0,238,357,2,2
15994,20050823,4,0,0,98,97,1,2
15995,20050823,6,0,0,255,249,1,1
15996,20050823,6,1,2,101,681,1,1
15997,20050823,2,0,0,444,624,1,1
15998,20050823,3,0,0,526,272,1,1
15999,20050823,7,1,4,255,567,1,2
16000,20050823,1,0,0,393,63,2,1
16001,20050823,3,0,0,332,55,1,1
16002,20050823,4,0,0,491,608,2,1
16003,20050823,8,1,4,497,748,1,1
16004,20050823,7,1,3,303,481,1,2
16005,20050823,9,1,2,86,719,1,1
16006,20050823,1,0,0,82,54,2,1
16007,20050823,7,1,3,54,710,1,2
16008,20050823,8,1,1,73,721,1,1
16009,20050823,5,1,1,344,670,2,2
16010,20050823,1,0,0,23,557,1,1
16011,20050823,7,1,4,87,243,2,1
16012,20050823,7,1,3,368,528,1,2
16013,20050823,2,0,0,452,122,1,1
16014,20050823,7,1,4,586,730,2,2
16015,20050823,0,0,0,485,683,2,2
16016,20050823,4,0,0,98,740,2,2
16017,20050823,1,0,0,76,143,2,1
16018,20050823,6,0,0,267,200,1,1
16019,20050823,4,0,0,514,680,1,2
16020,20050823,8,1,3,439,61,2,1
16021,20050823,7,0,0,61,672,1,1
16022,20050823,4,1,1,562,643,2,1
16023,20050823,0,0,0,516,511,1,1
16024,20050823,3,0,0,244,639,2,1
16025,20050823,1,0,0,104,385,2,2
16026,20050823,3,0,0,126,103,1,1
16027,20050823,6,1,2,441,376,1,2
16028,20050823,6,1,2,153,553,2,2
16029,20050823,6,0,0,515,212,2,1
16030,20050823,7,1,4,360,904,1,2
16031,20050823,5,1,2,262,402,1,1
16032,20050823,8,1,4,444,555,1,2
16033,20050823,8,1,2,386,166,1,2
16034,20050823,5,1,2,230,142,1,1
16035,20050823,4,0,0,107,119,2,1
16036,20050823,1,0,0,343,302,1,2
16037,20050823,8,1,2,77,75,2,2
16038,20050823,6,0,0,510,573,1,1
16039,20050823,7,1,1,222,119,1,2
16040,20050823,9,1,6,171,771,2,2
16041,20050823,1,0,0,195,895,1,2
16042,20050823,0,0,0,527,137,2,1
16043,20050823,7,1,4,550,846,1,2
16044,20050823,1,0,0,191,290,1,1
16045,20050823,2,0,0,551,168,1,1
16046,20050823,3,0,0,56,951,2,2
16047,20050823,1,0,0,166,452,2,2
16048,20050823,7,1,3,370,439,1,1
16049,20050823,6,1,2,437,585,2,2
