payment_id,rental_id,amount,date_key,customer_key,staff_key,store_key
1,76,2.99,20050525,298,1,1
2,573,0.99,20050528,298,1,1
3,1185,5.99,20050615,298,1,1
6,1725,4.99,20050616,298,1,1
7,2308,4.99,20050618,298,1,1
9,3284,3.99,20050621,298,1,1
11,4611,5.99,20050708,298,1,1
12,5244,4.99,20050709,298,1,1
13,5326,4.99,20050709,298,1,1
14,6163,7.99,20050711,298,1,1
16,7841,4.99,20050728,298,1,1
18,8074,0.99,20050728,298,1,1
24,11367,0.99,20050802,298,1,1
26,12250,0.99,20050818,298,1,1
29,14762,0.99,20050821,298,1,1
30,14825,1.99,20050822,298,1,1
32,15315,5.99,20050822,298,1,1
33,320,4.99,20050527,574,1,1
34,2128,2.99,20050617,574,1,1
35,5636,2.99,20050710,574,1,1
36,5755,6.99,20050710,574,1,1
38,7376,5.99,20050727,574,1,1
41,8598,2.99,20050729,574,1,1
43,9031,4.99,20050730,574,1,1
48,10136,2.99,20050731,574,1,1
49,10466,0.99,20050801,574,1,1
50,10918,0.99,20050802,574,1,1
51,11087,5.99,20050802,574,1,1
52,11177,6.99,20050802,574,1,1
54,11614,2.99,20050817,574,1,1
55,12963,2.99,20050819,574,1,1
56,14475,4.99,20050821,574,1,1
60,435,1.99,20050527,173,1,1
61,830,2.99,20050529,173,1,1
62,1546,8.99,20050616,173,1,1
63,1726,6.99,20050616,173,1,1
65,2628,2.99,20050619,173,1,1
66,4180,4.99,20050707,173,1,1
67,4725,4.99,20050708,173,1,1
68,7096,5.99,20050727,173,1,1
72,7911,4.99,20050728,173,1,1
74,8545,2.99,20050729,173,1,1
75,9226,1.99,20050730,173,1,1
77,9595,2.99,20050731,173,1,1
81,13403,8.99,20050819,173,1,1
85,15619,2.99,20050823,173,1,1
86,1297,4.99,20050615,356,1,1
87,1633,0.99,20050616,356,1,1
91,2642,5.99,20050619,356,1,1
92,7660,2.99,20050728,356,1,1
94,8741,3.99,20050729,356,1,1
95,9100,5.99,20050730,356,1,1
96,9371,5.99,20050730,356,1,1
98,11110,2.99,20050802,356,1,1
100,12151,2.99,20050818,356,1,1
103,13704,2.99,20050820,356,1,1
104,13807,6.99,20050820,356,1,1
106,15147,2.99,20050822,356,1,1
108,731,0.99,20050529,496,1,1
109,1085,6.99,20050531,496,1,1
110,1142,1.99,20050531,496,1,1
111,1502,3.99,20050615,496,1,1
118,5016,4.99,20050709,496,1,1
122,6042,8.99,20050711,496,1,1
123,6663,3.99,20050712,496,1,1
128,8263,2.99,20050729,496,1,1
129,8978,1.99,20050730,496,1,1
130,9493,4.99,20050730,496,1,1
131,9888,3.99,20050731,496,1,1
133,10625,0.99,20050801,496,1,1
135,11179,4.99,20050802,496,1,1
137,12145,9.99,20050818,496,1,1
138,12797,2.99,20050819,496,1,1
139,13063,1.99,20050819,496,1,1
142,14430,6.99,20050821,496,1,1
147,577,2.99,20050528,565,1,1
149,1575,3.99,20050616,565,1,1
151,1966,0.99,20050617,565,1,1
152,2345,0.99,20050618,565,1,1
155,5553,0.99,20050710,565,1,1
157,6248,7.99,20050711,565,1,1
161,8101,0.99,20050728,565,1,1
162,10271,2.99,20050801,565,1,1
163,11023,2.99,20050802,565,1,1
164,11398,3.99,20050802,565,1,1
165,11591,6.99,20050817,565,1,1
166,11727,0.99,20050817,565,1,1
167,11853,0.99,20050817,565,1,1
170,14329,7.99,20050821,565,1,1
171,14377,4.99,20050821,565,1,1
172,15509,5.99,20050823,565,1,1
177,975,4.99,20050530,597,1,1
178,1063,5.99,20050531,597,1,1
180,2250,2.99,20050618,597,1,1
181,2709,0.99,20050619,597,1,1
182,2888,4.99,20050620,597,1,1
183,3007,0.99,20050620,597,1,1
187,4856,4.99,20050708,597,1,1
188,5441,8.99,20050709,597,1,1
189,5921,7.99,20050710,597,1,1
190,6174,1.99,20050711,597,1,1
191,6295,2.99,20050711,597,1,1
196,10423,5.99,20050801,597,1,1
197,10514,4.99,20050801,597,1,1
201,12367,8.99,20050818,597,1,1
202,12730,2.99,20050818,597,1,1
204,13476,2.99,20050820,597,1,1
205,13594,0.99,20050820,597,1,1
206,14222,5.99,20050821,597,1,1
209,2095,5.99,20050617,364,1,1
211,3475,5.99,20050705,364,1,1
212,4003,0.99,20050707,364,1,1
215,4503,3.99,20050708,364,1,1
216,5300,2.99,20050709,364,1,1
218,6375,4.99,20050711,364,1,1
219,6647,0.99,20050712,364,1,1
220,8809,1.99,20050729,364,1,1
224,11232,9.99,20050802,364,1,1
226,12613,2.99,20050818,364,1,1
227,14114,0.99,20050821,364,1,1
228,15374,7.99,20050822,364,1,1
229,15764,2.99,20050823,364,1,1
230,15805,4.99,20050823,364,1,1
236,4454,2.99,20050707,379,1,1
238,4796,1.99,20050708,379,1,1
239,5659,2.99,20050710,379,1,1
241,6165,5.99,20050711,379,1,1
243,7801,2.99,20050728,379,1,1
244,9043,4.99,20050730,379,1,1
245,10451,0.99,20050801,379,1,1
246,10454,4.99,20050801,379,1,1
248,11556,0.99,20050817,379,1,1
249,12228,2.99,20050818,379,1,1
250,12309,2.99,20050818,379,1,1
253,15813,4.99,20060214,379,1,1
255,1801,4.99,20050616,254,1,1
256,1995,4.99,20050617,254,1,1
258,2814,0.99,20050619,254,1,1
259,2865,0.99,20050620,254,1,1
262,4255,1.99,20050707,254,1,1
263,5038,7.99,20050709,254,1,1
265,5444,0.99,20050709,254,1,1
266,5905,2.99,20050710,254,1,1
267,7738,2.99,20050728,254,1,1
270,9935,4.99,20050731,254,1,1
273,11405,0.99,20050802,254,1,1
278,15370,5.99,20050822,254,1,1
279,987,6.99,20050530,297,1,1
280,1470,6.99,20050615,297,1,1
281,1939,7.99,20050617,297,1,1
282,3192,0.99,20050620,297,1,1
284,4943,4.99,20050708,297,1,1
287,7314,4.99,20050727,297,1,1
288,8014,4.99,20050728,297,1,1
291,8715,0.99,20050729,297,1,1
292,8950,9.99,20050730,297,1,1
294,10812,4.99,20050801,297,1,1
299,13790,4.99,20050820,297,1,1
300,15120,0.99,20050822,297,1,1
302,11646,0.99,20060214,297,1,1
303,988,4.99,20050530,238,1,1
304,1084,4.99,20050531,238,1,1
310,3411,0.99,20050621,238,1,1
311,3870,3.99,20050706,238,1,1
312,5071,0.99,20050709,238,1,1
313,5074,0.99,20050709,238,1,1
316,6773,2.99,20050712,238,1,1
322,9627,5.99,20050731,238,1,1
326,12604,4.99,20050818,238,1,1
330,15993,0.99,20050823,238,1,1
331,1933,2.99,20050617,517,1,1
332,2209,4.99,20050618,517,1,1
333,2952,2.99,20050620,517,1,1
334,3047,8.99,20050620,517,1,1
336,6118,8.99,20050711,517,1,1
337,6568,2.99,20050712,517,1,1
338,6870,0.99,20050712,517,1,1
339,6897,2.99,20050712,517,1,1
340,7916,2.99,20050728,517,1,1
341,8277,2.99,20050729,517,1,1
345,9664,0.99,20050731,517,1,1
346,9736,7.99,20050731,517,1,1
347,10003,4.99,20050731,517,1,1
348,11292,4.99,20050802,517,1,1
354,13456,0.99,20050820,517,1,1
355,14252,9.99,20050821,517,1,1
357,15338,4.99,20050822,517,1,1
358,151,0.99,20050526,551,1,1
359,346,9.99,20050527,551,1,1
360,525,5.99,20050528,551,1,1
361,671,2.99,20050528,551,1,1
364,3707,2.99,20050706,551,1,1
365,4952,0.99,20050708,551,1,1
366,5104,0.99,20050709,551,1,1
368,5383,4.99,20050709,551,1,1
369,5565,7.99,20050710,551,1,1
370,8035,6.99,20050728,551,1,1
371,8042,0.99,20050728,551,1,1
372,8548,3.99,20050729,551,1,1
375,9592,2.99,20050731,551,1,1
376,10348,2.99,20050801,551,1,1
378,11480,4.99,20050802,551,1,1
380,12668,2.99,20050818,551,1,1
381,13757,4.99,20050820,551,1,1
383,15373,0.99,20050822,551,1,1
384,16045,0.99,20050823,551,1,1
385,13780,4.99,20060214,551,1,1
386,2486,2.99,20050618,189,1,1
387,2937,5.99,20050620,189,1,1
389,3550,7.99,20050706,189,1,1
390,4127,5.99,20050707,189,1,1
391,5717,2.99,20050710,189,1,1
393,7105,4.99,20050727,189,1,1
394,8193,0.99,20050728,189,1,1
397,9987,2.99,20050731,189,1,1
398,11118,2.99,20050802,189,1,1
399,11141,2.99,20050802,189,1,1
402,11922,7.99,20050817,189,1,1
405,12635,2.99,20050818,189,1,1
407,13393,5.99,20050819,189,1,1
409,13541,4.99,20050820,189,1,1
414,15178,0.99,20050822,189,1,1
415,15897,4.99,20050823,189,1,1
416,13798,3.98,20060214,189,1,1
418,335,3.99,20050527,539,1,1
419,593,2.99,20050528,539,1,1
421,1017,2.99,20050531,539,1,1
423,1944,7.99,20050617,539,1,1
425,2960,7.99,20050620,539,1,1
427,3548,0.99,20050706,539,1,1
431,6100,4.99,20050711,539,1,1
441,12358,4.99,20050818,539,1,1
442,12577,7.99,20050818,539,1,1
444,13391,4.99,20050819,539,1,1
445,13480,6.99,20050820,539,1,1
446,14511,8.99,20050821,539,1,1
448,580,2.99,20050528,429,1,1
451,2684,8.99,20050619,429,1,1
453,5714,3.99,20050710,429,1,1
454,5883,3.99,20050710,429,1,1
457,8213,2.99,20050728,429,1,1
459,9138,2.99,20050730,429,1,1
461,9489,0.99,20050730,429,1,1
463,13732,2.99,20050820,429,1,1
464,14040,2.99,20050820,429,1,1
466,14346,2.99,20050821,429,1,1
468,50,2.99,20050525,371,1,1
469,116,4.99,20050525,371,1,1
470,692,4.99,20050529,371,1,1
474,2990,8.99,20050620,371,1,1
479,6846,0.99,20050712,371,1,1
481,8555,4.99,20050729,371,1,1
482,9036,4.99,20050730,371,1,1
484,10682,4.99,20050801,371,1,1
492,179,6.99,20050526,466,1,1
493,337,2.99,20050527,466,1,1
496,2657,2.99,20050619,466,1,1
497,2848,2.99,20050619,466,1,1
501,9157,5.99,20050730,466,1,1
502,9256,0.99,20050730,466,1,1
504,10176,7.99,20050731,466,1,1
506,11869,5.99,20050817,466,1,1
507,12211,9.99,20050818,466,1,1
509,13718,8.99,20050820,466,1,1
511,14101,4.99,20050821,466,1,1
512,15047,2.99,20050822,466,1,1
520,3350,4.99,20050621,383,1,1
522,4407,2.99,20050707,383,1,1
523,5718,2.99,20050710,383,1,1
524,6254,2.99,20050711,383,1,1
532,10616,7.99,20050801,383,1,1
533,10954,1.99,20050802,383,1,1
534,11821,0.99,20050817,383,1,1
535,12180,0.99,20050818,383,1,1
537,13137,4.99,20050819,383,1,1
541,15161,1.99,20050822,383,1,1
543,15460,2.99,20050823,383,1,1
544,260,3.99,20050526,31,1,1
546,570,0.99,20050528,31,1,1
548,2268,4.99,20050618,31,1,1
549,2393,2.99,20050618,31,1,1
551,3212,10.99,20050621,31,1,1
553,5772,3.99,20050710,31,1,1
554,5961,2.99,20050710,31,1,1
556,7994,0.99,20050728,31,1,1
560,9699,5.99,20050731,31,1,1
562,10734,0.99,20050801,31,1,1
567,12774,6.99,20050818,31,1,1
568,13381,2.99,20050819,31,1,1
570,13411,4.99,20050819,31,1,1
571,13463,8.99,20050820,31,1,1
572,13699,9.99,20050820,31,1,1
573,13740,4.99,20050820,31,1,1
577,14869,4.99,20050822,31,1,1
578,14933,2.99,20060214,31,1,1
579,370,4.99,20050527,351,1,1
580,556,4.99,20050528,351,1,1
582,3419,2.99,20050621,351,1,1
584,5294,6.99,20050709,351,1,1
585,5815,2.99,20050710,351,1,1
586,7087,4.99,20050727,351,1,1
587,7705,7.99,20050728,351,1,1
589,9580,4.99,20050731,351,1,1
590,12023,5.99,20050817,351,1,1
591,12124,2.99,20050817,351,1,1
594,14056,2.99,20050820,351,1,1
595,14564,6.99,20050821,351,1,1
596,15134,7.99,20050822,351,1,1
597,15589,6.99,20050823,351,1,1
598,15658,4.99,20050823,351,1,1
599,15793,4.99,20050823,351,1,1
600,12222,4.99,20060214,351,1,1
601,129,8.99,20050525,310,1,1
602,654,2.99,20050528,310,1,1
604,2753,1.99,20050619,310,1,1
605,2827,0.99,20050619,310,1,1
606,3015,5.99,20050620,310,1,1
607,3055,4.99,20050620,310,1,1
608,3461,2.99,20050621,310,1,1
612,6213,2.99,20050711,310,1,1
613,6238,2.99,20050711,310,1,1
615,7155,7.99,20050727,310,1,1
616,8015,2.99,20050728,310,1,1
621,10132,6.99,20050731,310,1,1
622,10898,2.99,20050802,310,1,1
633,1716,2.99,20050616,12,1,1
634,2070,2.99,20050617,12,1,1
636,2451,5.99,20050618,12,1,1
640,5310,0.99,20050709,12,1,1
642,6855,4.99,20050712,12,1,1
643,7266,1.99,20050727,12,1,1
644,8947,4.99,20050730,12,1,1
645,9723,0.99,20050731,12,1,1
648,11209,2.99,20050802,12,1,1
651,12745,2.99,20050818,12,1,1
652,12999,1.99,20050819,12,1,1
654,13247,0.99,20050819,12,1,1
656,90,7.99,20050525,385,1,1
658,1338,4.99,20050615,385,1,1
659,1365,2.99,20050615,385,1,1
662,2901,4.99,20050620,385,1,1
663,3447,4.99,20050621,385,1,1
664,4282,2.99,20050707,385,1,1
665,4319,0.99,20050707,385,1,1
667,5881,2.99,20050710,385,1,1
668,6653,4.99,20050712,385,1,1
672,9140,8.99,20050730,385,1,1
676,10324,5.99,20050801,385,1,1
678,10916,2.99,20050802,385,1,1
679,11642,0.99,20050817,385,1,1
680,12922,0.99,20050819,385,1,1
681,14193,4.99,20050821,385,1,1
682,14236,4.99,20050821,385,1,1
683,15512,0.99,20050823,385,1,1
684,15972,5.99,20050823,385,1,1
685,796,2.99,20050529,176,1,1
687,1440,5.99,20050615,176,1,1
689,2093,9.99,20050617,176,1,1
692,2532,4.99,20050619,176,1,1
693,2745,4.99,20050619,176,1,1
694,4065,2.99,20050707,176,1,1
695,4274,4.99,20050707,176,1,1
696,4382,4.99,20050707,176,1,1
698,4431,6.99,20050707,176,1,1
699,4536,3.99,20050708,176,1,1
700,4641,6.99,20050708,176,1,1
701,5437,2.99,20050709,176,1,1
702,6149,1.99,20050711,176,1,1
705,8241,4.99,20050729,176,1,1
706,9484,0.99,20050730,176,1,1
707,10386,3.99,20050801,176,1,1
708,10996,3.99,20050802,176,1,1
710,11338,0.99,20050802,176,1,1
711,11744,5.99,20050817,176,1,1
716,14677,7.99,20050821,176,1,1
717,15384,2.99,20050822,176,1,1
718,15722,7.99,20050823,176,1,1
720,1310,4.99,20050615,398,1,1
725,2815,4.99,20050619,398,1,1
726,3038,1.99,20050620,398,1,1
729,4510,5.99,20050708,398,1,1
730,5552,0.99,20050710,398,1,1
731,5736,4.99,20050710,398,1,1
735,7927,1.99,20050728,398,1,1
738,9673,7.99,20050731,398,1,1
739,9908,4.99,20050731,398,1,1
740,10794,7.99,20050801,398,1,1
741,10852,4.99,20050802,398,1,1
742,11234,0.99,20050802,398,1,1
743,11661,8.99,20050817,398,1,1
747,12531,2.99,20050818,398,1,1
749,15048,0.99,20050822,398,1,1
751,868,2.99,20050530,212,1,1
753,1543,4.99,20050616,212,1,1
756,3231,0.99,20050621,212,1,1
757,3845,0.99,20050706,212,1,1
761,5817,5.99,20050710,212,1,1
764,7580,9.99,20050727,212,1,1
765,8464,4.99,20050729,212,1,1
766,8901,2.99,20050730,212,1,1
772,11444,2.99,20050802,212,1,1
773,11856,3.99,20050817,212,1,1
775,12359,0.99,20050818,212,1,1
776,12708,2.99,20050818,212,1,1
779,15445,4.99,20050823,212,1,1
780,15491,2.99,20050823,212,1,1
783,2655,0.99,20050619,299,1,1
784,2673,0.99,20050619,299,1,1
785,2701,7.99,20050619,299,1,1
786,2735,2.99,20050619,299,1,1
789,3324,2.99,20050621,299,1,1
791,4313,0.99,20050707,299,1,1
794,5857,1.99,20050710,299,1,1
796,7451,6.99,20050727,299,1,1
797,7453,0.99,20050727,299,1,1
800,9946,4.99,20050731,299,1,1
801,10543,5.99,20050801,299,1,1
803,11079,4.99,20050802,299,1,1
805,12488,4.99,20050818,299,1,1
806,12508,2.99,20050818,299,1,1
810,13436,0.99,20050819,299,1,1
812,13832,3.99,20050820,299,1,1
813,14174,0.99,20050821,299,1,1
814,14703,4.99,20050821,299,1,1
815,14985,7.99,20050822,299,1,1
816,14997,5.99,20050822,299,1,1
822,3964,4.99,20050706,495,1,1
826,5108,9.99,20050709,495,1,1
827,5289,0.99,20050709,495,1,1
829,6249,0.99,20050711,495,1,1
833,8030,4.99,20050728,495,1,1
835,8083,4.99,20050728,495,1,1
836,8641,2.99,20050729,495,1,1
839,9641,0.99,20050731,495,1,1
840,9998,2.99,20050731,495,1,1
841,10235,6.99,20050801,495,1,1
842,12240,2.99,20050818,495,1,1
843,12546,2.99,20050818,495,1,1
845,13435,0.99,20050819,495,1,1
846,13682,4.99,20050820,495,1,1
847,14339,0.99,20050821,495,1,1
848,14585,2.99,20050821,495,1,1
849,15063,4.99,20050822,495,1,1
850,15544,4.99,20050823,495,1,1
853,1838,1.99,20050616,206,1,1
854,2233,0.99,20050618,206,1,1
856,2396,7.99,20050618,206,1,1
858,2530,0.99,20050619,206,1,1
862,3205,0.99,20050621,206,1,1
863,3701,4.99,20050706,206,1,1
865,4122,6.99,20050707,206,1,1
867,6208,3.99,20050711,206,1,1
869,7000,1.99,20050727,206,1,1
875,12377,0.99,20050818,206,1,1
885,3500,2.99,20050706,204,1,1
886,4434,2.99,20050707,204,1,1
889,5307,9.99,20050709,204,1,1
890,5767,0.99,20050710,204,1,1
891,5954,2.99,20050710,204,1,1
892,6122,3.99,20050711,204,1,1
894,7084,6.99,20050727,204,1,1
895,7589,5.99,20050727,204,1,1
896,7793,2.99,20050728,204,1,1
900,11135,4.99,20050802,204,1,1
903,13736,8.99,20050820,204,1,1
904,13931,1.99,20050820,204,1,1
905,14075,0.99,20050820,204,1,1
907,165,2.99,20050526,266,1,1
908,1301,10.99,20050615,266,1,1
910,4095,5.99,20050707,266,1,1
911,5421,0.99,20050709,266,1,1
912,5723,4.99,20050710,266,1,1
914,7992,4.99,20050728,266,1,1
915,9040,4.99,20050730,266,1,1
917,9254,1.99,20050730,266,1,1
919,10870,4.99,20050802,266,1,1
920,13241,7.99,20050819,266,1,1
921,13858,2.99,20050820,266,1,1
922,13958,7.99,20050820,266,1,1
923,14002,0.99,20050820,266,1,1
924,14623,0.99,20050821,266,1,1
925,15096,5.99,20050822,266,1,1
927,12277,0.99,20060214,266,1,1
928,1900,4.99,20050617,287,1,1
930,3150,0.99,20050620,287,1,1
932,3911,2.99,20050706,287,1,1
933,5188,4.99,20050709,287,1,1
938,7532,0.99,20050727,287,1,1
939,9160,3.99,20050730,287,1,1
940,10523,0.99,20050801,287,1,1
941,10615,4.99,20050801,287,1,1
943,11505,2.99,20050816,287,1,1
946,12599,2.99,20050818,287,1,1
947,12651,0.99,20050818,287,1,1
948,13371,4.99,20050819,287,1,1
950,14686,5.99,20050821,287,1,1
953,424,6.99,20050527,161,1,1
954,1579,0.99,20050616,161,1,1
955,1989,2.99,20050617,161,1,1
956,2229,4.99,20050618,161,1,1
957,2231,0.99,20050618,161,1,1
958,2743,2.99,20050619,161,1,1
963,5013,2.99,20050709,161,1,1
965,5916,5.99,20050710,161,1,1
966,5963,0.99,20050710,161,1,1
967,6147,5.99,20050711,161,1,1
968,6401,4.99,20050711,161,1,1
969,6565,4.99,20050712,161,1,1
970,6572,4.99,20050712,161,1,1
971,7140,4.99,20050727,161,1,1
972,8822,6.99,20050729,161,1,1
973,8971,5.99,20050730,161,1,1
975,9579,6.99,20050731,161,1,1
976,11298,1.99,20050802,161,1,1
977,11452,7.99,20050802,161,1,1
978,11645,4.99,20050817,161,1,1
979,12055,4.99,20050817,161,1,1
980,13735,2.99,20050820,161,1,1
981,14110,0.99,20050821,161,1,1
984,349,0.99,20050527,253,1,1
985,716,0.99,20050529,253,1,1
990,5403,0.99,20050709,253,1,1
992,7205,6.99,20050727,253,1,1
993,7647,0.99,20050728,253,1,1
996,8391,2.99,20050729,253,1,1
997,8952,4.99,20050730,253,1,1
998,9369,2.99,20050730,253,1,1
1002,10963,0.99,20050802,253,1,1
1005,11813,4.99,20050817,253,1,1
1008,13674,4.99,20050820,253,1,1
1009,14647,9.99,20050821,253,1,1
1011,25,0.99,20050525,107,1,1
1012,923,2.99,20050530,107,1,1
1013,1583,4.99,20050616,107,1,1
1017,3734,5.99,20050706,107,1,1
1018,5425,5.99,20050709,107,1,1
1020,8419,9.99,20050729,107,1,1
1021,9567,5.99,20050731,107,1,1
1022,10538,2.99,20050801,107,1,1
1023,11176,3.99,20050802,107,1,1
1024,13046,7.99,20050819,107,1,1
1029,14084,0.99,20050820,107,1,1
1031,15028,3.99,20050822,107,1,1
1032,15904,0.99,20050823,107,1,1
1035,2550,1.99,20050619,348,1,1
1039,4202,5.99,20050707,348,1,1
1041,4300,4.99,20050707,348,1,1
1043,5273,2.99,20050709,348,1,1
1045,5822,2.99,20050710,348,1,1
1046,6864,5.99,20050712,348,1,1
1047,6961,0.99,20050727,348,1,1
1051,7795,0.99,20050728,348,1,1
1054,9284,0.99,20050730,348,1,1
1055,9621,4.99,20050731,348,1,1
1059,11344,2.99,20050802,348,1,1
1060,11817,4.99,20050817,348,1,1
1063,14554,4.99,20050821,348,1,1
1065,14787,6.99,20050822,348,1,1
1066,15668,2.99,20050823,348,1,1
1067,15738,5.99,20050823,348,1,1
1068,1625,5.99,20050616,62,1,1
1069,1905,4.99,20050617,62,1,1
1072,2631,4.99,20050619,62,1,1
1073,2876,4.99,20050620,62,1,1
1074,4419,5.99,20050707,62,1,1
1078,5451,4.99,20050709,62,1,1
1080,6045,2.99,20050711,62,1,1
1084,8805,2.99,20050729,62,1,1
1085,9431,1.99,20050730,62,1,1
1086,9656,4.99,20050731,62,1,1
1088,10126,0.99,20050731,62,1,1
1089,10251,4.99,20050801,62,1,1
1092,10639,9.99,20050801,62,1,1
1097,128,4.99,20050525,350,1,1
1100,2993,4.99,20050620,350,1,1
1101,3428,0.99,20050621,350,1,1
1104,5869,5.99,20050710,350,1,1
1105,6502,0.99,20050712,350,1,1
1109,9050,8.99,20050730,350,1,1
1112,9975,1.99,20050731,350,1,1
1113,10442,2.99,20050801,350,1,1
1118,13149,6.99,20050819,350,1,1
1119,13376,0.99,20050819,350,1,1
1120,13840,5.99,20050820,350,1,1
1121,13951,2.99,20050820,350,1,1
1122,14260,6.99,20050821,350,1,1
1123,15193,2.99,20050822,350,1,1
1124,2563,4.99,20050619,22,1,1
1128,4543,4.99,20050708,22,1,1
1129,4575,2.99,20050708,22,1,1
1130,6976,4.99,20050727,22,1,1
1132,7517,1.99,20050727,22,1,1
1134,8098,0.99,20050728,22,1,1
1135,8134,6.99,20050728,22,1,1
1137,8712,2.99,20050729,22,1,1
1139,10064,2.99,20050731,22,1,1
1140,10170,7.99,20050731,22,1,1
1142,10853,5.99,20050802,22,1,1
1148,15875,2.99,20060214,22,1,1
1149,635,5.99,20050528,504,1,1
1152,2170,3.99,20050617,504,1,1
1153,2302,4.99,20050618,504,1,1
1158,6179,2.99,20050711,504,1,1
1159,6799,2.99,20050712,504,1,1
1160,6925,0.99,20050726,504,1,1
1161,7405,3.99,20050727,504,1,1
1162,8049,0.99,20050728,504,1,1
1163,8095,6.99,20050728,504,1,1
1164,8166,2.99,20050728,504,1,1
1165,8499,3.99,20050729,504,1,1
1172,10935,5.99,20050802,504,1,1
1173,12478,4.99,20050818,504,1,1
1175,14461,7.99,20050821,504,1,1
1176,15442,2.99,20050823,504,1,1
1177,13351,5.98,20060214,504,1,1
1178,15407,0.00,20060214,504,1,1
1180,652,4.99,20050528,163,1,1
1183,4498,2.99,20050708,163,1,1
1184,5162,4.99,20050709,163,1,1
1185,5401,4.99,20050709,163,1,1
1186,5831,2.99,20050710,163,1,1
1188,6474,3.99,20050712,163,1,1
1190,7348,4.99,20050727,163,1,1
1193,9204,4.99,20050730,163,1,1
1194,11753,4.99,20050817,163,1,1
1195,14244,2.99,20050821,163,1,1
1196,14649,4.99,20050821,163,1,1
1202,15745,0.00,20060214,163,1,1
1203,29,0.99,20050525,440,1,1
1204,99,4.99,20050525,440,1,1
1205,407,2.99,20050527,440,1,1
1207,904,2.99,20050530,440,1,1
1208,1497,3.99,20050615,440,1,1
1209,2369,2.99,20050618,440,1,1
1210,2809,3.99,20050619,440,1,1
1214,5551,3.99,20050710,440,1,1
1215,5787,8.99,20050710,440,1,1
1218,7514,0.99,20050727,440,1,1
1221,8866,4.99,20050729,440,1,1
1222,11364,2.99,20050802,440,1,1
1224,12504,4.99,20050818,440,1,1
1225,12790,6.99,20050819,440,1,1
1230,1806,4.99,20050616,77,1,1
1233,3391,3.99,20050621,77,1,1
1235,4843,0.99,20050708,77,1,1
1236,5181,6.99,20050709,77,1,1
1237,5405,7.99,20050709,77,1,1
1238,5637,0.99,20050710,77,1,1
1241,6966,9.99,20050727,77,1,1
1242,7436,2.99,20050727,77,1,1
1243,7961,3.99,20050728,77,1,1
1244,10507,2.99,20050801,77,1,1
1246,11004,8.99,20050802,77,1,1
1247,11029,4.99,20050802,77,1,1
1250,11725,2.99,20050817,77,1,1
1251,13340,3.99,20050819,77,1,1
1253,14576,6.99,20050821,77,1,1
1254,15812,10.99,20050823,77,1,1
1258,938,2.99,20050530,443,1,1
1259,1166,4.99,20050614,443,1,1
1262,2203,2.99,20050618,443,1,1
1267,3916,4.99,20050706,443,1,1
1269,7336,0.99,20050727,443,1,1
1273,10088,2.99,20050731,443,1,1
1275,10803,4.99,20050801,443,1,1
1276,10827,5.99,20050801,443,1,1
1277,11721,0.99,20050817,443,1,1
1281,12298,2.99,20050818,443,1,1
1283,13226,0.99,20050819,443,1,1
1286,14940,4.99,20050822,443,1,1
1287,15438,2.99,20050823,443,1,1
1288,15708,0.99,20050823,443,1,1
1289,15758,5.99,20050823,443,1,1
1292,300,6.99,20050526,50,1,1
1293,1882,4.99,20050617,50,1,1
1294,2307,6.99,20050618,50,1,1
1296,3631,4.99,20050706,50,1,1
1298,5174,0.99,20050709,50,1,1
1301,6337,3.99,20050711,50,1,1
1304,8863,3.99,20050729,50,1,1
1306,11126,0.99,20050802,50,1,1
1308,12215,7.99,20050818,50,1,1
1310,14397,0.99,20050821,50,1,1
1313,297,2.99,20050526,445,1,1
1314,390,4.99,20050527,445,1,1
1318,4367,2.99,20050707,445,1,1
1321,7920,2.99,20050728,445,1,1
1322,8716,6.99,20050729,445,1,1
1323,9402,7.99,20050730,445,1,1
1328,15228,3.99,20050822,445,1,1
1330,239,3.99,20050526,458,1,1
1333,1164,0.99,20050614,458,1,1
1340,5491,2.99,20050710,458,1,1
1341,6214,4.99,20050711,458,1,1
1342,6279,6.99,20050711,458,1,1
1343,6521,7.99,20050712,458,1,1
1349,9851,4.99,20050731,458,1,1
1350,10144,4.99,20050731,458,1,1
1351,10266,0.99,20050801,458,1,1
1352,10588,2.99,20050801,458,1,1
1353,10814,2.99,20050801,458,1,1
1355,14627,6.99,20050821,458,1,1
1356,14676,2.99,20050821,458,1,1
1357,763,4.99,20050529,485,1,1
1358,794,4.99,20050529,485,1,1
1359,905,4.99,20050530,485,1,1
1360,1029,4.99,20050531,485,1,1
1362,1223,2.99,20050615,485,1,1
1363,1785,4.99,20050616,485,1,1
1370,5928,6.99,20050710,485,1,1
1372,6667,8.99,20050712,485,1,1
1373,7383,4.99,20050727,485,1,1
1374,8089,0.99,20050728,485,1,1
1375,8261,0.99,20050729,485,1,1
1376,8619,5.99,20050729,485,1,1
1378,9615,4.99,20050731,485,1,1
1386,12766,6.99,20050818,485,1,1
1388,14054,4.99,20050820,485,1,1
1391,16015,4.99,20050823,485,1,1
1393,661,4.99,20050528,557,1,1
1396,1477,0.99,20050615,557,1,1
1397,3525,9.99,20050706,557,1,1
1398,5230,2.99,20050709,557,1,1
1400,5473,7.99,20050709,557,1,1
1401,5606,4.99,20050710,557,1,1
1402,7207,5.99,20050727,557,1,1
1403,7398,6.99,20050727,557,1,1
1404,7636,5.99,20050728,557,1,1
1405,8495,4.99,20050729,557,1,1
1406,8693,0.99,20050729,557,1,1
1407,8880,0.99,20050730,557,1,1
1410,10780,2.99,20050801,557,1,1
1411,10894,0.99,20050802,557,1,1
1412,11302,2.99,20050802,557,1,1
1415,12184,0.99,20050818,557,1,1
1416,12725,4.99,20050818,557,1,1
1418,13302,2.99,20050819,557,1,1
1419,13868,0.99,20050820,557,1,1
1423,14617,4.99,20050821,557,1,1
1424,14903,4.99,20050822,557,1,1
1425,874,0.99,20050530,478,1,1
1426,1196,4.99,20050615,478,1,1
1428,2862,2.99,20050619,478,1,1
1430,3997,1.99,20050706,478,1,1
1431,5308,0.99,20050709,478,1,1
1433,5607,2.99,20050710,478,1,1
1434,6394,7.99,20050711,478,1,1
1438,8686,4.99,20050729,478,1,1
1439,9029,4.99,20050730,478,1,1
1443,10635,0.99,20050801,478,1,1
1444,11068,0.99,20050802,478,1,1
1445,11731,3.99,20050817,478,1,1
1450,14822,5.99,20050822,478,1,1
1453,12001,4.99,20060214,478,1,1
1454,88,3.99,20050525,291,1,1
1455,378,2.99,20050527,291,1,1
1456,751,0.99,20050529,291,1,1
1459,1107,2.99,20050531,291,1,1
1460,1964,0.99,20050617,291,1,1
1461,2388,2.99,20050618,291,1,1
1462,2903,2.99,20050620,291,1,1
1469,7699,4.99,20050728,291,1,1
1470,9343,4.99,20050730,291,1,1
1471,9928,7.99,20050731,291,1,1
1472,10594,3.99,20050801,291,1,1
1473,12054,5.99,20050817,291,1,1
1474,12580,2.99,20050818,291,1,1
1475,13049,5.99,20050819,291,1,1
1477,14061,2.99,20050820,291,1,1
1480,14671,4.99,20050821,291,1,1
1483,14137,0.00,20060214,291,1,1
1487,1556,4.99,20050616,280,1,1
1488,1571,2.99,20050616,280,1,1
1490,2647,4.99,20050619,280,1,1
1493,5929,2.99,20050710,280,1,1
1494,5992,2.99,20050711,280,1,1
1495,6338,7.99,20050711,280,1,1
1497,6813,0.99,20050712,280,1,1
1501,10956,4.99,20050802,280,1,1
1502,11182,4.99,20050802,280,1,1
1504,12526,2.99,20050818,280,1,1
1506,12811,4.99,20050819,280,1,1
1509,13890,0.99,20050820,280,1,1
1510,14215,4.99,20050821,280,1,1
1511,15226,10.99,20050822,280,1,1
1512,15567,4.99,20050823,280,1,1
1513,555,4.99,20050528,427,1,1
1514,1027,9.99,20050531,427,1,1
1515,1048,0.99,20050531,427,1,1
1518,2904,2.99,20050620,427,1,1
1519,2976,4.99,20050620,427,1,1
1520,3149,4.99,20050620,427,1,1
1521,4671,4.99,20050708,427,1,1
1525,9302,2.99,20050730,427,1,1
1529,12776,4.99,20050818,427,1,1
1530,12808,4.99,20050819,427,1,1
1532,13345,6.99,20050819,427,1,1
1533,14667,2.99,20050821,427,1,1
1534,15296,4.99,20050822,427,1,1
1535,130,3.99,20050525,164,1,1
1536,341,5.99,20050527,164,1,1
1537,496,2.99,20050528,164,1,1
1538,569,6.99,20050528,164,1,1
1540,2140,0.99,20050617,164,1,1
1541,2485,4.99,20050618,164,1,1
1542,2989,0.99,20050620,164,1,1
1543,3718,7.99,20050706,164,1,1
1545,4097,3.99,20050707,164,1,1
1547,5142,4.99,20050709,164,1,1
1548,7385,2.99,20050727,164,1,1
1549,7696,7.99,20050728,164,1,1
1551,8285,0.99,20050729,164,1,1
1554,10946,4.99,20050802,164,1,1
1555,11358,5.99,20050802,164,1,1
1556,11656,4.99,20050817,164,1,1
1560,13769,5.99,20050820,164,1,1
1567,2058,5.99,20050617,311,1,1
1568,2105,0.99,20050617,311,1,1
1569,2360,4.99,20050618,311,1,1
1571,3357,0.99,20050621,311,1,1
1572,3727,4.99,20050706,311,1,1
1574,5060,4.99,20050709,311,1,1
1575,5694,0.99,20050710,311,1,1
1578,6494,1.99,20050712,311,1,1
1581,9086,0.99,20050730,311,1,1
1583,9211,1.99,20050730,311,1,1
1584,9703,0.99,20050731,311,1,1
1593,230,0.99,20050526,316,1,1
1596,2191,4.99,20050618,316,1,1
1598,2906,0.99,20050620,316,1,1
1599,3685,4.99,20050706,316,1,1
1602,7063,9.99,20050727,316,1,1
1604,8853,0.99,20050729,316,1,1
1607,10068,4.99,20050731,316,1,1
1609,10668,0.99,20050801,316,1,1
1610,11416,6.99,20050802,316,1,1
1612,13194,6.99,20050819,316,1,1
1613,13207,3.99,20050819,316,1,1
1614,13930,2.99,20050820,316,1,1
1617,14665,6.99,20050821,316,1,1
1618,14989,4.99,20050822,316,1,1
1622,1154,5.99,20050531,213,1,1
1623,1269,2.99,20050615,213,1,1
1624,1728,3.99,20050616,213,1,1
1625,2921,3.99,20050620,213,1,1
1627,4384,4.99,20050707,213,1,1
1628,4631,4.99,20050708,213,1,1
1629,4891,3.99,20050708,213,1,1
1631,5207,3.99,20050709,213,1,1
1632,5830,4.99,20050710,213,1,1
1633,7991,4.99,20050728,213,1,1
1635,9469,8.99,20050730,213,1,1
1638,12833,5.99,20050819,213,1,1
1640,13573,2.99,20050820,213,1,1
1642,14135,5.99,20050821,213,1,1
1643,14977,5.99,20050822,213,1,1
1647,318,4.99,20050526,203,1,1
1653,3849,2.99,20050706,203,1,1
1654,6282,5.99,20050711,203,1,1
1656,7331,3.99,20050727,203,1,1
1657,7494,0.99,20050727,203,1,1
1658,9356,4.99,20050730,203,1,1
1659,9761,4.99,20050731,203,1,1
1661,11092,4.99,20050802,203,1,1
1662,11404,8.99,20050802,203,1,1
1663,12084,1.99,20050817,203,1,1
1665,15093,2.99,20050822,203,1,1
1666,15318,2.99,20050822,203,1,1
1667,15618,5.99,20050823,203,1,1
1668,15632,0.99,20050823,203,1,1
1669,15649,2.99,20050823,203,1,1
1672,1157,0.99,20050531,487,1,1
1673,7027,7.99,20050727,487,1,1
1677,8651,3.99,20050729,487,1,1
1681,12072,9.99,20050817,487,1,1
1682,13450,0.99,20050820,487,1,1
1683,13830,0.99,20050820,487,1,1
1685,15681,1.99,20050823,487,1,1
1687,947,4.99,20050530,572,1,1
1689,1486,0.99,20050615,572,1,1
1690,1587,0.99,20050616,572,1,1
1692,3035,5.99,20050620,572,1,1
1693,3287,0.99,20050621,572,1,1
1694,3327,3.99,20050621,572,1,1
1700,10815,2.99,20050801,572,1,1
1701,11297,5.99,20050802,572,1,1
1702,11988,0.99,20050817,572,1,1
1707,15464,6.99,20050823,572,1,1
1708,15591,0.99,20050823,572,1,1
1711,4587,4.99,20050708,566,1,1
1712,5585,6.99,20050710,566,1,1
1719,9546,4.99,20050731,566,1,1
1721,9795,0.99,20050731,566,1,1
1724,10288,6.99,20050801,566,1,1
1725,11902,4.99,20050817,566,1,1
1728,12954,7.99,20050819,566,1,1
1729,13089,0.99,20050819,566,1,1
1730,13624,8.99,20050820,566,1,1
1731,14931,3.99,20050822,566,1,1
1732,15060,5.99,20050822,566,1,1
1733,15229,2.99,20050822,566,1,1
1734,494,4.99,20050528,85,1,1
1735,587,0.99,20050528,85,1,1
1736,1001,2.99,20050531,85,1,1
1738,2060,2.99,20050617,85,1,1
1740,4288,4.99,20050707,85,1,1
1741,4690,1.99,20050708,85,1,1
1744,5114,3.99,20050709,85,1,1
1746,5432,0.99,20050709,85,1,1
1752,7082,2.99,20050727,85,1,1
1753,7476,1.99,20050727,85,1,1
1755,9832,2.99,20050731,85,1,1
1756,9880,6.99,20050731,85,1,1
1757,9924,3.99,20050731,85,1,1
1760,10889,4.99,20050802,85,1,1
1761,12409,0.99,20050818,85,1,1
1762,13773,2.99,20050820,85,1,1
1763,13971,0.99,20050820,85,1,1
1764,14167,5.99,20050821,85,1,1
1767,295,4.99,20050526,162,1,1
1769,2173,7.99,20050618,162,1,1
1770,3051,4.99,20050620,162,1,1
1771,3535,4.99,20050706,162,1,1
1772,4240,4.99,20050707,162,1,1
1774,5735,3.99,20050710,162,1,1
1776,7877,6.99,20050728,162,1,1
1779,9293,3.99,20050730,162,1,1
1781,11227,8.99,20050802,162,1,1
1784,12114,7.99,20050817,162,1,1
1785,12688,6.99,20050818,162,1,1
1788,14356,0.99,20050821,162,1,1
1790,1236,2.99,20050615,486,1,1
1791,1907,2.99,20050617,486,1,1
1792,2106,4.99,20050617,486,1,1
1794,2577,4.99,20050619,486,1,1
1795,3334,3.99,20050621,486,1,1
1797,3573,4.99,20050706,486,1,1
1800,4108,4.99,20050707,486,1,1
1804,6290,8.99,20050711,486,1,1
1806,6402,3.99,20050711,486,1,1
1807,6995,2.99,20050727,486,1,1
1808,7872,2.99,20050728,486,1,1
1809,9091,5.99,20050730,486,1,1
1810,10419,0.99,20050801,486,1,1
1813,11683,5.99,20050817,486,1,1
1814,11935,0.99,20050817,486,1,1
1815,12699,0.99,20050818,486,1,1
1816,13900,2.99,20050820,486,1,1
1818,14217,6.99,20050821,486,1,1
1822,15598,8.99,20050823,486,1,1
1824,767,2.99,20050529,122,1,1
1825,2064,3.99,20050617,122,1,1
1826,2542,3.99,20050619,122,1,1
1828,3359,4.99,20050621,122,1,1
1832,6137,2.99,20050711,122,1,1
1836,9640,7.99,20050731,122,1,1
1837,11295,8.99,20050802,122,1,1
1838,11894,8.99,20050817,122,1,1
1840,13652,2.99,20050820,122,1,1
1849,2686,2.99,20050619,229,1,1
1850,3598,0.99,20050706,229,1,1
1852,3864,0.99,20050706,229,1,1
1854,4925,3.99,20050708,229,1,1
1855,6512,4.99,20050712,229,1,1
1857,9538,3.99,20050731,229,1,1
1859,10115,7.99,20050731,229,1,1
1860,11277,2.99,20050802,229,1,1
1865,14947,1.99,20050822,229,1,1
1866,15524,4.99,20050823,229,1,1
1869,1549,2.99,20050616,3,1,1
1870,3358,4.99,20050621,3,1,1
1871,3883,8.99,20050706,3,1,1
1872,4265,0.99,20050707,3,1,1
1873,4427,0.99,20050707,3,1,1
1876,6385,6.99,20050711,3,1,1
1880,9612,2.99,20050731,3,1,1
1882,11943,3.99,20050817,3,1,1
1883,12012,2.99,20050817,3,1,1
1884,12121,2.99,20050817,3,1,1
1885,12966,5.99,20050819,3,1,1
1886,13023,5.99,20050819,3,1,1
1890,15547,2.99,20050823,3,1,1
1893,2472,4.99,20050618,456,1,1
1894,4061,0.99,20050707,456,1,1
1895,5927,5.99,20050710,456,1,1
1898,7714,2.99,20050728,456,1,1
1900,8747,2.99,20050729,456,1,1
1901,11274,9.99,20050802,456,1,1
1902,11901,2.99,20050817,456,1,1
1903,12003,4.99,20050817,456,1,1
1905,12581,6.99,20050818,456,1,1
1906,12951,3.99,20050819,456,1,1
1909,15616,3.99,20050823,456,1,1
1910,199,2.99,20050526,393,1,1
1911,272,9.99,20050526,393,1,1
1913,2374,4.99,20050618,393,1,1
1918,5543,8.99,20050710,393,1,1
1919,5770,4.99,20050710,393,1,1
1922,6739,5.99,20050712,393,1,1
1924,7550,4.99,20050727,393,1,1
1927,8293,2.99,20050729,393,1,1
1928,8574,1.99,20050729,393,1,1
1929,8668,4.99,20050729,393,1,1
1930,8783,3.99,20050729,393,1,1
1931,8789,4.99,20050729,393,1,1
1932,8956,0.99,20050730,393,1,1
1933,12417,4.99,20050818,393,1,1
1934,14105,7.99,20050821,393,1,1
1935,14228,3.99,20050821,393,1,1
1938,15704,4.99,20050823,393,1,1
1939,16000,0.99,20050823,393,1,1
1944,3700,0.99,20050706,407,1,1
1946,5302,4.99,20050709,407,1,1
1947,5424,0.99,20050709,407,1,1
1948,5840,4.99,20050710,407,1,1
1951,9027,2.99,20050730,407,1,1
1957,11630,2.99,20050817,407,1,1
1958,11679,4.99,20050817,407,1,1
1959,11923,2.99,20050817,407,1,1
1961,12448,0.99,20050818,407,1,1
1963,13145,0.99,20050819,407,1,1
1967,14020,0.99,20050820,407,1,1
1970,70,2.99,20050525,491,1,1
1972,1669,0.99,20050616,491,1,1
1975,4789,4.99,20050708,491,1,1
1977,6514,9.99,20050712,491,1,1
1978,6645,2.99,20050712,491,1,1
1979,7590,4.99,20050727,491,1,1
1980,7683,4.99,20050728,491,1,1
1981,8377,4.99,20050729,491,1,1
1982,9212,2.99,20050730,491,1,1
1983,9776,2.99,20050731,491,1,1
1985,11102,4.99,20050802,491,1,1
1990,13886,4.99,20050820,491,1,1
1991,15667,0.99,20050823,491,1,1
1995,2498,1.99,20050618,56,1,1
1997,3020,1.99,20050620,56,1,1
2000,5530,2.99,20050710,56,1,1
2003,6241,7.99,20050711,56,1,1
2004,6475,2.99,20050712,56,1,1
2005,7304,6.99,20050727,56,1,1
2009,10624,0.99,20050801,56,1,1
2014,13583,1.99,20050820,56,1,1
2016,15286,4.99,20050822,56,1,1
2020,16046,0.99,20050823,56,1,1
2021,180,4.99,20050526,490,1,1
2023,1920,4.99,20050617,490,1,1
2024,2161,7.99,20050617,490,1,1
2027,3210,4.99,20050621,490,1,1
2028,3711,0.99,20050706,490,1,1
2031,4639,5.99,20050708,490,1,1
2034,6092,3.99,20050711,490,1,1
2035,6486,0.99,20050712,490,1,1
2038,7052,2.99,20050727,490,1,1
2039,7454,4.99,20050727,490,1,1
2040,7843,0.99,20050728,490,1,1
2043,8823,6.99,20050729,490,1,1
2047,9783,9.99,20050731,490,1,1
2049,10726,3.99,20050801,490,1,1
2050,10871,4.99,20050802,490,1,1
2051,11330,0.99,20050802,490,1,1
2052,12002,2.99,20050817,490,1,1
2054,12336,1.99,20050818,490,1,1
2055,12412,5.99,20050818,490,1,1
2056,12426,4.99,20050818,490,1,1
2057,12662,0.99,20050818,490,1,1
2060,14488,0.00,20060214,490,1,1
2063,926,0.99,20050530,304,1,1
2065,1791,6.99,20050616,304,1,1
2068,2894,0.99,20050620,304,1,1
2076,8935,0.99,20050730,304,1,1
2082,14637,2.99,20050821,304,1,1
2084,15566,10.99,20050823,304,1,1
2086,419,1.99,20050527,40,1,1
2088,586,0.99,20050528,40,1,1
2089,760,5.99,20050529,40,1,1
2090,1710,4.99,20050616,40,1,1
2091,2354,3.99,20050618,40,1,1
2093,3151,2.99,20050620,40,1,1
2098,7406,3.99,20050727,40,1,1
2099,7710,0.99,20050728,40,1,1
2101,9811,0.99,20050731,40,1,1
2103,10886,2.99,20050802,40,1,1
2104,10895,0.99,20050802,40,1,1
2106,11469,2.99,20050802,40,1,1
2108,12065,6.99,20050817,40,1,1
2113,2207,2.99,20050618,222,1,1
2116,3593,4.99,20050706,222,1,1
2120,5078,1.99,20050709,222,1,1
2122,6005,0.99,20050711,222,1,1
2123,6344,4.99,20050711,222,1,1
2127,7957,6.99,20050728,222,1,1
2129,9068,5.99,20050730,222,1,1
2131,10590,2.99,20050801,222,1,1
2132,10831,7.99,20050801,222,1,1
2133,10942,10.99,20050802,222,1,1
2137,13432,0.99,20050819,222,1,1
2140,14716,0.99,20050821,222,1,1
2141,14810,2.99,20050822,222,1,1
2144,840,4.99,20050530,284,1,1
2145,859,2.99,20050530,284,1,1
2146,928,2.99,20050530,284,1,1
2149,3641,0.99,20050706,284,1,1
2150,3748,2.99,20050706,284,1,1
2152,4530,4.99,20050708,284,1,1
2155,5555,2.99,20050710,284,1,1
2157,7220,9.99,20050727,284,1,1
2158,8849,2.99,20050729,284,1,1
2159,9814,1.99,20050731,284,1,1
2161,9989,0.99,20050731,284,1,1
2162,10676,2.99,20050801,284,1,1
2165,14179,0.99,20050821,284,1,1
2166,2596,2.99,20050619,368,1,1
2168,3367,3.99,20050621,368,1,1
2172,4688,5.99,20050708,368,1,1
2175,6199,5.99,20050711,368,1,1
2179,8509,5.99,20050729,368,1,1
2180,8884,6.99,20050730,368,1,1
2181,10313,0.99,20050801,368,1,1
2182,10656,6.99,20050801,368,1,1
2183,10690,8.99,20050801,368,1,1
2186,11850,1.99,20050817,368,1,1
2188,13352,4.99,20050819,368,1,1
2190,13724,4.99,20050820,368,1,1
2192,14916,0.99,20050822,368,1,1
2193,15648,8.99,20050823,368,1,1
2194,16012,5.99,20050823,368,1,1
2196,289,0.99,20050526,313,1,1
2197,2714,1.99,20050619,313,1,1
2198,2854,5.99,20050619,313,1,1
2199,3229,4.99,20050621,313,1,1
2200,3879,2.99,20050706,313,1,1
2202,5468,0.99,20050709,313,1,1
2204,7709,0.99,20050728,313,1,1
2207,11837,5.99,20050817,313,1,1
2210,14128,4.99,20050821,313,1,1
2211,14642,3.99,20050821,313,1,1
2213,15224,5.99,20050822,313,1,1
2214,15602,4.99,20050823,313,1,1
2215,15823,4.99,20050823,313,1,1
2216,15858,2.99,20050823,313,1,1
2220,1438,0.99,20050615,529,1,1
2222,2506,8.99,20050618,529,1,1
2223,2819,8.99,20050619,529,1,1
2225,3680,2.99,20050706,529,1,1
2226,4598,6.99,20050708,529,1,1
2232,8487,4.99,20050729,529,1,1
2234,9305,8.99,20050730,529,1,1
2235,9447,6.99,20050730,529,1,1
2236,11093,4.99,20050802,529,1,1
2238,12470,3.99,20050818,529,1,1
2239,13032,0.99,20050819,529,1,1
2247,1354,5.99,20050615,472,1,1
2248,1591,5.99,20050616,472,1,1
2252,3754,2.99,20050706,472,1,1
2253,5218,0.99,20050709,472,1,1
2259,9867,1.99,20050731,472,1,1
2260,11408,0.99,20050802,472,1,1
2261,11565,5.99,20050817,472,1,1
2263,12258,4.99,20050818,472,1,1
2265,13875,4.99,20050820,472,1,1
2270,739,6.99,20050529,320,1,1
2271,834,4.99,20050529,320,1,1
2275,2012,5.99,20050617,320,1,1
2280,5221,5.99,20050709,320,1,1
2281,5237,0.99,20050709,320,1,1
2282,5971,5.99,20050711,320,1,1
2285,7854,2.99,20050728,320,1,1
2287,8654,8.99,20050729,320,1,1
2291,10872,2.99,20050802,320,1,1
2299,14330,5.99,20050821,320,1,1
2300,15190,4.99,20050822,320,1,1
2301,15255,2.99,20050822,320,1,1
2302,690,9.99,20050529,534,1,1
2304,1685,1.99,20050616,534,1,1
2305,2131,5.99,20050617,534,1,1
2307,3165,4.99,20050620,534,1,1
2308,3307,1.99,20050621,534,1,1
2311,4705,2.99,20050708,534,1,1
2312,5051,4.99,20050709,534,1,1
2313,5519,0.99,20050710,534,1,1
2317,9985,2.99,20050731,534,1,1
2318,10328,4.99,20050801,534,1,1
2319,10548,0.99,20050801,534,1,1
2322,12456,4.99,20050818,534,1,1
2323,13727,3.99,20050820,534,1,1
2325,66,1.99,20050525,505,1,1
2329,2141,4.99,20050617,505,1,1
2330,2518,4.99,20050619,505,1,1
2331,3207,0.99,20050621,505,1,1
2333,3611,0.99,20050706,505,1,1
2335,4235,2.99,20050707,505,1,1
2336,4571,9.99,20050708,505,1,1
2338,5752,8.99,20050710,505,1,1
2340,7231,2.99,20050727,505,1,1
2341,7874,10.99,20050728,505,1,1
2343,8850,2.99,20050729,505,1,1
2349,12198,2.99,20050818,505,1,1
2352,13535,4.99,20050820,505,1,1
2353,13874,2.99,20050820,505,1,1
2356,15715,1.99,20050823,505,1,1
2359,674,2.99,20050528,137,1,1
2361,1904,2.99,20050617,137,1,1
2363,2516,4.99,20050619,137,1,1
2365,5084,7.99,20050709,137,1,1
2366,5628,3.99,20050710,137,1,1
2368,6638,4.99,20050712,137,1,1
2371,8286,5.99,20050729,137,1,1
2374,9348,2.99,20050730,137,1,1
2377,10387,4.99,20050801,137,1,1
2378,12232,0.99,20050818,137,1,1
2379,12257,8.99,20050818,137,1,1
2380,12264,5.99,20050818,137,1,1
2381,13479,0.99,20050820,137,1,1
2382,13906,0.99,20050820,137,1,1
2384,14566,2.99,20050821,137,1,1
2385,15876,2.99,20050823,137,1,1
2389,1433,2.99,20050615,473,1,1
2390,2483,7.99,20050618,473,1,1
2391,2878,2.99,20050620,473,1,1
2395,3846,5.99,20050706,473,1,1
2396,6643,1.99,20050712,473,1,1
2397,6916,4.99,20050712,473,1,1
2398,7088,5.99,20050727,473,1,1
2399,7621,8.99,20050728,473,1,1
2400,8296,2.99,20050729,473,1,1
2402,8692,2.99,20050729,473,1,1
2403,10424,0.99,20050801,473,1,1
2404,11056,6.99,20050802,473,1,1
2408,15898,4.99,20050823,473,1,1
2411,740,5.99,20050529,15,1,1
2412,1252,8.99,20050615,15,1,1
2414,1948,4.99,20050617,15,1,1
2415,2523,0.99,20050619,15,1,1
2416,2835,7.99,20050619,15,1,1
2418,4488,0.99,20050708,15,1,1
2419,4764,8.99,20050708,15,1,1
2422,5483,2.99,20050709,15,1,1
2423,6772,2.99,20050712,15,1,1
2427,8003,2.99,20050728,15,1,1
2430,9328,2.99,20050730,15,1,1
2435,11090,3.99,20050802,15,1,1
2436,12118,3.99,20050817,15,1,1
2438,12756,2.99,20050818,15,1,1
2439,13823,2.99,20050820,15,1,1
2440,15845,2.99,20050823,15,1,1
2450,7428,5.99,20050727,106,1,1
2451,7946,6.99,20050728,106,1,1
2452,8024,2.99,20050728,106,1,1
2453,8408,0.99,20050729,106,1,1
2457,10722,4.99,20050801,106,1,1
2458,10835,4.99,20050801,106,1,1
2460,11516,0.99,20050816,106,1,1
2462,12788,2.99,20050819,106,1,1
2463,13051,4.99,20050819,106,1,1
2464,14608,1.99,20050821,106,1,1
2465,14807,4.99,20050822,106,1,1
2468,15674,7.99,20050823,106,1,1
2470,1299,4.99,20050615,64,1,1
2471,2457,3.99,20050618,64,1,1
2472,2908,0.99,20050620,64,1,1
2476,4245,4.99,20050707,64,1,1
2477,4321,4.99,20050707,64,1,1
2478,4673,4.99,20050708,64,1,1
2482,6078,4.99,20050711,64,1,1
2483,6178,2.99,20050711,64,1,1
2487,7966,4.99,20050728,64,1,1
2488,8313,0.99,20050729,64,1,1
2494,12847,0.99,20050819,64,1,1
2497,14132,0.99,20050821,64,1,1
2499,15122,1.99,20050822,64,1,1
2500,15341,4.99,20050822,64,1,1
2501,15707,1.99,20050823,64,1,1
2503,12902,4.99,20060214,64,1,1
2504,271,5.99,20050526,46,1,1
2505,456,4.99,20050527,46,1,1
2507,2521,0.99,20050619,46,1,1
2508,2740,8.99,20050619,46,1,1
2511,4360,2.99,20050707,46,1,1
2515,5792,6.99,20050710,46,1,1
2517,6158,0.99,20050711,46,1,1
2519,7073,4.99,20050727,46,1,1
2520,7832,1.99,20050728,46,1,1
2521,8494,4.99,20050729,46,1,1
2522,8938,4.99,20050730,46,1,1
2523,9240,4.99,20050730,46,1,1
2526,11849,4.99,20050817,46,1,1
2528,13495,0.99,20050820,46,1,1
2529,13620,2.99,20050820,46,1,1
2530,14798,0.99,20050822,46,1,1
2534,1025,4.99,20050531,130,1,1
2536,3109,0.99,20050620,130,1,1
2537,4733,2.99,20050708,130,1,1
2540,6586,4.99,20050712,130,1,1
2541,7301,2.99,20050727,130,1,1
2542,8233,0.99,20050729,130,1,1
2544,12704,4.99,20050818,130,1,1
2545,13555,2.99,20050820,130,1,1
2547,13950,8.99,20050820,130,1,1
2548,13993,4.99,20050820,130,1,1
2549,14195,0.99,20050821,130,1,1
2553,15696,0.99,20050823,130,1,1
2555,127,2.99,20050525,395,1,1
2558,1367,4.99,20050615,395,1,1
2561,2816,2.99,20050619,395,1,1
2563,4287,8.99,20050707,395,1,1
2568,9605,4.99,20050731,395,1,1
2569,12316,2.99,20050818,395,1,1
2570,13786,5.99,20050820,395,1,1
2572,14865,4.99,20050822,395,1,1
2573,14978,0.99,20050822,395,1,1
2574,15693,0.99,20050823,395,1,1
2575,15371,4.99,20060214,395,1,1
2576,490,4.99,20050528,217,1,1
2581,3633,1.99,20050706,217,1,1
2583,4835,5.99,20050708,217,1,1
2585,7471,4.99,20050727,217,1,1
2586,9222,6.99,20050730,217,1,1
2587,9695,6.99,20050731,217,1,1
2588,9951,4.99,20050731,217,1,1
2589,10130,0.99,20050731,217,1,1
2594,1266,3.99,20050615,545,1,1
2597,2372,0.99,20050618,545,1,1
2599,3308,0.99,20050621,545,1,1
2601,3720,2.99,20050706,545,1,1
2603,4961,4.99,20050708,545,1,1
2604,5558,0.99,20050710,545,1,1
2605,5678,4.99,20050710,545,1,1
2606,5696,2.99,20050710,545,1,1
2608,8437,6.99,20050729,545,1,1
2610,9315,4.99,20050730,545,1,1
2611,9662,3.99,20050731,545,1,1
2614,11984,3.99,20050817,545,1,1
2615,12199,4.99,20050818,545,1,1
2617,13514,0.99,20050820,545,1,1
2618,13855,4.99,20050820,545,1,1
2619,14462,3.99,20050821,545,1,1
2623,3459,0.99,20050621,354,1,1
2624,3540,2.99,20050706,354,1,1
2628,4508,4.99,20050708,354,1,1
2630,6544,0.99,20050712,354,1,1
2631,6726,0.99,20050712,354,1,1
2635,9591,4.99,20050731,354,1,1
2636,10820,2.99,20050801,354,1,1
2638,15006,0.99,20050822,354,1,1
2640,1362,3.99,20050615,532,1,1
2642,2213,4.99,20050618,532,1,1
2643,2445,0.99,20050618,532,1,1
2647,4549,4.99,20050708,532,1,1
2650,7530,0.99,20050727,532,1,1
2651,8324,5.99,20050729,532,1,1
2654,9753,2.99,20050731,532,1,1
2656,10925,2.99,20050802,532,1,1
2659,11635,5.99,20050817,532,1,1
2660,11730,2.99,20050817,532,1,1
2663,15536,7.99,20050823,532,1,1
2665,1858,4.99,20050617,474,1,1
2666,2368,2.99,20050618,474,1,1
2670,4589,0.99,20050708,474,1,1
2674,5748,2.99,20050710,474,1,1
2675,6289,2.99,20050711,474,1,1
2676,6370,3.99,20050711,474,1,1
2678,7039,4.99,20050727,474,1,1
2679,8072,0.99,20050728,474,1,1
2683,10455,1.99,20050801,474,1,1
2687,11593,0.99,20060214,474,1,1
2688,71,0.99,20050525,432,1,1
2690,1340,3.99,20050615,432,1,1
2691,1427,2.99,20050615,432,1,1
2694,3800,8.99,20050706,432,1,1
2695,4209,2.99,20050707,432,1,1
2696,4970,8.99,20050708,432,1,1
2700,6655,4.99,20050712,432,1,1
2702,7921,1.99,20050728,432,1,1
2705,9271,4.99,20050730,432,1,1
2706,11143,0.99,20050802,432,1,1
2708,12657,0.99,20050818,432,1,1
2709,15163,0.99,20050822,432,1,1
2712,468,9.99,20050527,455,1,1
2713,4975,2.99,20050709,455,1,1
2715,5132,5.99,20050709,455,1,1
2717,5757,2.99,20050710,455,1,1
2721,8301,0.99,20050729,455,1,1
2726,10253,6.99,20050801,455,1,1
2727,10407,0.99,20050801,455,1,1
2730,12471,4.99,20050818,455,1,1
2732,14476,0.99,20050821,455,1,1
2736,247,4.99,20050526,262,1,1
2737,358,0.99,20050527,262,1,1
2744,4089,6.99,20050707,262,1,1
2746,4997,6.99,20050709,262,1,1
2747,5009,5.99,20050709,262,1,1
2748,5109,4.99,20050709,262,1,1
2750,5716,2.99,20050710,262,1,1
2755,8186,0.99,20050728,262,1,1
2756,8664,5.99,20050729,262,1,1
2758,9192,2.99,20050730,262,1,1
2761,9780,4.99,20050731,262,1,1
2764,11183,4.99,20050802,262,1,1
2766,13420,9.99,20050819,262,1,1
2767,15049,1.99,20050822,262,1,1
2769,240,7.99,20050526,370,1,1
2770,658,9.99,20050528,370,1,1
2772,2118,0.99,20050617,370,1,1
2773,2197,0.99,20050618,370,1,1
2774,2724,0.99,20050619,370,1,1
2776,3850,4.99,20050706,370,1,1
2778,4213,2.99,20050707,370,1,1
2779,4357,1.99,20050707,370,1,1
2782,6525,5.99,20050712,370,1,1
2785,7310,0.99,20050727,370,1,1
2787,8302,0.99,20050729,370,1,1
2788,8520,4.99,20050729,370,1,1
2791,13676,0.99,20050820,370,1,1
2795,15461,5.99,20050823,370,1,1
2796,15467,3.99,20050823,370,1,1
2797,15599,5.99,20050823,370,1,1
2800,163,10.99,20050526,160,1,1
2803,2107,0.99,20050617,160,1,1
2809,4529,7.99,20050708,160,1,1
2810,4917,2.99,20050708,160,1,1
2811,5376,1.99,20050709,160,1,1
2813,8413,1.99,20050729,160,1,1
2814,9090,3.99,20050730,160,1,1
2816,11700,2.99,20050817,160,1,1
2817,12453,3.99,20050818,160,1,1
2818,13005,0.99,20050819,160,1,1
2819,13017,1.99,20050819,160,1,1
2820,13179,4.99,20050819,160,1,1
2821,13410,3.99,20050819,160,1,1
2822,14218,3.99,20050821,160,1,1
2824,327,8.99,20050527,524,1,1
2826,485,2.99,20050527,524,1,1
2827,779,6.99,20050529,524,1,1
2832,5429,4.99,20050709,524,1,1
2836,7442,2.99,20050727,524,1,1
2841,10513,4.99,20050801,524,1,1
2842,12217,0.99,20050818,524,1,1
2844,13057,6.99,20050819,524,1,1
2845,13751,2.99,20050820,524,1,1
2852,2295,4.99,20050618,430,1,1
2853,3023,4.99,20050620,430,1,1
2854,4229,4.99,20050707,430,1,1
2856,4665,3.99,20050708,430,1,1
2859,7224,3.99,20050727,430,1,1
2860,7483,4.99,20050727,430,1,1
2861,8115,4.99,20050728,430,1,1
2865,10228,2.99,20050801,430,1,1
2866,10444,8.99,20050801,430,1,1
2868,12159,7.99,20050818,430,1,1
2869,12845,2.99,20050819,430,1,1
2871,14920,0.99,20050822,430,1,1
2872,15154,6.99,20050822,430,1,1
2873,170,5.99,20050526,16,1,1
2874,1026,5.99,20050531,16,1,1
2879,3033,3.99,20050620,16,1,1
2888,6811,5.99,20050712,16,1,1
2891,7600,7.99,20050727,16,1,1
2892,8162,4.99,20050728,16,1,1
2894,9155,2.99,20050730,16,1,1
2896,10226,4.99,20050801,16,1,1
2898,13510,6.99,20050820,16,1,1
2899,14562,4.99,20050821,16,1,1
2900,15560,3.99,20050823,16,1,1
2901,13079,1.98,20060214,16,1,1
2902,15497,0.00,20060214,16,1,1
2903,105,4.99,20050525,332,1,1
2906,1425,2.99,20050615,332,1,1
2907,2061,8.99,20050617,332,1,1
2908,2210,2.99,20050618,332,1,1
2910,3875,0.99,20050706,332,1,1
2912,4303,1.99,20050707,332,1,1
2913,4650,4.99,20050708,332,1,1
2914,4754,0.99,20050708,332,1,1
2916,5661,5.99,20050710,332,1,1
2918,6841,0.99,20050712,332,1,1
2921,8846,4.99,20050729,332,1,1
2923,11316,5.99,20050802,332,1,1
2926,12583,2.99,20050818,332,1,1
2931,16001,2.99,20050823,332,1,1
2932,15294,4.99,20060214,332,1,1
2933,203,5.99,20050526,467,1,1
2934,386,0.99,20050527,467,1,1
2936,698,0.99,20050529,467,1,1
2937,1061,7.99,20050531,467,1,1
2938,1106,4.99,20050531,467,1,1
2939,1115,2.99,20050531,467,1,1
2945,4921,4.99,20050708,467,1,1
2946,5027,2.99,20050709,467,1,1
2950,8006,3.99,20050728,467,1,1
2951,9230,0.99,20050730,467,1,1
2952,9871,2.99,20050731,467,1,1
2956,13264,3.99,20050819,467,1,1
2959,515,7.99,20050528,88,1,1
2962,3587,4.99,20050706,88,1,1
2963,4317,2.99,20050707,88,1,1
2965,6160,4.99,20050711,88,1,1
2966,7474,0.99,20050727,88,1,1
2968,7570,2.99,20050727,88,1,1
2969,11647,7.99,20050817,88,1,1
2971,13723,2.99,20050820,88,1,1
2974,1593,6.99,20050616,580,1,1
2981,3551,3.99,20050706,580,1,1
2983,4249,4.99,20050707,580,1,1
2985,6896,2.99,20050712,580,1,1
2990,10952,4.99,20050802,580,1,1
2996,14949,0.99,20050822,580,1,1
2999,396,0.99,20050527,564,1,1
3001,1835,4.99,20050616,564,1,1
3003,2193,4.99,20050618,564,1,1
3005,5351,4.99,20050709,564,1,1
3006,5385,2.99,20050709,564,1,1
3010,9217,4.99,20050730,564,1,1
3013,9830,5.99,20050731,564,1,1
3015,10038,2.99,20050731,564,1,1
3017,11019,2.99,20050802,564,1,1
3018,11599,7.99,20050817,564,1,1
3024,14358,0.99,20050821,564,1,1
3026,15671,0.99,20050823,564,1,1
3027,15687,8.99,20050823,564,1,1
3028,15756,2.99,20050823,564,1,1
3029,510,0.99,20050528,581,1,1
3032,2282,2.99,20050618,581,1,1
3033,2783,2.99,20050619,581,1,1
3035,3124,8.99,20050620,581,1,1
3036,3162,6.99,20050620,581,1,1
3038,4333,2.99,20050707,581,1,1
3042,5774,5.99,20050710,581,1,1
3043,6025,0.99,20050711,581,1,1
3044,6836,0.99,20050712,581,1,1
3049,10378,0.99,20050801,581,1,1
3052,11872,5.99,20050817,581,1,1
3053,12392,5.99,20050818,581,1,1
3056,15600,1.99,20050823,581,1,1
3057,15770,2.99,20050823,581,1,1
3058,205,4.99,20050526,166,1,1
3059,255,4.99,20050526,166,1,1
3061,2059,2.99,20050617,166,1,1
3063,3094,2.99,20050620,166,1,1
3065,3484,4.99,20050705,166,1,1
3066,3924,2.99,20050706,166,1,1
3067,4025,0.99,20050707,166,1,1
3068,5418,0.99,20050709,166,1,1
3070,5625,2.99,20050710,166,1,1
3071,6188,2.99,20050711,166,1,1
3072,6754,4.99,20050712,166,1,1
3078,8590,10.99,20050729,166,1,1
3079,9717,4.99,20050731,166,1,1
3080,11547,4.99,20050817,166,1,1
3082,12685,6.99,20050818,166,1,1
3085,14867,4.99,20050822,166,1,1
3086,15485,0.99,20050823,166,1,1
3087,15528,2.99,20050823,166,1,1
3089,16047,0.99,20050823,166,1,1
3091,915,0.99,20050530,339,1,1
3092,983,0.99,20050530,339,1,1
3093,1102,2.99,20050531,339,1,1
3096,3289,6.99,20050621,339,1,1
3098,3624,0.99,20050706,339,1,1
3099,4780,1.99,20050708,339,1,1
3100,5245,4.99,20050709,339,1,1
3101,6080,2.99,20050711,339,1,1
3103,6373,0.99,20050711,339,1,1
3104,6574,5.99,20050712,339,1,1
3105,6798,6.99,20050712,339,1,1
3108,7983,4.99,20050728,339,1,1
3109,8594,4.99,20050729,339,1,1
3115,11891,2.99,20050817,339,1,1
3118,15176,6.99,20050822,339,1,1
3121,1058,4.99,20050531,247,1,1
3126,2639,4.99,20050619,247,1,1
3127,2861,3.99,20050619,247,1,1
3130,4027,0.99,20050707,247,1,1
3133,6557,4.99,20050712,247,1,1
3134,7238,0.99,20050727,247,1,1
3137,9562,3.99,20050731,247,1,1
3139,10801,1.99,20050801,247,1,1
3143,13369,0.99,20050819,247,1,1
3144,13474,0.99,20050820,247,1,1
3145,13775,6.99,20050820,247,1,1
3147,14907,2.99,20050822,247,1,1
3148,700,0.99,20050529,197,1,1
3150,1755,2.99,20050616,197,1,1
3153,5673,0.99,20050710,197,1,1
3154,6093,9.99,20050711,197,1,1
3155,6449,6.99,20050712,197,1,1
3156,8687,2.99,20050729,197,1,1
3158,10558,4.99,20050801,197,1,1
3160,12143,2.99,20050818,197,1,1
3161,12337,2.99,20050818,197,1,1
3162,12575,6.99,20050818,197,1,1
3163,12618,4.99,20050818,197,1,1
3164,14784,0.99,20050822,197,1,1
3166,15432,2.99,20050823,197,1,1
3170,3263,4.99,20050621,560,1,1
3171,4966,0.99,20050708,560,1,1
3172,5829,1.99,20050710,560,1,1
3173,6377,0.99,20050711,560,1,1
3174,6507,1.99,20050712,560,1,1
3175,7196,2.99,20050727,560,1,1
3176,7850,4.99,20050728,560,1,1
3178,8314,3.99,20050729,560,1,1
3180,8881,4.99,20050730,560,1,1
3186,14924,2.99,20050822,560,1,1
3187,15731,0.99,20050823,560,1,1
3189,235,5.99,20050526,153,1,1
3191,1179,7.99,20050615,153,1,1
3195,5176,5.99,20050709,153,1,1
3196,5268,0.99,20050709,153,1,1
3197,6079,7.99,20050711,153,1,1
3200,8183,5.99,20050728,153,1,1
3201,8304,4.99,20050729,153,1,1
3203,10101,0.99,20050731,153,1,1
3204,10366,3.99,20050801,153,1,1
3206,10681,4.99,20050801,153,1,1
3208,11520,5.99,20050817,153,1,1
3212,13581,4.99,20050820,153,1,1
3217,15111,4.99,20050822,153,1,1
3220,15844,2.99,20050823,153,1,1
3224,1374,3.99,20050615,134,1,1
3225,1820,4.99,20050616,134,1,1
3227,2169,4.99,20050617,134,1,1
3228,2803,9.99,20050619,134,1,1
3229,3133,2.99,20050620,134,1,1
3230,4001,5.99,20050707,134,1,1
3234,4942,1.99,20050708,134,1,1
3237,6989,4.99,20050727,134,1,1
3240,8998,6.99,20050730,134,1,1
3244,10940,3.99,20050802,134,1,1
3248,14001,2.99,20050820,134,1,1
3249,14153,4.99,20050821,134,1,1
3250,14246,4.99,20050821,134,1,1
3253,15780,4.99,20060214,134,1,1
3254,217,4.99,20050526,195,1,1
3255,1634,2.99,20050616,195,1,1
3256,1833,1.99,20050616,195,1,1
3260,7185,0.99,20050727,195,1,1
3262,8370,6.99,20050729,195,1,1
3271,12881,5.99,20050819,195,1,1
3273,14138,7.99,20050821,195,1,1
3274,14177,4.99,20050821,195,1,1
3276,14464,2.99,20050821,195,1,1
3278,15369,0.99,20050822,195,1,1
3279,16041,2.99,20050823,195,1,1
3282,1211,0.99,20050615,391,1,1
3285,2253,0.99,20050618,391,1,1
3286,2482,4.99,20050618,391,1,1
3289,3778,2.99,20050706,391,1,1
3291,4239,7.99,20050707,391,1,1
3292,4568,4.99,20050708,391,1,1
3295,6427,0.99,20050711,391,1,1
3296,6436,0.99,20050712,391,1,1
3298,7267,2.99,20050727,391,1,1
3300,8077,2.99,20050728,391,1,1
3302,8772,5.99,20050729,391,1,1
3304,10626,1.99,20050801,391,1,1
3309,13171,2.99,20050819,391,1,1
3310,13812,4.99,20050820,391,1,1
3312,992,2.99,20050530,236,1,1
3314,1751,0.99,20050616,236,1,1
3317,2594,2.99,20050619,236,1,1
3318,4442,3.99,20050707,236,1,1
3319,4860,8.99,20050708,236,1,1
3321,7727,2.99,20050728,236,1,1
3323,7852,2.99,20050728,236,1,1
3324,7969,5.99,20050728,236,1,1
3327,10066,4.99,20050731,236,1,1
3329,12360,2.99,20050818,236,1,1
3330,12402,3.99,20050818,236,1,1
3331,13668,2.99,20050820,236,1,1
3334,15621,1.99,20050823,236,1,1
3336,775,0.99,20050529,516,1,1
3341,4341,7.99,20050707,516,1,1
3343,5566,2.99,20050710,516,1,1
3344,6411,2.99,20050711,516,1,1
3345,7519,6.99,20050727,516,1,1
3348,9986,3.99,20050731,516,1,1
3350,12835,4.99,20050819,516,1,1
3355,1481,2.99,20050615,462,1,1
3356,2355,3.99,20050618,462,1,1
3357,2826,7.99,20050619,462,1,1
3358,3118,4.99,20050620,462,1,1
3359,3617,4.99,20050706,462,1,1
3360,5200,2.99,20050709,462,1,1
3362,6055,0.99,20050711,462,1,1
3364,7323,4.99,20050727,462,1,1
3368,8433,2.99,20050729,462,1,1
3369,8832,4.99,20050729,462,1,1
3370,9129,9.99,20050730,462,1,1
3371,9496,4.99,20050730,462,1,1
3373,9722,4.99,20050731,462,1,1
3375,10583,2.99,20050801,462,1,1
3376,10699,2.99,20050801,462,1,1
3378,11806,4.99,20050817,462,1,1
3379,11832,4.99,20050817,462,1,1
3380,11999,0.99,20050817,462,1,1
3381,12075,4.99,20050817,462,1,1
3385,15055,2.99,20050822,462,1,1
3386,9,4.99,20050525,54,1,1
3387,752,4.99,20050529,54,1,1
3389,3450,2.99,20050621,54,1,1
3391,3725,4.99,20050706,54,1,1
3392,3804,7.99,20050706,54,1,1
3393,4691,0.99,20050708,54,1,1
3396,5865,0.99,20050710,54,1,1
3397,6747,0.99,20050712,54,1,1
3399,7962,0.99,20050728,54,1,1
3400,8091,2.99,20050728,54,1,1
3401,9492,6.99,20050730,54,1,1
3403,11196,9.99,20050802,54,1,1
3405,11779,3.99,20050817,54,1,1
3406,11801,0.99,20050817,54,1,1
3413,16007,7.99,20050823,54,1,1
3414,452,0.99,20050527,449,1,1
3415,708,0.99,20050529,449,1,1
3416,1293,4.99,20050615,449,1,1
3419,4652,5.99,20050708,449,1,1
3423,7912,4.99,20050728,449,1,1
3425,9859,6.99,20050731,449,1,1
3426,10197,2.99,20050801,449,1,1
3427,10787,10.99,20050801,449,1,1
3428,10973,7.99,20050802,449,1,1
3429,11235,0.99,20050802,449,1,1
3433,13091,2.99,20050819,449,1,1
3435,14189,2.99,20050821,449,1,1
3436,15463,5.99,20050823,449,1,1
3441,2565,0.99,20050619,415,1,1
3442,3751,0.99,20050706,415,1,1
3444,5270,2.99,20050709,415,1,1
3445,5647,4.99,20050710,415,1,1
3454,9433,5.99,20050730,415,1,1
3456,9952,3.99,20050731,415,1,1
3457,10011,2.99,20050731,415,1,1
3458,10394,2.99,20050801,415,1,1
3464,13509,0.99,20050820,415,1,1
3467,14925,8.99,20050822,415,1,1
3468,15220,3.99,20050822,415,1,1
3469,15835,8.99,20050823,415,1,1
3471,2727,3.99,20050619,105,1,1
3474,3183,4.99,20050620,105,1,1
3475,3219,3.99,20050621,105,1,1
3476,3689,0.99,20050706,105,1,1
3480,4602,0.99,20050708,105,1,1
3481,4896,2.99,20050708,105,1,1
3482,4996,0.99,20050709,105,1,1
3483,5127,0.99,20050709,105,1,1
3485,8339,4.99,20050729,105,1,1
3486,8345,2.99,20050729,105,1,1
3488,9983,7.99,20050731,105,1,1
3489,10024,7.99,20050731,105,1,1
3492,10468,0.99,20050801,105,1,1
3493,10483,2.99,20050801,105,1,1
3499,13915,4.99,20050820,105,1,1
3500,13919,4.99,20050820,105,1,1
3501,13961,0.99,20050820,105,1,1
3502,14353,0.99,20050821,105,1,1
3504,1,2.99,20050524,48,1,1
3505,746,2.99,20050529,48,1,1
3506,1630,2.99,20050616,48,1,1
3510,2535,2.99,20050619,48,1,1
3511,2982,6.99,20050620,48,1,1
3514,6353,3.99,20050711,48,1,1
3515,7181,4.99,20050727,48,1,1
3516,7728,0.99,20050728,48,1,1
3517,9452,0.99,20050730,48,1,1
3522,11811,2.99,20050817,48,1,1
3523,12094,2.99,20050817,48,1,1
3524,12777,6.99,20050818,48,1,1
3527,15777,4.99,20050823,48,1,1
3529,83,4.99,20050525,527,1,1
3531,1646,9.99,20050616,527,1,1
3533,3515,2.99,20050706,527,1,1
3534,5233,4.99,20050709,527,1,1
3535,5395,4.99,20050709,527,1,1
3536,5610,2.99,20050710,527,1,1
3538,5874,3.99,20050710,527,1,1
3539,7557,2.99,20050727,527,1,1
3541,8267,6.99,20050729,527,1,1
3542,8570,8.99,20050729,527,1,1
3543,9323,3.99,20050730,527,1,1
3544,10179,2.99,20050731,527,1,1
3545,10459,4.99,20050801,527,1,1
3546,10861,1.99,20050802,527,1,1
3548,11973,2.99,20050817,527,1,1
3549,12216,0.99,20050818,527,1,1
3551,12372,9.99,20050818,527,1,1
3555,13407,0.99,20050819,527,1,1
3557,16042,2.99,20050823,527,1,1
3558,1843,0.99,20050616,463,1,1
3559,2208,4.99,20050618,463,1,1
3560,2384,0.99,20050618,463,1,1
3563,3121,4.99,20050620,463,1,1
3564,3706,0.99,20050706,463,1,1
3566,4168,4.99,20050707,463,1,1
3567,4534,4.99,20050708,463,1,1
3568,4557,5.99,20050708,463,1,1
3570,5391,2.99,20050709,463,1,1
3572,5703,0.99,20050710,463,1,1
3574,6239,6.99,20050711,463,1,1
3575,6978,1.99,20050727,463,1,1
3577,7631,1.99,20050728,463,1,1
3579,10400,6.99,20050801,463,1,1
3581,10638,6.99,20050801,463,1,1
3585,15874,4.99,20050823,463,1,1
3586,275,6.99,20050526,344,1,1
3590,3006,0.99,20050620,344,1,1
3594,4681,6.99,20050708,344,1,1
3597,6157,4.99,20050711,344,1,1
3598,6609,3.99,20050712,344,1,1
3599,7177,2.99,20050727,344,1,1
3600,7400,0.99,20050727,344,1,1
3603,9175,0.99,20050730,344,1,1
3605,10665,0.99,20050801,344,1,1
3606,12419,4.99,20050818,344,1,1
3607,12834,4.99,20050819,344,1,1
3609,13455,1.99,20050820,344,1,1
3612,16009,6.99,20050823,344,1,1
3613,366,3.99,20050527,151,1,1
3615,814,6.99,20050529,151,1,1
3617,1618,9.99,20050616,151,1,1
3620,3267,5.99,20050621,151,1,1
3621,5315,4.99,20050709,151,1,1
3623,6659,0.99,20050712,151,1,1
3627,10864,6.99,20050802,151,1,1
3628,11280,3.99,20050802,151,1,1
3629,11283,4.99,20050802,151,1,1
3631,12754,7.99,20050818,151,1,1
3636,78,5.99,20050525,220,1,1
3641,4102,0.99,20050707,220,1,1
3643,5541,0.99,20050710,220,1,1
3644,6117,3.99,20050711,220,1,1
3645,6461,3.99,20050712,220,1,1
3646,6817,3.99,20050712,220,1,1
3648,7437,0.99,20050727,220,1,1
3649,7554,7.99,20050727,220,1,1
3650,7734,0.99,20050728,220,1,1
3651,8315,0.99,20050729,220,1,1
3653,8987,6.99,20050730,220,1,1
3656,10611,2.99,20050801,220,1,1
3657,10698,3.99,20050801,220,1,1
3659,11704,7.99,20050817,220,1,1
3660,12249,2.99,20050818,220,1,1
3661,13035,0.99,20050819,220,1,1
3662,14005,0.99,20050820,220,1,1
3665,13390,0.99,20060214,220,1,1
3668,4927,0.99,20050708,202,1,1
3669,5627,3.99,20050710,202,1,1
3671,6585,8.99,20050712,202,1,1
3675,12287,5.99,20050818,202,1,1
3679,14437,2.99,20050821,202,1,1
3680,15439,4.99,20050823,202,1,1
3681,925,2.99,20050530,360,1,1
3682,2469,6.99,20050618,360,1,1
3683,2785,2.99,20050619,360,1,1
3685,3436,5.99,20050621,360,1,1
3689,4332,6.99,20050707,360,1,1
3691,5106,2.99,20050709,360,1,1
3692,5443,3.99,20050709,360,1,1
3693,5804,2.99,20050710,360,1,1
3694,6039,6.99,20050711,360,1,1
3696,8028,8.99,20050728,360,1,1
3697,8106,4.99,20050728,360,1,1
3699,9002,4.99,20050730,360,1,1
3702,9709,4.99,20050731,360,1,1
3703,9789,2.99,20050731,360,1,1
3704,10175,6.99,20050731,360,1,1
3708,11281,3.99,20050802,360,1,1
3710,12078,2.99,20050817,360,1,1
3711,13148,0.99,20050819,360,1,1
3712,13472,5.99,20050820,360,1,1
3713,13776,5.99,20050820,360,1,1
3714,14754,7.99,20050821,360,1,1
3716,15133,0.99,20050822,360,1,1
3719,16030,9.99,20050823,360,1,1
3720,523,2.99,20050528,94,1,1
3721,1020,0.99,20050531,94,1,1
3724,2731,7.99,20050619,94,1,1
3726,5378,0.99,20050709,94,1,1
3727,5600,1.99,20050710,94,1,1
3728,5679,4.99,20050710,94,1,1
3729,6458,2.99,20050712,94,1,1
3730,6892,0.99,20050712,94,1,1
3731,7208,2.99,20050727,94,1,1
3732,7754,2.99,20050728,94,1,1
3735,8424,3.99,20050729,94,1,1
3737,9619,0.99,20050731,94,1,1
3738,9947,9.99,20050731,94,1,1
3739,10110,0.99,20050731,94,1,1
3741,10268,3.99,20050801,94,1,1
3742,10431,5.99,20050801,94,1,1
3743,11015,4.99,20050802,94,1,1
3744,11088,0.99,20050802,94,1,1
3745,11463,0.99,20050802,94,1,1
3748,14194,1.99,20050821,94,1,1
3751,14987,4.99,20050822,94,1,1
3752,15424,2.99,20050823,94,1,1
3753,15501,0.99,20050823,94,1,1
3755,1736,2.99,20050616,498,1,1
3756,2659,0.99,20050619,498,1,1
3762,5390,6.99,20050709,498,1,1
3763,5494,6.99,20050710,498,1,1
3764,6496,6.99,20050712,498,1,1
3766,7369,0.99,20050727,498,1,1
3770,10900,2.99,20050802,498,1,1
3771,12859,6.99,20050819,498,1,1
3774,14788,2.99,20050822,498,1,1
3775,15024,2.99,20050822,498,1,1
3777,15062,2.99,20050822,498,1,1
3778,15218,9.99,20050822,498,1,1
3779,15471,3.99,20050823,498,1,1
3780,15743,0.99,20050823,498,1,1
3781,1586,4.99,20050616,552,1,1
3782,1687,2.99,20050616,552,1,1
3785,6286,4.99,20050711,552,1,1
3786,6407,9.99,20050711,552,1,1
3788,6918,2.99,20050712,552,1,1
3789,7170,4.99,20050727,552,1,1
3790,9094,4.99,20050730,552,1,1
3791,9404,0.99,20050730,552,1,1
3792,10342,6.99,20050801,552,1,1
3794,12086,4.99,20050817,552,1,1
3795,12675,4.99,20050818,552,1,1
3797,15261,2.99,20050822,552,1,1
3798,15852,2.99,20050823,552,1,1
3802,3434,4.99,20050621,274,1,1
3803,4057,1.99,20050707,274,1,1
3805,4656,5.99,20050708,274,1,1
3807,5769,0.99,20050710,274,1,1
3810,8434,4.99,20050729,274,1,1
3812,9584,4.99,20050731,274,1,1
3814,10287,3.99,20050801,274,1,1
3815,10379,1.99,20050801,274,1,1
3816,10798,4.99,20050801,274,1,1
3817,11411,2.99,20050802,274,1,1
3818,11412,5.99,20050802,274,1,1
3819,12032,5.99,20050817,274,1,1
3820,12093,2.99,20050817,274,1,1
3823,13000,0.99,20050819,274,1,1
3827,14112,2.99,20050821,274,1,1
3828,15013,4.99,20050822,274,1,1
3829,15309,0.99,20050822,274,1,1
3830,15964,2.99,20050823,274,1,1
3832,148,0.99,20050526,535,1,1
3833,575,9.99,20050528,535,1,1
3834,1268,1.99,20050615,535,1,1
3835,3214,2.99,20050621,535,1,1
3838,4531,4.99,20050708,535,1,1
3839,6522,0.99,20050712,535,1,1
3840,7764,2.99,20050728,535,1,1
3843,9020,7.99,20050730,535,1,1
3844,9131,2.99,20050730,535,1,1
3845,9419,5.99,20050730,535,1,1
3848,12964,0.99,20050819,535,1,1
3849,13044,0.99,20050819,535,1,1
3851,13959,0.99,20050820,535,1,1
3855,15477,1.99,20050823,535,1,1
3856,15454,0.99,20060214,535,1,1
3857,221,2.99,20050526,515,1,1
3858,312,2.99,20050526,515,1,1
3860,1942,4.99,20050617,515,1,1
3862,2574,0.99,20050619,515,1,1
3863,2588,4.99,20050619,515,1,1
3864,4031,7.99,20050707,515,1,1
3866,4585,7.99,20050708,515,1,1
3869,8312,0.99,20050729,515,1,1
3870,8335,0.99,20050729,515,1,1
3872,10118,0.99,20050731,515,1,1
3873,11278,6.99,20050802,515,1,1
3875,12408,2.99,20050818,515,1,1
3877,15250,5.99,20050822,515,1,1
3878,16029,4.99,20050823,515,1,1
3879,323,2.99,20050527,33,1,1
3881,1814,5.99,20050616,33,1,1
3882,1943,0.99,20050617,33,1,1
3883,2756,4.99,20050619,33,1,1
3885,3145,2.99,20050620,33,1,1
3886,3321,2.99,20050621,33,1,1
3887,4726,6.99,20050708,33,1,1
3897,7830,0.99,20050728,33,1,1
3898,7858,3.99,20050728,33,1,1
3900,8983,0.99,20050730,33,1,1
3901,9034,7.99,20050730,33,1,1
3902,9098,3.99,20050730,33,1,1
3905,10302,0.99,20050801,33,1,1
3906,10593,4.99,20050801,33,1,1
3907,10740,5.99,20050801,33,1,1
3908,10951,4.99,20050802,33,1,1
3909,11228,2.99,20050802,33,1,1
3911,11534,7.99,20050817,33,1,1
3912,11859,4.99,20050817,33,1,1
3915,12858,3.99,20050819,33,1,1
3919,15017,1.99,20050822,33,1,1
3920,15753,7.99,20050823,33,1,1
3921,500,0.99,20050528,471,1,1
3924,3647,5.99,20050706,471,1,1
3926,4364,4.99,20050707,471,1,1
3928,4470,2.99,20050708,471,1,1
3931,6339,1.99,20050711,471,1,1
3934,7529,7.99,20050727,471,1,1
3936,8380,0.99,20050729,471,1,1
3937,9156,2.99,20050730,471,1,1
3942,12637,2.99,20050818,471,1,1
3945,13164,3.99,20050819,471,1,1
3950,1073,4.99,20050531,575,1,1
3954,2242,3.99,20050618,575,1,1
3955,2342,2.99,20050618,575,1,1
3956,2800,0.99,20050619,575,1,1
3957,3131,4.99,20050620,575,1,1
3958,4849,6.99,20050708,575,1,1
3960,6102,7.99,20050711,575,1,1
3962,6327,4.99,20050711,575,1,1
3963,6990,0.99,20050727,575,1,1
3966,11221,2.99,20050802,575,1,1
3969,11573,4.99,20050817,575,1,1
3970,11857,4.99,20050817,575,1,1
3971,12129,7.99,20050817,575,1,1
3972,12385,2.99,20050818,575,1,1
3973,12888,4.99,20050819,575,1,1
3974,13606,4.99,20050820,575,1,1
3977,15842,6.99,20050823,575,1,1
3978,362,0.99,20050527,303,1,1
3979,509,0.99,20050528,303,1,1
3980,2171,0.99,20050618,303,1,1
3981,2456,6.99,20050618,303,1,1
3988,5567,2.99,20050710,303,1,1
3989,5844,0.99,20050710,303,1,1
3994,7723,0.99,20050728,303,1,1
3995,8893,2.99,20050730,303,1,1
3997,10706,7.99,20050801,303,1,1
3999,12284,4.99,20050818,303,1,1
4000,12757,4.99,20050818,303,1,1
4004,14156,0.99,20050821,303,1,1
4007,15052,2.99,20050822,303,1,1
4010,15730,8.99,20050823,303,1,1
4012,682,4.99,20050528,425,1,1
4013,1501,1.99,20050615,425,1,1
4018,3653,0.99,20050706,425,1,1
4019,4080,0.99,20050707,425,1,1
4020,4746,2.99,20050708,425,1,1
4021,4950,2.99,20050708,425,1,1
4022,5034,4.99,20050709,425,1,1
4023,5372,4.99,20050709,425,1,1
4024,6169,1.99,20050711,425,1,1
4025,6640,8.99,20050712,425,1,1
4027,7656,0.99,20050728,425,1,1
4029,7865,9.99,20050728,425,1,1
4032,8394,4.99,20050729,425,1,1
4035,9023,5.99,20050730,425,1,1
4036,9106,2.99,20050730,425,1,1
4037,9530,1.99,20050731,425,1,1
4038,9594,4.99,20050731,425,1,1
4041,11357,10.99,20050802,425,1,1
4042,12029,2.99,20050817,425,1,1
4045,12944,6.99,20050819,425,1,1
4046,12983,6.99,20050819,425,1,1
4047,14055,0.99,20050820,425,1,1
4048,14155,4.99,20050821,425,1,1
4056,15541,3.99,20050823,425,1,1
4058,764,4.99,20050529,549,1,1
4060,1800,2.99,20050616,549,1,1
4063,2305,5.99,20050618,549,1,1
4065,2752,0.99,20050619,549,1,1
4066,3894,2.99,20050706,549,1,1
4067,3939,6.99,20050706,549,1,1
4068,4766,3.99,20050708,549,1,1
4069,4837,0.99,20050708,549,1,1
4070,5091,2.99,20050709,549,1,1
4071,5298,10.99,20050709,549,1,1
4072,6356,4.99,20050711,549,1,1
4075,7989,6.99,20050728,549,1,1
4079,11561,2.99,20050817,549,1,1
4080,12000,4.99,20050817,549,1,1
4081,14771,3.99,20050821,549,1,1
4084,422,3.99,20050527,330,1,1
4085,609,2.99,20050528,330,1,1
4086,995,3.99,20050531,330,1,1
4088,3456,5.99,20050621,330,1,1
4089,4271,6.99,20050707,330,1,1
4090,6633,2.99,20050712,330,1,1
4092,9121,2.99,20050730,330,1,1
4093,10686,2.99,20050801,330,1,1
4099,12887,1.99,20050819,330,1,1
4101,13116,6.99,20050819,330,1,1
4103,13372,2.99,20050819,330,1,1
4108,14663,0.99,20050821,330,1,1
4113,3017,3.99,20050620,101,1,1
4116,4376,2.99,20050707,101,1,1
4120,7189,0.99,20050727,101,1,1
4122,9253,4.99,20050730,101,1,1
4123,9890,4.99,20050731,101,1,1
4124,9969,2.99,20050731,101,1,1
4125,10078,2.99,20050731,101,1,1
4126,10311,4.99,20050801,101,1,1
4127,10662,2.99,20050801,101,1,1
4130,13568,5.99,20050820,101,1,1
4131,14856,4.99,20050822,101,1,1
4133,15227,4.99,20050822,101,1,1
4134,15926,2.99,20050823,101,1,1
4137,745,4.99,20050529,214,1,1
4138,2882,4.99,20050620,214,1,1
4140,3786,7.99,20050706,214,1,1
4141,4974,4.99,20050709,214,1,1
4142,6273,0.99,20050711,214,1,1
4143,6612,2.99,20050712,214,1,1
4144,9010,5.99,20050730,214,1,1
4145,10320,6.99,20050801,214,1,1
4148,12697,2.99,20050818,214,1,1
4149,12917,4.99,20050819,214,1,1
4151,13204,4.99,20050819,214,1,1
4153,13986,0.99,20050820,214,1,1
4154,14173,0.99,20050821,214,1,1
4157,2224,0.99,20050618,243,1,1
4158,2649,0.99,20050619,243,1,1
4159,2893,4.99,20050620,243,1,1
4160,2945,5.99,20050620,243,1,1
4161,3795,0.99,20050706,243,1,1
4162,3949,0.99,20050706,243,1,1
4163,4194,5.99,20050707,243,1,1
4172,12103,1.99,20050817,243,1,1
4173,12439,3.99,20050818,243,1,1
4174,12882,4.99,20050819,243,1,1
4175,14664,4.99,20050821,243,1,1
4176,14747,4.99,20050821,243,1,1
4177,14944,4.99,20050822,243,1,1
4180,15593,1.99,20050823,243,1,1
4181,469,5.99,20050527,128,1,1
4184,1963,0.99,20050617,128,1,1
4185,2886,4.99,20050620,128,1,1
4186,2985,2.99,20050620,128,1,1
4190,4252,2.99,20050707,128,1,1
4191,4850,5.99,20050708,128,1,1
4192,5101,0.99,20050709,128,1,1
4194,6048,0.99,20050711,128,1,1
4196,7055,4.99,20050727,128,1,1
4197,7156,4.99,20050727,128,1,1
4201,10278,6.99,20050801,128,1,1
4202,10851,4.99,20050801,128,1,1
4203,11296,5.99,20050802,128,1,1
4204,12341,0.99,20050818,128,1,1
4208,14918,6.99,20050822,128,1,1
4209,15351,0.99,20050822,128,1,1
4210,15721,2.99,20050823,128,1,1
4211,568,2.99,20050528,488,1,1
4213,1554,7.99,20050616,488,1,1
4214,2028,7.99,20050617,488,1,1
4215,2869,4.99,20050620,488,1,1
4217,5128,1.99,20050709,488,1,1
4218,6066,5.99,20050711,488,1,1
4219,6085,4.99,20050711,488,1,1
4221,6443,2.99,20050712,488,1,1
4222,7077,3.99,20050727,488,1,1
4223,7492,2.99,20050727,488,1,1
4226,10098,0.99,20050731,488,1,1
4227,11033,4.99,20050802,488,1,1
4229,14324,8.99,20050821,488,1,1
4231,14753,2.99,20050821,488,1,1
4233,15106,0.99,20050822,488,1,1
4235,12352,0.00,20060214,488,1,1
4237,1052,4.99,20050531,373,1,1
4240,2658,4.99,20050619,373,1,1
4241,2782,0.99,20050619,373,1,1
4244,5828,2.99,20050710,373,1,1
4249,9409,6.99,20050730,373,1,1
4250,9696,0.99,20050731,373,1,1
4253,11587,5.99,20050817,373,1,1
4257,14794,1.99,20050822,373,1,1
4259,14914,0.99,20050822,373,1,1
4260,15408,6.99,20050822,373,1,1
4262,642,4.99,20050528,378,1,1
4264,3739,0.99,20050706,378,1,1
4265,4253,5.99,20050707,378,1,1
4267,4919,0.99,20050708,378,1,1
4268,5862,4.99,20050710,378,1,1
4269,7110,2.99,20050727,378,1,1
4276,8707,0.99,20050729,378,1,1
4277,8827,4.99,20050729,378,1,1
4280,9958,2.99,20050731,378,1,1
4281,10203,4.99,20050801,378,1,1
4284,12213,5.99,20050818,378,1,1
4285,12464,6.99,20050818,378,1,1
4286,12916,0.99,20050819,378,1,1
4287,13097,4.99,20050819,378,1,1
4288,13214,4.99,20050819,378,1,1
4289,13481,6.99,20050820,378,1,1
4290,13728,2.99,20050820,378,1,1
4293,293,5.99,20050526,561,1,1
4294,1380,0.99,20050615,561,1,1
4298,4117,8.99,20050707,561,1,1
4299,5672,2.99,20050710,561,1,1
4300,5988,4.99,20050711,561,1,1
4301,6416,2.99,20050711,561,1,1
4304,7732,0.99,20050728,561,1,1
4306,8750,2.99,20050729,561,1,1
4307,8957,1.99,20050730,561,1,1
4308,9393,2.99,20050730,561,1,1
4309,9713,1.99,20050731,561,1,1
4310,9801,2.99,20050731,561,1,1
4312,11103,6.99,20050802,561,1,1
4313,11272,0.99,20050802,561,1,1
4314,11420,2.99,20050802,561,1,1
4319,13926,2.99,20050820,561,1,1
4321,15763,2.99,20050823,561,1,1
4322,15796,5.99,20050823,561,1,1
4323,15802,5.99,20050823,561,1,1
4326,598,0.99,20050528,24,1,1
4327,832,3.99,20050529,24,1,1
4328,1695,0.99,20050616,24,1,1
4329,2572,0.99,20050619,24,1,1
4335,8470,0.99,20050729,24,1,1
4338,9559,7.99,20050731,24,1,1
4339,9917,4.99,20050731,24,1,1
4342,13933,0.99,20050820,24,1,1
4344,15197,0.99,20050822,24,1,1
4346,2465,2.99,20050618,441,1,1
4348,4842,0.99,20050708,441,1,1
4349,4908,5.99,20050708,441,1,1
4353,8184,4.99,20050728,441,1,1
4354,9681,0.99,20050731,441,1,1
4357,10305,2.99,20050801,441,1,1
4362,11803,2.99,20050817,441,1,1
4363,11888,7.99,20050817,441,1,1
4365,12435,7.99,20050818,441,1,1
4367,14868,4.99,20050822,441,1,1
4368,15112,2.99,20050822,441,1,1
4370,15962,4.99,20050823,441,1,1
4371,16027,3.99,20050823,441,1,1
4374,520,5.99,20050528,265,1,1
4376,612,2.99,20050528,265,1,1
4377,1003,0.99,20050531,265,1,1
4378,1856,2.99,20050617,265,1,1
4379,3075,3.99,20050620,265,1,1
4380,3948,4.99,20050706,265,1,1
4383,4490,2.99,20050708,265,1,1
4386,7003,2.99,20050727,265,1,1
4388,9135,4.99,20050730,265,1,1
4390,10241,5.99,20050801,265,1,1
4391,10355,0.99,20050801,265,1,1
4392,10637,2.99,20050801,265,1,1
4393,10863,6.99,20050802,265,1,1
4395,11838,2.99,20050817,265,1,1
4397,14370,7.99,20050821,265,1,1
4398,15000,0.99,20050822,265,1,1
4401,15420,5.99,20050822,265,1,1
4402,285,1.99,20050526,159,1,1
4403,501,4.99,20050528,159,1,1
4404,688,4.99,20050529,159,1,1
4406,2366,0.99,20050618,159,1,1
4407,2547,4.99,20050619,159,1,1
4408,3040,0.99,20050620,159,1,1
4412,8582,4.99,20050729,159,1,1
4414,9726,7.99,20050731,159,1,1
4415,9775,0.99,20050731,159,1,1
4418,13288,4.99,20050819,159,1,1
4420,15332,4.99,20050822,159,1,1
4421,14220,0.99,20060214,159,1,1
4426,2994,6.99,20050620,283,1,1
4427,3179,0.99,20050620,283,1,1
4429,4126,1.99,20050707,283,1,1
4431,5574,10.99,20050710,283,1,1
4432,6109,0.99,20050711,283,1,1
4433,6831,1.99,20050712,283,1,1
4434,7303,1.99,20050727,283,1,1
4435,7403,2.99,20050727,283,1,1
4442,12154,2.99,20050818,283,1,1
4447,15520,8.99,20050823,283,1,1
4448,15847,0.99,20050823,283,1,1
4450,15282,0.00,20060214,283,1,1
4454,3082,8.99,20050620,520,1,1
4456,5895,3.99,20050710,520,1,1
4457,6393,0.99,20050711,520,1,1
4459,6637,4.99,20050712,520,1,1
4461,6980,3.99,20050727,520,1,1
4462,7227,6.99,20050727,520,1,1
4468,2013,3.99,20050617,93,1,1
4471,3784,5.99,20050706,93,1,1
4474,5472,4.99,20050709,93,1,1
4477,5973,0.99,20050711,93,1,1
4478,7074,2.99,20050727,93,1,1
4479,8608,0.99,20050729,93,1,1
4482,10565,4.99,20050801,93,1,1
4483,11484,2.99,20050802,93,1,1
4486,15801,3.99,20050823,93,1,1
4488,662,1.99,20050528,314,1,1
4490,2211,3.99,20050618,314,1,1
4491,2874,5.99,20050620,314,1,1
4492,3085,0.99,20050620,314,1,1
4494,3642,2.99,20050706,314,1,1
4496,4658,0.99,20050708,314,1,1
4497,5184,4.99,20050709,314,1,1
4499,5646,2.99,20050710,314,1,1
4500,5855,7.99,20050710,314,1,1
4503,7581,2.99,20050727,314,1,1
4504,8052,5.99,20050728,314,1,1
4505,9009,8.99,20050730,314,1,1
4508,12968,4.99,20050819,314,1,1
4513,15213,5.99,20050822,314,1,1
4516,280,2.99,20050526,192,1,1
4517,365,2.99,20050527,192,1,1
4518,927,4.99,20050530,192,1,1
4519,1416,3.99,20050615,192,1,1
4520,1509,5.99,20050615,192,1,1
4525,5178,4.99,20050709,192,1,1
4526,5191,0.99,20050709,192,1,1
4527,5413,4.99,20050709,192,1,1
4528,5781,2.99,20050710,192,1,1
4530,7608,4.99,20050728,192,1,1
4531,8092,2.99,20050728,192,1,1
4533,8318,2.99,20050729,192,1,1
4534,8793,0.99,20050729,192,1,1
4538,12642,4.99,20050818,192,1,1
4540,12978,4.99,20050819,192,1,1
4541,13825,6.99,20050820,192,1,1
4542,13870,1.99,20050820,192,1,1
4543,15003,3.99,20050822,192,1,1
4544,15050,0.99,20050822,192,1,1
4549,488,4.99,20050528,96,1,1
4551,3530,2.99,20050706,96,1,1
4552,4308,5.99,20050707,96,1,1
4555,5459,0.99,20050709,96,1,1
4556,5907,5.99,20050710,96,1,1
4557,6334,5.99,20050711,96,1,1
4561,8527,1.99,20050729,96,1,1
4565,9418,4.99,20050730,96,1,1
4569,11551,0.99,20050817,96,1,1
4570,11627,10.99,20050817,96,1,1
4571,11631,1.99,20050817,96,1,1
4572,12545,6.99,20050818,96,1,1
4573,12781,2.99,20050818,96,1,1
4574,13018,8.99,20050819,96,1,1
4577,14090,2.99,20050821,96,1,1
4578,15033,3.99,20050822,96,1,1
4579,15165,2.99,20050822,96,1,1
4581,15894,0.99,20060214,96,1,1
4583,1087,4.99,20050531,108,1,1
4584,2023,4.99,20050617,108,1,1
4585,3261,2.99,20050621,108,1,1
4586,3493,8.99,20050705,108,1,1
4587,4687,4.99,20050708,108,1,1
4588,5066,2.99,20050709,108,1,1
4589,6143,3.99,20050711,108,1,1
4593,7597,0.99,20050727,108,1,1
4597,11898,5.99,20050817,108,1,1
4604,211,2.99,20050526,232,1,1
4605,377,5.99,20050527,232,1,1
4610,3749,4.99,20050706,232,1,1
4614,5573,4.99,20050710,232,1,1
4617,7999,7.99,20050728,232,1,1
4619,9817,2.99,20050731,232,1,1
4620,10102,9.99,20050731,232,1,1
4622,11039,0.99,20050802,232,1,1
4624,12967,3.99,20050819,232,1,1
4625,13081,0.99,20050819,232,1,1
4629,15549,7.99,20050823,232,1,1
4634,2497,4.99,20050618,315,1,1
4638,3621,0.99,20050706,315,1,1
4640,5660,5.99,20050710,315,1,1
4641,5986,4.99,20050711,315,1,1
4642,6766,2.99,20050712,315,1,1
4644,7037,3.99,20050727,315,1,1
4648,12600,4.99,20050818,315,1,1
4649,12962,5.99,20050819,315,1,1
4653,14270,1.99,20050821,315,1,1
4657,685,6.99,20050529,510,1,1
4658,837,0.99,20050530,510,1,1
4660,2052,0.99,20050617,510,1,1
4662,4820,5.99,20050708,510,1,1
4663,4821,4.99,20050708,510,1,1
4666,6380,0.99,20050711,510,1,1
4667,6875,5.99,20050712,510,1,1
4668,7122,6.99,20050727,510,1,1
4669,7135,2.99,20050727,510,1,1
4670,7194,3.99,20050727,510,1,1
4672,7638,4.99,20050728,510,1,1
4674,9118,2.99,20050730,510,1,1
4676,10312,3.99,20050801,510,1,1
4683,13342,0.99,20050819,510,1,1
4685,14991,4.99,20050822,510,1,1
4687,15902,3.99,20050823,510,1,1
4690,628,4.99,20050528,23,1,1
4693,2602,2.99,20050619,23,1,1
4695,3336,4.99,20050621,23,1,1
4697,4904,7.99,20050708,23,1,1
4700,5488,2.99,20050710,23,1,1
4702,5615,3.99,20050710,23,1,1
4704,7644,0.99,20050728,23,1,1
4708,9097,4.99,20050730,23,1,1
4710,10351,5.99,20050801,23,1,1
4712,12282,6.99,20050818,23,1,1
4714,14654,2.99,20050821,23,1,1
4716,15775,8.99,20050823,23,1,1
4717,16010,2.99,20050823,23,1,1
4718,41,5.99,20050525,583,1,1
4721,1609,0.99,20050616,583,1,1
4722,2326,5.99,20050618,583,1,1
4726,6909,4.99,20050712,583,1,1
4728,8754,4.99,20050729,583,1,1
4729,9301,4.99,20050730,583,1,1
4730,9847,2.99,20050731,583,1,1
4731,10363,2.99,20050801,583,1,1
4733,10559,8.99,20050801,583,1,1
4734,11525,0.99,20050817,583,1,1
4736,13185,0.99,20050819,583,1,1
4737,15892,1.99,20050823,583,1,1
4738,15975,4.99,20050823,583,1,1
4741,3625,4.99,20050706,181,1,1
4743,5232,1.99,20050709,181,1,1
4745,7448,2.99,20050727,181,1,1
4746,7771,0.99,20050728,181,1,1
4747,8244,2.99,20050729,181,1,1
4748,8264,4.99,20050729,181,1,1
4749,8440,3.99,20050729,181,1,1
4750,8817,4.99,20050729,181,1,1
4753,10875,0.99,20050802,181,1,1
4755,12509,0.99,20050818,181,1,1
4756,13016,4.99,20050819,181,1,1
4763,172,0.99,20050526,4,1,1
4765,553,3.99,20050528,4,1,1
4766,663,1.99,20050528,4,1,1
4767,1062,7.99,20050531,4,1,1
4768,1291,5.99,20050615,4,1,1
4769,1741,7.99,20050616,4,1,1
4770,1836,6.99,20050616,4,1,1
4771,2181,8.99,20050618,4,1,1
4772,2218,2.99,20050618,4,1,1
4775,2922,4.99,20050620,4,1,1
4776,3643,4.99,20050706,4,1,1
4779,6035,2.99,20050711,4,1,1
4780,6354,6.99,20050711,4,1,1
4781,7017,4.99,20050727,4,1,1
4782,7025,2.99,20050727,4,1,1
4783,7210,2.99,20050727,4,1,1
4785,7751,5.99,20050728,4,1,1
4786,8279,2.99,20050729,4,1,1
4788,10277,2.99,20050801,4,1,1
4790,10862,2.99,20050802,4,1,1
4791,11678,5.99,20050817,4,1,1
4792,12299,2.99,20050818,4,1,1
4793,12718,2.99,20050818,4,1,1
4794,13170,7.99,20050819,4,1,1
4796,14083,7.99,20050820,4,1,1
4799,15933,4.99,20050823,4,1,1
4800,1393,2.99,20050615,336,1,1
4801,1524,2.99,20050616,336,1,1
4803,1738,0.99,20050616,336,1,1
4805,4760,0.99,20050708,336,1,1
4807,6284,2.99,20050711,336,1,1
4808,7493,3.99,20050727,336,1,1
4810,8139,0.99,20050728,336,1,1
4813,10661,2.99,20050801,336,1,1
4814,10710,0.99,20050801,336,1,1
4815,11195,0.99,20050802,336,1,1
4816,11376,5.99,20050802,336,1,1
4818,12623,4.99,20050818,336,1,1
4823,1292,6.99,20050615,57,1,1
4828,2293,4.99,20050618,57,1,1
4830,2898,9.99,20050620,57,1,1
4831,4915,2.99,20050708,57,1,1
4832,5015,2.99,20050709,57,1,1
4833,5057,4.99,20050709,57,1,1
4834,5094,10.99,20050709,57,1,1
4835,5984,2.99,20050711,57,1,1
4837,6554,5.99,20050712,57,1,1
4838,6566,6.99,20050712,57,1,1
4840,7959,4.99,20050728,57,1,1
4842,8287,3.99,20050729,57,1,1
4846,9311,7.99,20050730,57,1,1
4850,10802,5.99,20050801,57,1,1
4856,13127,2.99,20050819,57,1,1
4857,14104,4.99,20050821,57,1,1
4858,14257,7.99,20050821,57,1,1
4860,15323,4.99,20050822,57,1,1
4861,12897,4.99,20060214,57,1,1
4862,502,0.99,20050528,435,1,1
4863,759,6.99,20050529,435,1,1
4864,1046,4.99,20050531,435,1,1
4866,2613,4.99,20050619,435,1,1
4867,3671,6.99,20050706,435,1,1
4868,3844,0.99,20050706,435,1,1
4869,4618,2.99,20050708,435,1,1
4871,6616,7.99,20050712,435,1,1
4872,6806,2.99,20050712,435,1,1
4873,7028,6.99,20050727,435,1,1
4874,7054,4.99,20050727,435,1,1
4875,7609,4.99,20050728,435,1,1
4876,8573,2.99,20050729,435,1,1
4877,8731,8.99,20050729,435,1,1
4880,10156,4.99,20050731,435,1,1
4881,10385,4.99,20050801,435,1,1
4883,11342,0.99,20050802,435,1,1
4885,13400,4.99,20050819,435,1,1
4889,14589,0.99,20050821,435,1,1
4890,15985,4.99,20050823,435,1,1
4891,1122,2.99,20050531,136,1,1
4893,2798,2.99,20050619,136,1,1
4895,4924,9.99,20050708,136,1,1
4898,5860,3.99,20050710,136,1,1
4899,7274,2.99,20050727,136,1,1
4902,9373,0.99,20050730,136,1,1
4904,10576,5.99,20050801,136,1,1
4905,10992,8.99,20050802,136,1,1
4906,12313,8.99,20050818,136,1,1
4907,13283,2.99,20050819,136,1,1
4909,13994,2.99,20050820,136,1,1
4910,14109,0.99,20050821,136,1,1
4911,14851,2.99,20050822,136,1,1
4912,15039,4.99,20050822,136,1,1
4913,12901,4.99,20060214,136,1,1
4915,1638,2.99,20050616,568,1,1
4916,2645,5.99,20050619,568,1,1
4919,3862,6.99,20050706,568,1,1
4922,6946,8.99,20050726,568,1,1
4923,7393,0.99,20050727,568,1,1
4924,7632,4.99,20050728,568,1,1
4925,8593,5.99,20050729,568,1,1
4926,8601,9.99,20050729,568,1,1
4929,9357,8.99,20050730,568,1,1
4930,9844,4.99,20050731,568,1,1
4934,10748,4.99,20050801,568,1,1
4935,10773,6.99,20050801,568,1,1
4937,12363,7.99,20050818,568,1,1
4938,12411,0.99,20050818,568,1,1
4939,12678,2.99,20050818,568,1,1
4951,2049,2.99,20050617,553,1,1
4953,2234,0.99,20050618,553,1,1
4954,3509,2.99,20050706,553,1,1
4955,3697,6.99,20050706,553,1,1
4956,4174,2.99,20050707,553,1,1
4957,4349,0.99,20050707,553,1,1
4961,5521,2.99,20050710,553,1,1
4966,11055,4.99,20050802,553,1,1
4968,12573,4.99,20050818,553,1,1
4969,12840,6.99,20050819,553,1,1
4970,13285,2.99,20050819,553,1,1
4971,14586,5.99,20050821,553,1,1
4972,14953,6.99,20050822,553,1,1
4973,15043,1.99,20050822,553,1,1
4974,382,0.99,20050527,52,1,1
4975,1279,0.99,20050615,52,1,1
4978,3381,5.99,20050621,52,1,1
4979,3869,2.99,20050706,52,1,1
4982,5069,1.99,20050709,52,1,1
4984,6472,4.99,20050712,52,1,1
4985,6569,4.99,20050712,52,1,1
4988,9818,4.99,20050731,52,1,1
4995,13482,2.99,20050820,52,1,1
4996,13536,4.99,20050820,52,1,1
4997,196,2.99,20050526,363,1,1
4999,567,1.99,20050528,363,1,1
5001,2312,0.99,20050618,363,1,1
5002,4314,0.99,20050707,363,1,1
5004,5891,0.99,20050710,363,1,1
5009,8892,4.99,20050730,363,1,1
5010,9162,0.99,20050730,363,1,1
5013,12532,2.99,20050818,363,1,1
5014,13134,0.99,20050819,363,1,1
5015,13262,5.99,20050819,363,1,1
5016,13303,4.99,20050819,363,1,1
5018,14801,5.99,20050822,363,1,1
5022,646,0.99,20050528,258,1,1
5023,2459,4.99,20050618,258,1,1
5024,3314,4.99,20050621,258,1,1
5025,3325,4.99,20050621,258,1,1
5026,4186,9.99,20050707,258,1,1
5027,4524,2.99,20050708,258,1,1
5030,6418,1.99,20050711,258,1,1
5031,6965,2.99,20050727,258,1,1
5032,7066,4.99,20050727,258,1,1
5033,8200,2.99,20050728,258,1,1
5035,8684,8.99,20050729,258,1,1
5039,12312,2.99,20050818,258,1,1
5040,12674,5.99,20050818,258,1,1
5041,12885,0.99,20050819,258,1,1
5043,581,1.99,20050528,199,1,1
5045,1192,4.99,20050615,199,1,1
5046,1300,2.99,20050615,199,1,1
5047,1663,2.99,20050616,199,1,1
5050,3039,4.99,20050620,199,1,1
5053,7915,3.99,20050728,199,1,1
5054,8483,4.99,20050729,199,1,1
5058,10104,1.99,20050731,199,1,1
5059,10985,0.99,20050802,199,1,1
5060,11982,0.99,20050817,199,1,1
5061,12348,5.99,20050818,199,1,1
5062,12438,8.99,20050818,199,1,1
5063,13168,6.99,20050819,199,1,1
5065,13853,3.99,20050820,199,1,1
5066,14006,2.99,20050820,199,1,1
5072,15596,0.99,20050823,199,1,1
5073,14216,2.99,20060214,199,1,1
5074,252,7.99,20050526,530,1,1
5080,2742,5.99,20050619,530,1,1
5081,3402,2.99,20050621,530,1,1
5083,4429,4.99,20050707,530,1,1
5085,5738,8.99,20050710,530,1,1
5087,6057,3.99,20050711,530,1,1
5092,9241,2.99,20050730,530,1,1
5093,11843,2.99,20050817,530,1,1
5096,12534,7.99,20050818,530,1,1
5104,2515,4.99,20050618,394,1,1
5112,7556,4.99,20050727,394,1,1
5115,10494,0.99,20050801,394,1,1
5119,13570,2.99,20050820,394,1,1
5120,13787,5.99,20050820,394,1,1
5121,14399,2.99,20050821,394,1,1
5126,14503,2.99,20060214,394,1,1
5128,1541,0.99,20050616,73,1,1
5129,1834,0.99,20050616,73,1,1
5131,3108,6.99,20050620,73,1,1
5132,3346,2.99,20050621,73,1,1
5133,3763,0.99,20050706,73,1,1
5136,6193,5.99,20050711,73,1,1
5137,7469,4.99,20050727,73,1,1
5138,7675,4.99,20050728,73,1,1
5142,9506,4.99,20050731,73,1,1
5143,10247,9.99,20050801,73,1,1
5146,13766,3.99,20050820,73,1,1
5147,15773,1.99,20050823,73,1,1
5148,16008,5.99,20050823,73,1,1
5150,693,2.99,20050529,501,1,1
5151,1319,2.99,20050615,501,1,1
5152,1347,2.99,20050615,501,1,1
5153,2057,4.99,20050617,501,1,1
5154,2568,3.99,20050619,501,1,1
5155,3386,4.99,20050621,501,1,1
5157,4140,2.99,20050707,501,1,1
5159,7175,4.99,20050727,501,1,1
5160,7386,5.99,20050727,501,1,1
5162,8498,0.99,20050729,501,1,1
5163,11082,5.99,20050802,501,1,1
5169,12270,2.99,20050818,501,1,1
5176,1134,2.99,20050531,446,1,1
5179,1278,0.99,20050615,446,1,1
5180,1677,2.99,20050616,446,1,1
5182,2051,4.99,20050617,446,1,1
5184,5338,2.99,20050709,446,1,1
5186,5924,5.99,20050710,446,1,1
5187,7150,6.99,20050727,446,1,1
5188,7450,3.99,20050727,446,1,1
5189,7520,2.99,20050727,446,1,1
5191,9297,4.99,20050730,446,1,1
5192,9964,4.99,20050731,446,1,1
5195,14361,0.99,20060214,446,1,1
5196,895,1.99,20050530,196,1,1
5197,2760,3.99,20050619,196,1,1
5198,3902,2.99,20050706,196,1,1
5199,4469,4.99,20050708,196,1,1
5200,5400,2.99,20050709,196,1,1
5206,9462,7.99,20050730,196,1,1
5207,9831,2.99,20050731,196,1,1
5209,10843,7.99,20050801,196,1,1
5210,11385,4.99,20050802,196,1,1
5211,11815,4.99,20050817,196,1,1
5212,13125,5.99,20050819,196,1,1
5215,14404,4.99,20050821,196,1,1
5218,11611,4.99,20060214,196,1,1
5221,1325,4.99,20050615,306,1,1
5226,3297,8.99,20050621,306,1,1
5227,4892,6.99,20050708,306,1,1
5228,8211,2.99,20050728,306,1,1
5229,8379,4.99,20050729,306,1,1
5230,8431,4.99,20050729,306,1,1
5231,9079,2.99,20050730,306,1,1
5232,9575,4.99,20050731,306,1,1
5236,13529,2.99,20050820,306,1,1
5237,13608,0.99,20050820,306,1,1
5238,14679,2.99,20050821,306,1,1
5239,14927,4.99,20050822,306,1,1
5246,1430,0.99,20050615,276,1,1
5247,2245,7.99,20050618,276,1,1
5248,2347,2.99,20050618,276,1,1
5249,2463,3.99,20050618,276,1,1
5250,2807,3.99,20050619,276,1,1
5253,5291,2.99,20050709,276,1,1
5255,9064,7.99,20050730,276,1,1
5258,13515,0.99,20050820,276,1,1
5260,14440,4.99,20050821,276,1,1
5262,4234,6.99,20050707,171,1,1
5263,4315,2.99,20050707,171,1,1
5264,5228,4.99,20050709,171,1,1
5265,5536,0.99,20050710,171,1,1
5267,7349,2.99,20050727,171,1,1
5271,9870,5.99,20050731,171,1,1
5272,9994,4.99,20050731,171,1,1
5274,11201,7.99,20050802,171,1,1
5284,1053,1.99,20050531,169,1,1
5285,1182,5.99,20050615,169,1,1
5286,1348,2.99,20050615,169,1,1
5288,2681,0.99,20050619,169,1,1
5290,3104,4.99,20050620,169,1,1
5293,4879,2.99,20050708,169,1,1
5303,9346,5.99,20050730,169,1,1
5304,9721,6.99,20050731,169,1,1
5305,9804,4.99,20050731,169,1,1
5307,10191,4.99,20050801,169,1,1
5308,11104,2.99,20050802,169,1,1
5312,13799,8.99,20050820,169,1,1
5314,14698,5.99,20050821,169,1,1
5317,215,0.99,20050526,83,1,1
5318,391,2.99,20050527,83,1,1
5320,683,2.99,20050529,83,1,1
5322,903,3.99,20050530,83,1,1
5323,918,0.99,20050530,83,1,1
5325,1363,0.99,20050615,83,1,1
5326,1503,2.99,20050615,83,1,1
5329,2090,2.99,20050617,83,1,1
5330,2750,4.99,20050619,83,1,1
5332,4486,8.99,20050708,83,1,1
5336,8165,2.99,20050728,83,1,1
5338,9476,0.99,20050730,83,1,1
5343,10743,2.99,20050801,83,1,1
5344,11018,4.99,20050802,83,1,1
5345,11215,4.99,20050802,83,1,1
5346,11311,4.99,20050802,83,1,1
5347,11478,2.99,20050802,83,1,1
5348,11643,1.99,20050817,83,1,1
5349,12799,0.99,20050819,83,1,1
5351,14069,9.99,20050820,83,1,1
5353,15078,2.99,20050822,83,1,1
5355,15540,8.99,20050823,83,1,1
5356,357,0.99,20050527,369,1,1
5357,582,4.99,20050528,369,1,1
5359,932,2.99,20050530,369,1,1
5367,6819,4.99,20050712,369,1,1
5369,7287,0.99,20050727,369,1,1
5370,7441,5.99,20050727,369,1,1
5371,7583,2.99,20050727,369,1,1
5373,8145,5.99,20050728,369,1,1
5375,10112,4.99,20050731,369,1,1
5376,10147,2.99,20050731,369,1,1
5377,10679,0.99,20050801,369,1,1
5378,11351,3.99,20050802,369,1,1
5379,11594,6.99,20050817,369,1,1
5380,11756,2.99,20050817,369,1,1
5381,11836,4.99,20050817,369,1,1
5383,11957,1.99,20050817,369,1,1
5386,12862,5.99,20050819,369,1,1
5387,13768,5.99,20050820,369,1,1
5388,14214,5.99,20050821,369,1,1
5391,15256,6.99,20050822,369,1,1
5392,15433,4.99,20050823,369,1,1
5393,499,7.99,20050528,587,1,1
5394,1406,4.99,20050615,587,1,1
5395,1910,2.99,20050617,587,1,1
5396,3299,0.99,20050621,587,1,1
5397,4499,2.99,20050708,587,1,1
5399,4976,4.99,20050709,587,1,1
5404,7782,4.99,20050728,587,1,1
5405,8709,0.99,20050729,587,1,1
5406,9752,2.99,20050731,587,1,1
5408,9959,4.99,20050731,587,1,1
5409,10196,2.99,20050801,587,1,1
5411,10850,8.99,20050801,587,1,1
5412,11454,2.99,20050802,587,1,1
5413,12386,0.99,20050818,587,1,1
5422,2227,4.99,20050618,523,1,1
5425,3190,3.99,20050620,523,1,1
5426,3580,4.99,20050706,523,1,1
5427,5110,2.99,20050709,523,1,1
5428,6123,0.99,20050711,523,1,1
5430,6181,4.99,20050711,523,1,1
5431,6947,3.99,20050726,523,1,1
5432,7574,2.99,20050727,523,1,1
5435,9527,6.99,20050731,523,1,1
5436,10685,2.99,20050801,523,1,1
5437,11356,8.99,20050802,523,1,1
5438,13737,5.99,20050820,523,1,1
5439,14034,10.99,20050820,523,1,1
5443,15961,6.99,20050823,523,1,1
5445,311,3.99,20050526,172,1,1
5446,670,6.99,20050528,172,1,1
5448,2047,1.99,20050617,172,1,1
5449,2157,3.99,20050617,172,1,1
5451,3106,4.99,20050620,172,1,1
5452,3364,7.99,20050621,172,1,1
5455,7106,0.99,20050727,172,1,1
5460,10891,0.99,20050802,172,1,1
5467,14973,2.99,20050822,172,1,1
5468,15887,2.99,20050823,172,1,1
5470,1474,2.99,20050615,190,1,1
5471,1535,4.99,20050616,190,1,1
5472,3008,0.99,20050620,190,1,1
5474,3861,8.99,20050706,190,1,1
5477,5297,2.99,20050709,190,1,1
5479,7613,2.99,20050728,190,1,1
5480,8351,2.99,20050729,190,1,1
5481,8779,2.99,20050729,190,1,1
5482,8830,2.99,20050729,190,1,1
5487,10375,2.99,20050801,190,1,1
5488,11210,4.99,20050802,190,1,1
5491,13196,4.99,20050819,190,1,1
5492,13528,3.99,20050820,190,1,1
5493,14019,3.99,20050820,190,1,1
5494,15095,0.99,20050822,190,1,1
5496,314,0.99,20050526,242,1,1
5497,1217,4.99,20050615,242,1,1
5498,1715,2.99,20050616,242,1,1
5504,8039,0.99,20050728,242,1,1
5505,8463,4.99,20050729,242,1,1
5506,8792,7.99,20050729,242,1,1
5510,11712,2.99,20050817,242,1,1
5511,12519,0.99,20050818,242,1,1
5519,1016,1.99,20050531,522,1,1
5520,1321,2.99,20050615,522,1,1
5521,1616,7.99,20050616,522,1,1
5522,1871,4.99,20050617,522,1,1
5526,4043,0.99,20050707,522,1,1
5527,4979,4.99,20050709,522,1,1
5529,5619,2.99,20050710,522,1,1
5533,6694,6.99,20050712,522,1,1
5535,7392,4.99,20050727,522,1,1
5537,9394,5.99,20050730,522,1,1
5541,11261,7.99,20050802,522,1,1
5543,12737,6.99,20050818,522,1,1
5544,13084,0.99,20050819,522,1,1
5545,13416,4.99,20050819,522,1,1
5548,14871,0.99,20050822,522,1,1
5549,15364,4.99,20050822,522,1,1
5551,1238,2.99,20050615,387,1,1
5552,1357,4.99,20050615,387,1,1
5553,1767,0.99,20050616,387,1,1
5555,3601,7.99,20050706,387,1,1
5558,4729,4.99,20050708,387,1,1
5559,7736,2.99,20050728,387,1,1
5563,13935,2.99,20050820,387,1,1
5564,14338,0.99,20050821,387,1,1
5566,14442,2.99,20050821,387,1,1
5572,3533,5.99,20050706,43,1,1
5574,3847,4.99,20050706,43,1,1
5578,6139,3.99,20050711,43,1,1
5579,6420,6.99,20050711,43,1,1
5580,7222,4.99,20050727,43,1,1
5582,8217,5.99,20050728,43,1,1
5583,8549,3.99,20050729,43,1,1
5586,11022,2.99,20050802,43,1,1
5588,13128,4.99,20050819,43,1,1
5595,15709,4.99,20050823,43,1,1
5596,39,0.99,20050525,175,1,1
5597,44,0.99,20050525,175,1,1
5598,659,0.99,20050528,175,1,1
5605,4018,2.99,20050707,175,1,1
5607,4816,0.99,20050708,175,1,1
5609,5258,0.99,20050709,175,1,1
5610,5259,4.99,20050709,175,1,1
5613,6537,0.99,20050712,175,1,1
5615,7540,5.99,20050727,175,1,1
5616,8800,5.99,20050729,175,1,1
5620,11112,2.99,20050802,175,1,1
5623,11724,6.99,20050817,175,1,1
5629,15625,1.99,20050823,175,1,1
5630,100,4.99,20050525,184,1,1
5631,1805,0.99,20050616,184,1,1
5632,1949,5.99,20050617,184,1,1
5634,2695,2.99,20050619,184,1,1
5637,4354,5.99,20050707,184,1,1
5639,5117,2.99,20050709,184,1,1
5642,6767,1.99,20050712,184,1,1
5643,7315,0.99,20050727,184,1,1
5644,7861,2.99,20050728,184,1,1
5646,8742,1.99,20050729,184,1,1
5648,9838,4.99,20050731,184,1,1
5654,13719,5.98,20060214,184,1,1
5655,15717,0.00,20060214,184,1,1
5657,471,0.99,20050527,187,1,1
5660,1657,4.99,20050616,187,1,1
5661,2650,4.99,20050619,187,1,1
5662,2796,4.99,20050619,187,1,1
5665,4309,5.99,20050707,187,1,1
5667,4907,4.99,20050708,187,1,1
5670,6210,0.99,20050711,187,1,1
5671,7116,6.99,20050727,187,1,1
5672,7269,3.99,20050727,187,1,1
5673,7505,4.99,20050727,187,1,1
5675,8067,4.99,20050728,187,1,1
5679,9923,0.99,20050731,187,1,1
5681,10646,4.99,20050801,187,1,1
5683,12025,0.99,20050817,187,1,1
5684,13796,8.99,20050820,187,1,1
5686,15254,2.99,20050822,187,1,1
5688,953,2.99,20050530,593,1,1
5694,4306,2.99,20050707,593,1,1
5695,4334,0.99,20050707,593,1,1
5697,4620,5.99,20050708,593,1,1
5698,4871,6.99,20050708,593,1,1
5699,4893,4.99,20050708,593,1,1
5700,4989,3.99,20050709,593,1,1
5703,6564,1.99,20050712,593,1,1
5704,7743,5.99,20050728,593,1,1
5711,12879,4.99,20050819,593,1,1
5714,14181,7.99,20050821,593,1,1
5719,238,4.99,20050526,90,1,1
5726,4857,2.99,20050708,90,1,1
5727,5668,5.99,20050710,90,1,1
5731,6628,4.99,20050712,90,1,1
5732,6722,1.99,20050712,90,1,1
5734,7975,2.99,20050728,90,1,1
5736,9111,3.99,20050730,90,1,1
5737,9953,0.99,20050731,90,1,1
5738,10445,2.99,20050801,90,1,1
5746,13979,2.99,20050820,90,1,1
5749,15404,7.99,20050822,90,1,1
5753,1356,0.99,20050615,548,1,1
5755,1637,2.99,20050616,548,1,1
5760,5115,6.99,20050709,548,1,1
5763,8940,3.99,20050730,548,1,1
5766,12156,7.99,20050818,548,1,1
5769,14563,2.99,20050821,548,1,1
5771,15872,4.99,20050823,548,1,1
5774,1489,0.99,20050615,596,1,1
5776,2322,5.99,20050618,596,1,1
5777,2509,0.99,20050618,596,1,1
5779,2889,4.99,20050620,596,1,1
5781,3252,2.99,20050621,596,1,1
5782,3313,2.99,20050621,596,1,1
5785,4655,8.99,20050708,596,1,1
5787,5431,0.99,20050709,596,1,1
5794,9477,4.99,20050730,596,1,1
5795,10449,2.99,20050801,596,1,1
5797,13354,4.99,20050819,596,1,1
5799,14744,6.99,20050821,596,1,1
5801,242,1.99,20050526,576,1,1
5802,278,3.99,20050526,576,1,1
5803,1076,2.99,20050531,576,1,1
5810,4783,3.99,20050708,576,1,1
5813,6602,7.99,20050712,576,1,1
5816,8663,4.99,20050729,576,1,1
5817,10563,3.99,20050801,576,1,1
5824,13409,2.99,20050819,576,1,1
5825,13565,0.99,20050820,576,1,1
5826,13726,0.99,20050820,576,1,1
5827,13864,4.99,20050820,576,1,1
5829,14567,0.99,20050821,576,1,1
5832,711,4.99,20050529,66,1,1
5839,3143,2.99,20050620,66,1,1
5841,5886,2.99,20050710,66,1,1
5843,7180,1.99,20050727,66,1,1
5845,9518,0.99,20050731,66,1,1
5847,11729,2.99,20050817,66,1,1
5849,12380,1.99,20050818,66,1,1
5853,15583,2.99,20050823,66,1,1
5856,15843,0.99,20050823,66,1,1
5858,997,4.99,20050531,39,1,1
5860,1664,0.99,20050616,39,1,1
5861,1672,3.99,20050616,39,1,1
5863,3432,2.99,20050621,39,1,1
5865,6008,6.99,20050711,39,1,1
5867,8068,4.99,20050728,39,1,1
5869,9096,0.99,20050730,39,1,1
5870,10506,4.99,20050801,39,1,1
5871,11005,0.99,20050802,39,1,1
5876,15192,4.99,20050822,39,1,1
5879,12970,5.98,20060214,39,1,1
5880,11676,0.00,20060214,39,1,1
5883,1322,2.99,20050615,226,1,1
5884,2076,6.99,20050617,226,1,1
5885,2842,4.99,20050619,226,1,1
5891,9159,0.99,20050730,226,1,1
5895,10581,5.99,20050801,226,1,1
5896,10836,6.99,20050801,226,1,1
5897,11347,2.99,20050802,226,1,1
5898,11649,2.99,20050817,226,1,1
5899,11958,4.99,20050817,226,1,1
5901,12871,4.99,20050819,226,1,1
5904,1459,2.99,20050615,1,1,1
5905,2262,0.99,20050618,1,1,1
5906,2267,0.99,20050618,1,1,1
5907,4898,6.99,20050708,1,1,1
5908,5226,0.99,20050709,1,1,1
5911,7236,8.99,20050727,1,1,1
5914,10114,0.99,20050731,1,1,1
5915,11654,2.99,20050817,1,1,1
5917,12974,0.99,20050819,1,1,1
5922,414,0.99,20050527,21,1,1
5932,6209,2.99,20050711,21,1,1
5935,7726,5.99,20050728,21,1,1
5936,8430,0.99,20050729,21,1,1
5938,8652,6.99,20050729,21,1,1
5939,9712,4.99,20050731,21,1,1
5940,11328,2.99,20050802,21,1,1
5942,13765,4.99,20050820,21,1,1
5944,14588,5.99,20050821,21,1,1
5945,14688,4.99,20050821,21,1,1
5946,15283,4.99,20050822,21,1,1
5947,11577,4.99,20060214,21,1,1
5949,480,3.99,20050527,502,1,1
5950,1832,0.99,20050616,502,1,1
5958,8065,2.99,20050728,502,1,1
5959,8398,4.99,20050729,502,1,1
5962,10099,2.99,20050731,502,1,1
5964,10948,4.99,20050802,502,1,1
5965,11037,0.99,20050802,502,1,1
5966,11153,3.99,20050802,502,1,1
5967,11622,4.99,20050817,502,1,1
5969,12407,4.99,20050818,502,1,1
5970,12896,4.99,20050819,502,1,1
5972,13281,2.99,20050819,502,1,1
5976,1369,0.99,20050615,271,1,1
5977,2331,2.99,20050618,271,1,1
5979,2660,10.99,20050619,271,1,1
5980,3200,5.99,20050621,271,1,1
5981,4293,4.99,20050707,271,1,1
5983,4693,6.99,20050708,271,1,1
5984,5058,5.99,20050709,271,1,1
5986,7101,2.99,20050727,271,1,1
5987,7129,0.99,20050727,271,1,1
5990,9320,6.99,20050730,271,1,1
5991,9453,7.99,20050730,271,1,1
5994,11693,4.99,20050817,271,1,1
5995,11802,2.99,20050817,271,1,1
5996,12324,0.99,20050818,271,1,1
6001,14419,7.99,20050821,271,1,1
6002,15125,8.99,20050822,271,1,1
6003,5,6.99,20050524,431,1,1
6004,134,4.99,20050525,431,1,1
6008,1368,8.99,20050615,431,1,1
6011,5266,3.99,20050709,431,1,1
6015,6497,0.99,20050712,431,1,1
6017,8300,1.99,20050729,431,1,1
6019,8787,4.99,20050729,431,1,1
6022,13477,2.99,20050820,431,1,1
6026,2334,4.99,20050618,382,1,1
6027,3513,5.99,20050706,382,1,1
6028,3705,0.99,20050706,382,1,1
6029,4874,4.99,20050708,382,1,1
6035,12927,5.99,20050819,382,1,1
6036,13576,0.99,20050820,382,1,1
6038,15257,7.99,20050822,382,1,1
6040,15662,2.99,20050823,382,1,1
6041,1424,7.99,20050615,205,1,1
6042,2277,2.99,20050618,205,1,1
6044,4118,2.99,20050707,205,1,1
6046,4697,2.99,20050708,205,1,1
6047,6031,4.99,20050711,205,1,1
6051,8605,4.99,20050729,205,1,1
6052,9181,0.99,20050730,205,1,1
6053,11816,0.99,20050817,205,1,1
6054,12492,4.99,20050818,205,1,1
6055,12969,2.99,20050819,205,1,1
6061,15225,0.99,20050822,205,1,1
6062,15952,1.99,20050823,205,1,1
6063,812,4.99,20050529,182,1,1
6064,963,3.99,20050530,182,1,1
6067,4345,7.99,20050707,182,1,1
6068,4824,7.99,20050708,182,1,1
6070,5067,4.99,20050709,182,1,1
6071,6159,2.99,20050711,182,1,1
6072,6317,2.99,20050711,182,1,1
6074,6526,3.99,20050712,182,1,1
6077,7524,6.99,20050727,182,1,1
6078,8054,7.99,20050728,182,1,1
6080,9980,4.99,20050731,182,1,1
6083,10793,2.99,20050801,182,1,1
6090,3466,4.99,20050621,386,1,1
6091,3721,4.99,20050706,386,1,1
6092,4324,4.99,20050707,386,1,1
6093,5282,2.99,20050709,386,1,1
6094,5419,2.99,20050709,386,1,1
6095,6712,9.99,20050712,386,1,1
6097,7329,3.99,20050727,386,1,1
6099,8627,2.99,20050729,386,1,1
6100,12172,1.99,20050818,386,1,1
6101,14491,6.99,20050821,386,1,1
6102,14708,4.99,20050821,386,1,1
6103,14712,0.99,20050821,386,1,1
6107,15901,4.99,20050823,386,1,1
6108,15986,2.99,20050823,386,1,1
6109,16033,5.99,20050823,386,1,1
6110,111,4.99,20050525,170,1,1
6111,1023,3.99,20050531,170,1,1
6112,1679,2.99,20050616,170,1,1
6114,2164,6.99,20050617,170,1,1
6116,3576,5.99,20050706,170,1,1
6119,4680,2.99,20050708,170,1,1
6120,5046,3.99,20050709,170,1,1
6121,7132,7.99,20050727,170,1,1
6122,8219,2.99,20050728,170,1,1
6123,8234,0.99,20050729,170,1,1
6124,8384,0.99,20050729,170,1,1
6126,8936,2.99,20050730,170,1,1
6142,3715,6.99,20050706,68,1,1
6144,4217,3.99,20050707,68,1,1
6145,4636,4.99,20050708,68,1,1
6146,4909,0.99,20050708,68,1,1
6147,5151,2.99,20050709,68,1,1
6148,5320,4.99,20050709,68,1,1
6151,6948,2.99,20050726,68,1,1
6153,7601,0.99,20050727,68,1,1
6154,8147,2.99,20050728,68,1,1
6155,10585,4.99,20050801,68,1,1
6156,12304,0.99,20050818,68,1,1
6160,15234,0.00,20060214,68,1,1
6161,2200,4.99,20050618,38,1,1
6162,3208,0.99,20050621,38,1,1
6163,3277,7.99,20050621,38,1,1
6167,4515,4.99,20050708,38,1,1
6169,5623,2.99,20050710,38,1,1
6172,6880,2.99,20050712,38,1,1
6178,11521,4.99,20050817,38,1,1
6179,12866,2.99,20050819,38,1,1
6182,13679,5.99,20050820,38,1,1
6183,15740,4.99,20050823,38,1,1
6186,32,0.99,20050525,423,1,1
6187,1078,4.99,20050531,423,1,1
6189,1744,4.99,20050616,423,1,1
6193,2777,0.99,20050619,423,1,1
6194,4509,3.99,20050708,423,1,1
6195,4935,0.99,20050708,423,1,1
6196,5045,4.99,20050709,423,1,1
6197,5061,0.99,20050709,423,1,1
6200,6251,2.99,20050711,423,1,1
6205,8815,2.99,20050729,423,1,1
6208,10057,9.99,20050731,423,1,1
6211,11552,5.99,20050817,423,1,1
6213,12079,1.99,20050817,423,1,1
6217,14073,5.99,20050820,423,1,1
6218,14340,2.99,20050821,423,1,1
6219,329,5.99,20050527,234,1,1
6220,479,6.99,20050527,234,1,1
6221,512,8.99,20050528,234,1,1
6224,3839,2.99,20050706,234,1,1
6227,5096,2.99,20050709,234,1,1
6228,5560,5.99,20050710,234,1,1
6229,6862,0.99,20050712,234,1,1
6230,6877,1.99,20050712,234,1,1
6231,8556,0.99,20050729,234,1,1
6235,11202,7.99,20050802,234,1,1
6236,11581,5.99,20050817,234,1,1
6237,12214,0.99,20050818,234,1,1
6239,12231,3.99,20050818,234,1,1
6241,14026,0.99,20050820,234,1,1
6242,14478,4.99,20050821,234,1,1
6244,15389,3.99,20050822,234,1,1
6245,28,4.99,20050525,377,1,1
6246,805,3.99,20050529,377,1,1
6248,2833,8.99,20050619,377,1,1
6250,6309,2.99,20050711,377,1,1
6251,7123,5.99,20050727,377,1,1
6254,7749,2.99,20050728,377,1,1
6255,7990,2.99,20050728,377,1,1
6256,8306,2.99,20050729,377,1,1
6263,10539,6.99,20050801,377,1,1
6272,2424,2.99,20050618,149,1,1
6274,3832,2.99,20050706,149,1,1
6275,4015,5.99,20050707,149,1,1
6276,4885,4.99,20050708,149,1,1
6278,5846,2.99,20050710,149,1,1
6279,6319,4.99,20050711,149,1,1
6280,6794,2.99,20050712,149,1,1
6281,7056,8.99,20050727,149,1,1
6286,9574,0.99,20050731,149,1,1
6287,10582,4.99,20050801,149,1,1
6288,12443,5.99,20050818,149,1,1
6291,15790,1.99,20050823,149,1,1
6296,1674,2.99,20050616,308,1,1
6298,2005,4.99,20050617,308,1,1
6303,4721,7.99,20050708,308,1,1
6308,11050,4.99,20050802,308,1,1
6309,11073,0.99,20050802,308,1,1
6310,11481,3.99,20050802,308,1,1
6311,11882,3.99,20050817,308,1,1
6312,12226,0.99,20050818,308,1,1
6314,12921,5.99,20050819,308,1,1
6317,15129,2.99,20050822,308,1,1
6318,15778,0.99,20060214,308,1,1
6320,1148,0.99,20050531,133,1,1
6321,1493,4.99,20050615,133,1,1
6324,3752,6.99,20050706,133,1,1
6325,3968,4.99,20050706,133,1,1
6327,5790,4.99,20050710,133,1,1
6328,6047,2.99,20050711,133,1,1
6331,8120,0.99,20050728,133,1,1
6334,9019,5.99,20050730,133,1,1
6336,9587,3.99,20050731,133,1,1
6339,12502,4.99,20050818,133,1,1
6341,13469,0.99,20050820,133,1,1
6343,15034,6.99,20050822,133,1,1
6346,1032,2.99,20050531,410,1,1
6347,1262,0.99,20050615,410,1,1
6351,2630,2.99,20050619,410,1,1
6353,3353,4.99,20050621,410,1,1
6355,3645,0.99,20050706,410,1,1
6358,4959,0.99,20050708,410,1,1
6359,5404,2.99,20050709,410,1,1
6360,5545,3.99,20050710,410,1,1
6364,6303,2.99,20050711,410,1,1
6368,7780,5.99,20050728,410,1,1
6369,7792,4.99,20050728,410,1,1
6371,8657,2.99,20050729,410,1,1
6372,9011,5.99,20050730,410,1,1
6373,9934,2.99,20050731,410,1,1
6378,11895,4.99,20050817,410,1,1
6379,12975,2.99,20050819,410,1,1
6380,13364,2.99,20050819,410,1,1
6381,13443,7.99,20050819,410,1,1
6383,14364,7.99,20050821,410,1,1
6385,12988,0.99,20060214,410,1,1
6387,182,4.99,20050526,475,1,1
6388,1500,0.99,20050615,475,1,1
6390,2156,4.99,20050617,475,1,1
6391,2492,2.99,20050618,475,1,1
6393,4844,4.99,20050708,475,1,1
6395,7193,2.99,20050727,475,1,1
6397,7812,4.99,20050728,475,1,1
6402,8835,3.99,20050729,475,1,1
6403,9276,5.99,20050730,475,1,1
6404,9661,4.99,20050731,475,1,1
6411,12469,0.99,20050818,475,1,1
6417,15337,0.99,20050822,475,1,1
6420,842,2.99,20050530,228,1,1
6421,1199,2.99,20050615,228,1,1
6422,1660,4.99,20050616,228,1,1
6423,3181,2.99,20050620,228,1,1
6424,4143,0.99,20050707,228,1,1
6425,5616,5.99,20050710,228,1,1
6428,8310,8.99,20050729,228,1,1
6429,8382,6.99,20050729,228,1,1
6430,8465,0.99,20050729,228,1,1
6431,9065,4.99,20050730,228,1,1
6433,10659,5.99,20050801,228,1,1
6436,11897,2.99,20050817,228,1,1
6437,14312,4.99,20050821,228,1,1
6438,14343,8.99,20050821,228,1,1
6439,15455,0.99,20050823,228,1,1
6441,444,2.99,20050527,240,1,1
6442,621,4.99,20050528,240,1,1
6443,636,6.99,20050528,240,1,1
6444,1022,7.99,20050531,240,1,1
6446,1160,4.99,20050614,240,1,1
6449,2390,4.99,20050618,240,1,1
6450,3383,5.99,20050621,240,1,1
6452,3552,5.99,20050706,240,1,1
6455,5960,0.99,20050710,240,1,1
6456,6573,0.99,20050712,240,1,1
6458,7426,0.99,20050727,240,1,1
6460,8457,6.99,20050729,240,1,1
6462,9863,5.99,20050731,240,1,1
6463,10755,0.99,20050801,240,1,1
6465,11487,2.99,20050802,240,1,1
6467,11968,0.99,20050817,240,1,1
6468,12340,4.99,20050818,240,1,1
6469,12721,1.99,20050818,240,1,1
6470,13175,4.99,20050819,240,1,1
6474,246,2.99,20050526,279,1,1
6475,460,2.99,20050527,279,1,1
6476,643,4.99,20050528,279,1,1
6478,2264,4.99,20050618,279,1,1
6482,5596,0.99,20050710,279,1,1
6483,6272,0.99,20050711,279,1,1
6485,6956,4.99,20050726,279,1,1
6486,7001,4.99,20050727,279,1,1
6487,7467,8.99,20050727,279,1,1
6489,7870,4.99,20050728,279,1,1
6492,10308,7.99,20050801,279,1,1
6493,11745,3.99,20050817,279,1,1
6497,13663,8.99,20050820,279,1,1
6500,627,7.99,20050528,121,1,1
6501,1059,3.99,20050531,121,1,1
6503,2455,0.99,20050618,121,1,1
6508,4731,0.99,20050708,121,1,1
6510,5211,0.99,20050709,121,1,1
6511,5438,4.99,20050709,121,1,1
6513,5981,4.99,20050711,121,1,1
6516,7320,0.99,20050727,121,1,1
6517,7434,2.99,20050727,121,1,1
6518,7860,2.99,20050728,121,1,1
6519,9500,6.99,20050730,121,1,1
6520,9528,3.99,20050731,121,1,1
6521,9944,5.99,20050731,121,1,1
6523,10652,2.99,20050801,121,1,1
6524,11423,1.99,20050802,121,1,1
6526,12956,4.99,20050819,121,1,1
6530,14936,0.99,20050822,121,1,1
6532,15429,2.99,20050823,121,1,1
6533,15767,4.99,20050823,121,1,1
6534,108,2.99,20050525,109,1,1
6538,1384,4.99,20050615,109,1,1
6539,1483,4.99,20050615,109,1,1
6541,2691,4.99,20050619,109,1,1
6543,3471,4.99,20050705,109,1,1
6545,4426,4.99,20050707,109,1,1
6549,8491,4.99,20050729,109,1,1
6550,9423,3.99,20050730,109,1,1
6551,9730,6.99,20050731,109,1,1
6556,11258,4.99,20050802,109,1,1
6558,11931,4.99,20050817,109,1,1
6560,12855,4.99,20050819,109,1,1
6561,13271,9.99,20050819,109,1,1
6564,14515,0.99,20050821,109,1,1
6565,15002,0.99,20050822,109,1,1
6566,188,4.99,20050526,18,1,1
6567,1405,5.99,20050615,18,1,1
6568,1452,0.99,20050615,18,1,1
6571,3965,4.99,20050706,18,1,1
6572,4831,0.99,20050708,18,1,1
6573,5502,0.99,20050710,18,1,1
6578,8834,4.99,20050729,18,1,1
6583,12209,2.99,20050818,18,1,1
6584,13291,2.99,20050819,18,1,1
6585,14033,2.99,20050820,18,1,1
6586,14108,0.99,20050821,18,1,1
6587,14272,3.99,20050821,18,1,1
6591,797,1.99,20050529,403,1,1
6593,1595,5.99,20050616,403,1,1
6595,4814,4.99,20050708,403,1,1
6599,5779,4.99,20050710,403,1,1
6600,5803,3.99,20050710,403,1,1
6606,10001,4.99,20050731,403,1,1
6608,10152,5.99,20050731,403,1,1
6612,11267,9.99,20050802,403,1,1
6613,11762,9.99,20050817,403,1,1
6614,13630,4.99,20050820,403,1,1
6616,13928,0.99,20050820,403,1,1
6617,14367,0.99,20050821,403,1,1
6619,14919,1.99,20050822,403,1,1
6620,14975,3.99,20050822,403,1,1
6623,241,0.99,20050526,477,1,1
6624,519,7.99,20050528,477,1,1
6625,719,2.99,20050529,477,1,1
6628,1377,2.99,20050615,477,1,1
6629,2122,2.99,20050617,477,1,1
6630,3157,2.99,20050620,477,1,1
6631,3634,2.99,20050706,477,1,1
6633,5764,4.99,20050710,477,1,1
6635,6795,5.99,20050712,477,1,1
6637,7230,4.99,20050727,477,1,1
6639,7358,0.99,20050727,477,1,1
6642,8811,10.99,20050729,477,1,1
6645,9813,6.99,20050731,477,1,1
6646,10087,3.99,20050731,477,1,1
6648,11105,0.99,20050802,477,1,1
6649,11211,0.99,20050802,477,1,1
6650,12303,7.99,20050818,477,1,1
6651,13286,0.99,20050819,477,1,1
6652,15782,6.99,20050823,477,1,1
6654,124,6.99,20050525,53,1,1
6657,699,3.99,20050529,53,1,1
6658,1051,4.99,20050531,53,1,1
6660,1968,2.99,20050617,53,1,1
6662,2725,0.99,20050619,53,1,1
6663,3152,4.99,20050620,53,1,1
6664,4092,7.99,20050707,53,1,1
6668,6688,4.99,20050712,53,1,1
6673,13750,6.99,20050820,53,1,1
6674,13987,4.99,20050820,53,1,1
6675,14360,6.99,20050821,53,1,1
6676,15746,2.99,20050823,53,1,1
6677,189,4.99,20050526,323,1,1
6679,450,6.99,20050527,323,1,1
6680,2288,5.99,20050618,323,1,1
6683,4492,2.99,20050708,323,1,1
6685,5328,6.99,20050709,323,1,1
6686,5842,4.99,20050710,323,1,1
6687,7963,5.99,20050728,323,1,1
6688,10279,1.99,20050801,323,1,1
6689,10410,6.99,20050801,323,1,1
6692,11495,0.99,20050816,323,1,1
6694,12482,7.99,20050818,323,1,1
6695,12491,4.99,20050818,323,1,1
6696,12824,4.99,20050819,323,1,1
6697,14041,4.99,20050820,323,1,1
6698,15783,4.99,20050823,323,1,1
6700,618,4.99,20050528,577,1,1
6701,2066,3.99,20050617,577,1,1
6703,3910,0.99,20050706,577,1,1
6705,4841,0.99,20050708,577,1,1
6706,5370,2.99,20050709,577,1,1
6710,12241,0.99,20050818,577,1,1
6711,13918,0.99,20050820,577,1,1
6716,438,6.99,20050527,116,1,1
6717,597,3.99,20050528,116,1,1
6718,1204,0.99,20050615,116,1,1
6719,1473,5.99,20050615,116,1,1
6723,4352,9.99,20050707,116,1,1
6724,5011,4.99,20050709,116,1,1
6725,5275,4.99,20050709,116,1,1
6728,7544,7.99,20050727,116,1,1
6729,7804,2.99,20050728,116,1,1
6731,11124,1.99,20050802,116,1,1
6732,11159,4.99,20050802,116,1,1
6736,15160,6.99,20050822,116,1,1
6737,61,5.99,20050525,375,1,1
6738,176,3.99,20050526,375,1,1
6739,637,4.99,20050528,375,1,1
6741,1146,2.99,20050531,375,1,1
6742,2432,4.99,20050618,375,1,1
6743,3635,4.99,20050706,375,1,1
6744,3951,3.99,20050706,375,1,1
6745,5479,2.99,20050709,375,1,1
6746,5540,0.99,20050710,375,1,1
6747,5998,2.99,20050711,375,1,1
6748,8579,2.99,20050729,375,1,1
6751,12361,0.99,20050818,375,1,1
6752,12810,0.99,20050819,375,1,1
6754,14587,5.99,20050821,375,1,1
6757,264,2.99,20050526,168,1,1
6758,309,1.99,20050526,168,1,1
6761,1091,4.99,20050531,168,1,1
6763,2238,6.99,20050618,168,1,1
6765,3464,2.99,20050621,168,1,1
6766,3799,4.99,20050706,168,1,1
6775,9196,2.99,20050730,168,1,1
6776,9892,0.99,20050731,168,1,1
6777,10575,7.99,20050801,168,1,1
6778,11733,0.99,20050817,168,1,1
6782,13243,2.99,20050819,168,1,1
6784,14292,0.99,20050821,168,1,1
6787,14107,0.99,20060214,168,1,1
6788,707,4.99,20050529,536,1,1
6789,1095,0.99,20050531,536,1,1
6790,1395,5.99,20050615,536,1,1
6792,2968,0.99,20050620,536,1,1
6795,6357,0.99,20050711,536,1,1
6797,7024,4.99,20050727,536,1,1
6800,7670,0.99,20050728,536,1,1
6801,8636,5.99,20050729,536,1,1
6802,8899,0.99,20050730,536,1,1
6806,13385,4.99,20050819,536,1,1
6808,14774,4.99,20050821,536,1,1
6810,566,6.99,20050528,290,1,1
6811,648,0.99,20050528,290,1,1
6812,986,2.99,20050530,290,1,1
6816,2142,4.99,20050617,290,1,1
6817,2454,4.99,20050618,290,1,1
6819,3658,7.99,20050706,290,1,1
6820,5505,2.99,20050710,290,1,1
6821,5602,4.99,20050710,290,1,1
6829,10660,2.99,20050801,290,1,1
6831,12572,0.99,20050818,290,1,1
6833,13126,5.99,20050819,290,1,1
6836,14640,7.99,20050821,290,1,1
6839,183,2.99,20050526,55,1,1
6840,1108,5.99,20050531,55,1,1
6841,1285,2.99,20050615,55,1,1
6843,2082,2.99,20050617,55,1,1
6844,2138,2.99,20050617,55,1,1
6846,3882,4.99,20050706,55,1,1
6848,5072,3.99,20050709,55,1,1
6850,5537,0.99,20050710,55,1,1
6851,5550,5.99,20050710,55,1,1
6852,5826,7.99,20050710,55,1,1
6855,7413,4.99,20050727,55,1,1
6859,10522,4.99,20050801,55,1,1
6860,11190,0.99,20050802,55,1,1
6861,11665,6.99,20050817,55,1,1
6863,12206,0.99,20050818,55,1,1
6864,12247,2.99,20050818,55,1,1
6865,12874,0.99,20050819,55,1,1
6867,13045,4.99,20050819,55,1,1
6870,15774,0.99,20050823,55,1,1
6871,1235,2.99,20050615,400,1,1
6872,1420,6.99,20050615,400,1,1
6875,4547,0.99,20050708,400,1,1
6876,5706,1.99,20050710,400,1,1
6877,5943,0.99,20050710,400,1,1
6879,7646,2.99,20050728,400,1,1
6880,8562,0.99,20050729,400,1,1
6881,9061,6.99,20050730,400,1,1
6885,13268,0.99,20050819,400,1,1
6887,13758,8.99,20050820,400,1,1
6889,51,4.99,20050525,355,1,1
6890,232,0.99,20050526,355,1,1
6892,935,2.99,20050530,355,1,1
6893,1116,0.99,20050531,355,1,1
6894,1555,2.99,20050616,355,1,1
6898,2380,6.99,20050618,355,1,1
6900,2839,4.99,20050619,355,1,1
6901,4130,0.99,20050707,355,1,1
6903,5179,2.99,20050709,355,1,1
6904,6298,0.99,20050711,355,1,1
6905,7661,3.99,20050728,355,1,1
6911,13651,0.99,20050820,355,1,1
6912,14003,6.99,20050820,355,1,1
6918,15864,7.99,20050823,355,1,1
6922,2557,0.99,20050619,352,1,1
6926,5495,6.99,20050710,352,1,1
6927,5858,4.99,20050710,352,1,1
6928,6422,5.99,20050711,352,1,1
6931,7176,2.99,20050727,352,1,1
6932,7496,1.99,20050727,352,1,1
6937,8344,4.99,20050729,352,1,1
6938,8640,4.99,20050729,352,1,1
6940,9800,4.99,20050731,352,1,1
6942,11230,4.99,20050802,352,1,1
6943,11394,0.99,20050802,352,1,1
6947,12904,5.99,20050819,352,1,1
6950,13389,2.99,20050819,352,1,1
6953,15025,0.99,20050822,352,1,1
6954,15967,2.99,20050823,352,1,1
6956,1743,2.99,20050616,144,1,1
6960,4677,5.99,20050708,144,1,1
6963,5674,0.99,20050710,144,1,1
6964,5935,9.99,20050710,144,1,1
6966,7814,2.99,20050728,144,1,1
6967,8675,4.99,20050729,144,1,1
6971,10325,5.99,20050801,144,1,1
6973,10393,0.99,20050801,144,1,1
6974,12246,5.99,20050818,144,1,1
6976,13491,4.99,20050820,144,1,1
6977,13695,6.99,20050820,144,1,1
6982,1147,5.99,20050531,200,1,1
6983,1641,7.99,20050616,200,1,1
6989,6074,0.99,20050711,200,1,1
6993,7817,4.99,20050728,200,1,1
6995,9282,6.99,20050730,200,1,1
6996,9444,7.99,20050730,200,1,1
6997,10510,3.99,20050801,200,1,1
6998,10781,2.99,20050801,200,1,1
6999,11184,3.99,20050802,200,1,1
7001,13109,4.99,20050819,200,1,1
7004,13598,5.99,20050820,200,1,1
7009,15425,10.99,20050823,200,1,1
7010,15473,2.99,20050823,200,1,1
7012,15689,2.99,20050823,200,1,1
7013,1101,8.99,20050531,84,1,1
7014,1626,3.99,20050616,84,1,1
7017,2091,10.99,20050617,84,1,1
7018,2178,0.99,20050618,84,1,1
7019,2823,7.99,20050619,84,1,1
7021,3193,0.99,20050620,84,1,1
7024,4870,2.99,20050708,84,1,1
7027,7268,1.99,20050727,84,1,1
7028,7885,7.99,20050728,84,1,1
7029,8475,1.99,20050729,84,1,1
7030,8484,2.99,20050729,84,1,1
7031,8717,0.99,20050729,84,1,1
7032,8933,0.99,20050730,84,1,1
7035,12852,0.99,20050819,84,1,1
7037,13685,3.99,20050820,84,1,1
7038,13966,2.99,20050820,84,1,1
7042,14579,7.99,20050821,84,1,1
7043,14610,6.99,20050821,84,1,1
7044,12,4.99,20050525,412,1,1
7047,792,0.99,20050529,412,1,1
7048,1760,2.99,20050616,412,1,1
7049,1877,5.99,20050617,412,1,1
7053,3363,0.99,20050621,412,1,1
7054,5122,3.99,20050709,412,1,1
7055,5449,5.99,20050709,412,1,1
7057,6743,0.99,20050712,412,1,1
7059,9842,4.99,20050731,412,1,1
7060,9869,4.99,20050731,412,1,1
7062,11834,1.99,20050817,412,1,1
7064,12327,6.99,20050818,412,1,1
7067,13669,2.99,20050820,412,1,1
7068,13849,4.99,20050820,412,1,1
7071,1563,2.99,20050616,146,1,1
7072,2771,6.99,20050619,146,1,1
7074,2915,1.99,20050620,146,1,1
7075,3521,1.99,20050706,146,1,1
7076,3699,3.99,20050706,146,1,1
7077,4501,0.99,20050708,146,1,1
7079,6291,0.99,20050711,146,1,1
7081,6724,3.99,20050712,146,1,1
7083,6805,6.99,20050712,146,1,1
7084,6986,4.99,20050727,146,1,1
7085,9105,6.99,20050730,146,1,1
7089,13808,5.99,20050820,146,1,1
7090,14180,4.99,20050821,146,1,1
7094,15456,0.99,20050823,146,1,1
7095,15640,4.99,20050823,146,1,1
7097,15918,3.99,20050823,146,1,1
7098,97,4.99,20050525,404,1,1
7099,266,0.99,20050526,404,1,1
7102,3578,4.99,20050706,404,1,1
7109,6483,2.99,20050712,404,1,1
7110,6808,1.99,20050712,404,1,1
7112,7425,4.99,20050727,404,1,1
7113,7706,4.99,20050728,404,1,1
7115,10476,6.99,20050801,404,1,1
7116,10775,2.99,20050801,404,1,1
7117,11339,2.99,20050802,404,1,1
7118,11822,0.99,20050817,404,1,1
7122,14335,3.99,20050821,404,1,1
7124,15322,4.99,20050822,404,1,1
7126,15293,0.99,20060214,404,1,1
7128,1206,4.99,20050615,275,1,1
7129,3028,0.99,20050620,275,1,1
7130,3403,3.99,20050621,275,1,1
7131,3618,6.99,20050706,275,1,1
7132,4328,4.99,20050707,275,1,1
7133,4539,0.99,20050708,275,1,1
7134,6340,8.99,20050711,275,1,1
7136,6395,2.99,20050711,275,1,1
7137,6543,0.99,20050712,275,1,1
7138,7006,8.99,20050727,275,1,1
7141,9861,5.99,20050731,275,1,1
7142,9932,5.99,20050731,275,1,1
7144,11527,3.99,20050817,275,1,1
7146,11539,2.99,20050817,275,1,1
7147,12518,4.99,20050818,275,1,1
7149,13664,5.99,20050820,275,1,1
7150,15595,4.99,20050823,275,1,1
7155,2598,2.99,20050619,141,1,1
7156,3823,2.99,20050706,141,1,1
7157,4610,0.99,20050708,141,1,1
7158,4797,2.99,20050708,141,1,1
7160,5417,4.99,20050709,141,1,1
7161,5710,9.99,20050710,141,1,1
7162,6068,4.99,20050711,141,1,1
7167,7704,2.99,20050728,141,1,1
7168,8278,5.99,20050729,141,1,1
7171,9416,2.99,20050730,141,1,1
7174,12207,1.99,20050818,141,1,1
7178,14547,6.99,20050821,141,1,1
7180,14943,2.99,20050822,141,1,1
7181,86,1.99,20050525,25,1,1
7186,3059,4.99,20050620,25,1,1
7189,5577,4.99,20050710,25,1,1
7190,8492,2.99,20050729,25,1,1
7195,11321,4.99,20050802,25,1,1
7197,11726,0.99,20050817,25,1,1
7198,12255,4.99,20050818,25,1,1
7200,12405,6.99,20050818,25,1,1
7201,12715,4.99,20050818,25,1,1
7202,13468,8.99,20050820,25,1,1
7203,13556,6.99,20050820,25,1,1
7204,14080,1.99,20050820,25,1,1
7205,14492,2.99,20050821,25,1,1
7206,14877,0.99,20050822,25,1,1
7207,15181,2.99,20050822,25,1,1
7208,15346,4.99,20050822,25,1,1
7210,436,4.99,20050527,103,1,1
7216,2582,6.99,20050619,103,1,1
7219,2877,1.99,20050620,103,1,1
7221,3817,2.99,20050706,103,1,1
7222,5340,6.99,20050709,103,1,1
7223,6070,0.99,20050711,103,1,1
7224,6706,3.99,20050712,103,1,1
7225,8190,4.99,20050728,103,1,1
7226,8572,1.99,20050729,103,1,1
7228,9308,6.99,20050730,103,1,1
7232,10343,2.99,20050801,103,1,1
7234,11690,6.99,20050817,103,1,1
7235,12320,4.99,20050818,103,1,1
7236,12979,4.99,20050819,103,1,1
7238,14131,5.99,20050821,103,1,1
7240,15208,3.99,20050822,103,1,1
7241,15768,0.99,20050823,103,1,1
7242,15903,3.99,20050823,103,1,1
7245,1394,2.99,20050615,215,1,1
7248,2133,0.99,20050617,215,1,1
7251,3066,3.99,20050620,215,1,1
7252,3361,1.99,20050621,215,1,1
7255,5039,7.99,20050709,215,1,1
7259,6120,3.99,20050711,215,1,1
7261,8931,2.99,20050730,215,1,1
7264,10040,1.99,20050731,215,1,1
7272,14874,0.99,20050822,215,1,1
7275,98,0.99,20050525,573,1,1
7278,750,4.99,20050529,573,1,1
7280,1334,3.99,20050615,573,1,1
7283,4125,9.99,20050707,573,1,1
7286,6440,2.99,20050712,573,1,1
7287,6626,5.99,20050712,573,1,1
7289,7032,4.99,20050727,573,1,1
7290,7537,6.99,20050727,573,1,1
7291,7972,2.99,20050728,573,1,1
7293,10908,4.99,20050802,573,1,1
7294,11014,4.99,20050802,573,1,1
7295,11915,3.99,20050817,573,1,1
7296,12344,4.99,20050818,573,1,1
7299,14266,4.99,20050821,573,1,1
7302,13025,3.98,20060214,573,1,1
7304,193,1.99,20050526,416,1,1
7305,1040,4.99,20050531,416,1,1
7306,1345,4.99,20050615,416,1,1
7307,1896,6.99,20050617,416,1,1
7308,2115,3.99,20050617,416,1,1
7310,3501,3.99,20050706,416,1,1
7311,3987,9.99,20050706,416,1,1
7314,8355,2.99,20050729,416,1,1
7316,10069,3.99,20050731,416,1,1
7317,10461,7.99,20050801,416,1,1
7320,11389,2.99,20050802,416,1,1
7321,11810,0.99,20050817,416,1,1
7323,11917,2.99,20050817,416,1,1
7324,12192,2.99,20050818,416,1,1
7325,12442,2.99,20050818,416,1,1
7327,14618,0.99,20050821,416,1,1
7329,1096,8.99,20050531,210,1,1
7331,3640,1.99,20050706,210,1,1
7334,5922,2.99,20050710,210,1,1
7335,6024,2.99,20050711,210,1,1
7336,7618,3.99,20050728,210,1,1
7337,8592,0.99,20050729,210,1,1
7338,9821,4.99,20050731,210,1,1
7341,10599,3.99,20050801,210,1,1
7342,11431,2.99,20050802,210,1,1
7343,12219,4.99,20050818,210,1,1
7346,15244,2.99,20050822,210,1,1
7347,33,0.99,20050525,125,1,1
7348,405,6.99,20050527,125,1,1
7349,1041,6.99,20050531,125,1,1
7350,1072,0.99,20050531,125,1,1
7353,3323,5.99,20050621,125,1,1
7358,8248,7.99,20050729,125,1,1
7360,10736,2.99,20050801,125,1,1
7363,11881,0.99,20050817,125,1,1
7366,13903,2.99,20050820,125,1,1
7372,2301,1.99,20050618,341,1,1
7373,3202,0.99,20050621,341,1,1
7375,4937,5.99,20050708,341,1,1
7376,5256,7.99,20050709,341,1,1
7378,5605,2.99,20050710,341,1,1
7379,6592,8.99,20050712,341,1,1
7380,6635,1.99,20050712,341,1,1
7382,6717,5.99,20050712,341,1,1
7383,8449,2.99,20050729,341,1,1
7384,9186,4.99,20050730,341,1,1
7389,10272,8.99,20050801,341,1,1
7390,10753,3.99,20050801,341,1,1
7391,10768,6.99,20050801,341,1,1
7392,11282,4.99,20050802,341,1,1
7394,12692,0.99,20050818,341,1,1
7396,13955,5.99,20050820,341,1,1
7401,15760,6.99,20050823,341,1,1
7402,147,2.99,20050526,208,1,1
7403,208,4.99,20050526,208,1,1
7405,394,5.99,20050527,208,1,1
7407,892,4.99,20050530,208,1,1
7408,2098,0.99,20050617,208,1,1
7411,4147,2.99,20050707,208,1,1
7417,9331,4.99,20050730,208,1,1
7418,9677,4.99,20050731,208,1,1
7420,10790,1.99,20050801,208,1,1
7422,11058,3.99,20050802,208,1,1
7424,12321,3.99,20050818,208,1,1
7425,13103,2.99,20050819,208,1,1
7427,13549,8.99,20050820,208,1,1
7428,14012,0.99,20050820,208,1,1
7429,14066,7.99,20050820,208,1,1
7431,14388,4.99,20050821,208,1,1
7433,15260,2.99,20050822,208,1,1
7436,13486,0.99,20060214,208,1,1
7440,2646,4.99,20050619,569,1,1
7441,3355,2.99,20050621,569,1,1
7443,4634,0.99,20050708,569,1,1
7447,7553,2.99,20050727,569,1,1
7449,8746,2.99,20050729,569,1,1
7451,10479,6.99,20050801,569,1,1
7453,11610,4.99,20050817,569,1,1
7455,12606,1.99,20050818,569,1,1
7456,13037,3.99,20050819,569,1,1
7461,14187,5.99,20050821,569,1,1
7462,14296,2.99,20050821,569,1,1
7467,736,3.99,20050529,578,1,1
7468,860,10.99,20050530,578,1,1
7469,1352,0.99,20050615,578,1,1
7473,4715,0.99,20050708,578,1,1
7478,9070,0.99,20050730,578,1,1
7479,9080,1.99,20050730,578,1,1
7480,9102,4.99,20050730,578,1,1
7481,9229,8.99,20050730,578,1,1
7484,10763,2.99,20050801,578,1,1
7486,11636,4.99,20050817,578,1,1
7490,12650,4.99,20050818,578,1,1
7491,14000,4.99,20050820,578,1,1
7493,15769,3.99,20050823,578,1,1
7496,1331,2.99,20050615,372,1,1
7500,3247,5.99,20050621,372,1,1
7502,3344,2.99,20050621,372,1,1
7505,4290,4.99,20050707,372,1,1
7507,5861,0.99,20050710,372,1,1
7508,5913,2.99,20050710,372,1,1
7510,6487,5.99,20050712,372,1,1
7514,9901,0.99,20050731,372,1,1
7519,12458,5.99,20050818,372,1,1
7520,13122,4.99,20050819,372,1,1
7522,13714,4.99,20050820,372,1,1
7525,15008,10.99,20050822,372,1,1
7526,15345,5.99,20050822,372,1,1
7527,1092,4.99,20050531,514,1,1
7529,1978,2.99,20050617,514,1,1
7531,3453,2.99,20050621,514,1,1
7532,3776,2.99,20050706,514,1,1
7533,4430,4.99,20050707,514,1,1
7536,7239,0.99,20050727,514,1,1
7539,8953,4.99,20050730,514,1,1
7541,10649,2.99,20050801,514,1,1
7542,10731,2.99,20050801,514,1,1
7544,11095,5.99,20050802,514,1,1
7546,12787,0.99,20050819,514,1,1
7547,13896,0.99,20050820,514,1,1
7549,14268,2.99,20050821,514,1,1
7551,14986,4.99,20050822,514,1,1
7552,16019,4.99,20050823,514,1,1
7553,979,2.99,20050530,260,1,1
7555,1178,2.99,20050615,260,1,1
7556,2147,4.99,20050617,260,1,1
7557,3215,0.99,20050621,260,1,1
7558,3374,2.99,20050621,260,1,1
7559,3375,4.99,20050621,260,1,1
7560,4476,4.99,20050708,260,1,1
7561,4978,7.99,20050709,260,1,1
7563,5361,9.99,20050709,260,1,1
7564,6176,0.99,20050711,260,1,1
7565,7947,2.99,20050728,260,1,1
7570,11515,2.99,20050816,260,1,1
7571,11703,4.99,20050817,260,1,1
7573,12949,4.99,20050819,260,1,1
7574,13105,7.99,20050819,260,1,1
7575,13233,2.99,20050819,260,1,1
7578,14714,3.99,20050821,260,1,1
7579,14779,5.99,20050822,260,1,1
7580,14789,4.99,20050822,260,1,1
7582,15606,2.99,20050823,260,1,1
7584,1014,4.99,20050531,374,1,1
7585,2656,3.99,20050619,374,1,1
7588,4616,4.99,20050708,374,1,1
7590,7070,4.99,20050727,374,1,1
7593,8365,0.99,20050729,374,1,1
7594,8565,7.99,20050729,374,1,1
7597,8912,0.99,20050730,374,1,1
7599,10847,9.99,20050801,374,1,1
7600,11366,4.99,20050802,374,1,1
7601,11517,2.99,20050816,374,1,1
7602,12053,4.99,20050817,374,1,1
7603,12849,5.99,20050819,374,1,1
7605,13321,4.99,20050819,374,1,1
7606,13667,4.99,20050820,374,1,1
7608,15312,4.99,20050822,374,1,1
7614,2254,5.99,20050618,91,1,1
7615,4607,0.99,20050708,91,1,1
7620,7525,3.99,20050727,91,1,1
7623,13641,2.99,20050820,91,1,1
7624,14196,1.99,20050821,91,1,1
7628,2016,2.99,20050617,422,1,1
7631,3417,2.99,20050621,422,1,1
7633,3885,2.99,20050706,422,1,1
7634,4359,2.99,20050707,422,1,1
7636,5113,0.99,20050709,422,1,1
7638,5926,6.99,20050710,422,1,1
7639,7433,2.99,20050727,422,1,1
7641,8223,6.99,20050728,422,1,1
7648,13278,2.99,20050819,422,1,1
7652,1749,0.99,20050616,100,1,1
7655,2685,2.99,20050619,100,1,1
7657,3534,4.99,20050706,100,1,1
7658,3568,6.99,20050706,100,1,1
7664,6075,0.99,20050711,100,1,1
7665,6300,1.99,20050711,100,1,1
7667,6827,4.99,20050712,100,1,1
7668,7504,0.99,20050727,100,1,1
7669,7816,0.99,20050728,100,1,1
7674,11637,0.99,20050817,100,1,1
7677,12290,6.99,20050818,100,1,1
7678,13229,2.99,20050819,100,1,1
7679,15837,2.99,20050823,100,1,1
7682,1145,6.99,20050531,365,1,1
7683,1171,0.99,20050614,365,1,1
7686,3572,0.99,20050706,365,1,1
7688,4759,7.99,20050708,365,1,1
7690,5161,6.99,20050709,365,1,1
7691,6276,5.99,20050711,365,1,1
7693,7164,6.99,20050727,365,1,1
7694,7463,4.99,20050727,365,1,1
7696,8888,2.99,20050730,365,1,1
7697,9790,0.99,20050731,365,1,1
7698,10396,7.99,20050801,365,1,1
7699,10535,4.99,20050801,365,1,1
7701,14007,5.99,20050820,365,1,1
7702,14648,4.99,20050821,365,1,1
7704,14921,4.99,20050822,365,1,1
7706,12064,5.98,20060214,365,1,1
7710,2249,5.99,20050618,296,1,1
7713,5683,9.99,20050710,296,1,1
7714,6010,0.99,20050711,296,1,1
7716,6094,4.99,20050711,296,1,1
7719,7211,6.99,20050727,296,1,1
7720,7452,9.99,20050727,296,1,1
7721,7745,9.99,20050728,296,1,1
7722,8154,4.99,20050728,296,1,1
7724,10493,5.99,20050801,296,1,1
7726,10641,4.99,20050801,296,1,1
7727,12027,8.99,20050817,296,1,1
7728,12444,0.99,20050818,296,1,1
7729,12449,0.99,20050818,296,1,1
7733,15489,4.99,20050823,296,1,1
7735,1690,8.99,20050616,367,1,1
7736,2195,4.99,20050618,367,1,1
7741,4707,4.99,20050708,367,1,1
7742,4894,2.99,20050708,367,1,1
7743,5796,4.99,20050710,367,1,1
7745,7254,2.99,20050727,367,1,1
7746,7299,2.99,20050727,367,1,1
7747,7368,0.99,20050727,367,1,1
7748,7422,2.99,20050727,367,1,1
7749,7719,6.99,20050728,367,1,1
7752,9809,3.99,20050731,367,1,1
7756,12656,0.99,20050818,367,1,1
7758,13975,4.99,20050820,367,1,1
7759,14905,0.99,20050822,367,1,1
7762,655,2.99,20050528,231,1,1
7764,1247,7.99,20050615,231,1,1
7770,5593,3.99,20050710,231,1,1
7773,6397,2.99,20050711,231,1,1
7778,10027,6.99,20050731,231,1,1
7782,11716,4.99,20050817,231,1,1
7786,15084,4.99,20050822,231,1,1
7788,15614,2.99,20050823,231,1,1
7792,503,4.99,20050528,346,1,1
7794,1466,5.99,20050615,346,1,1
7795,3958,3.99,20050706,346,1,1
7796,4692,2.99,20050708,346,1,1
7798,6399,2.99,20050711,346,1,1
7803,9732,0.99,20050731,346,1,1
7804,10927,9.99,20050802,346,1,1
7806,12134,1.99,20050817,346,1,1
7807,13219,2.99,20050819,346,1,1
7808,13227,0.99,20050819,346,1,1
7813,15119,2.99,20050822,346,1,1
7816,2387,6.99,20050618,177,1,1
7817,2784,10.99,20050619,177,1,1
7820,3588,2.99,20050706,177,1,1
7822,5089,4.99,20050709,177,1,1
7828,7151,4.99,20050727,177,1,1
7829,7162,4.99,20050727,177,1,1
7831,9498,2.99,20050730,177,1,1
7833,12158,1.99,20050818,177,1,1
7834,12170,0.99,20050818,177,1,1
7841,14087,0.99,20050820,177,1,1
7844,160,2.99,20050526,585,1,1
7845,1220,6.99,20050615,585,1,1
7849,3013,3.99,20050620,585,1,1
7851,4073,0.99,20050707,585,1,1
7853,5105,2.99,20050709,585,1,1
7857,6952,4.99,20050726,585,1,1
7859,7650,1.99,20050728,585,1,1
7860,8639,4.99,20050729,585,1,1
7861,9000,7.99,20050730,585,1,1
7862,9413,0.99,20050730,585,1,1
7864,10194,1.99,20050801,585,1,1
7865,10901,2.99,20050802,585,1,1
7866,11596,6.99,20050817,585,1,1
7870,13367,2.99,20050819,585,1,1
7872,54,4.99,20050525,570,1,1
7874,1012,2.99,20050531,570,1,1
7875,1191,2.99,20050615,570,1,1
7876,2300,2.99,20050618,570,1,1
7882,6796,2.99,20050712,570,1,1
7883,7561,5.99,20050727,570,1,1
7885,8690,0.99,20050729,570,1,1
7887,9165,5.99,20050730,570,1,1
7890,10463,4.99,20050801,570,1,1
7892,13665,5.99,20050820,570,1,1
7895,324,0.99,20050527,533,1,1
7896,1901,3.99,20050617,533,1,1
7898,2838,3.99,20050619,533,1,1
7901,4200,4.99,20050707,533,1,1
7904,5940,4.99,20050710,533,1,1
7905,6270,8.99,20050711,533,1,1
7906,6900,6.99,20050712,533,1,1
7908,7216,2.99,20050727,533,1,1
7909,7545,2.99,20050727,533,1,1
7910,7766,4.99,20050728,533,1,1
7911,8047,2.99,20050728,533,1,1
7913,8990,8.99,20050730,533,1,1
7914,9792,5.99,20050731,533,1,1
7916,11193,4.99,20050802,533,1,1
7917,12739,10.99,20050818,533,1,1
7918,13715,2.99,20050820,533,1,1
7919,14499,0.99,20050821,533,1,1
7921,15117,2.99,20050822,533,1,1
7923,924,4.99,20050530,479,1,1
7925,1589,9.99,20050616,479,1,1
7926,1829,5.99,20050616,479,1,1
7928,2386,4.99,20050618,479,1,1
7930,3290,1.99,20050621,479,1,1
7932,3906,3.99,20050706,479,1,1
7937,6432,9.99,20050712,479,1,1
7939,8589,4.99,20050729,479,1,1
7940,8745,2.99,20050729,479,1,1
7943,11576,2.99,20050817,479,1,1
7945,13029,2.99,20050819,479,1,1
7947,13817,4.99,20050820,479,1,1
7948,14248,6.99,20050821,479,1,1
7949,15258,4.99,20050822,479,1,1
7950,15402,8.99,20050822,479,1,1
7951,15508,7.99,20050823,479,1,1
7953,595,1.99,20050528,555,1,1
7954,2900,2.99,20050620,555,1,1
7956,3681,4.99,20050706,555,1,1
7958,4786,7.99,20050708,555,1,1
7961,7765,4.99,20050728,555,1,1
7964,9522,2.99,20050731,555,1,1
7968,10551,6.99,20050801,555,1,1
7972,11390,2.99,20050802,555,1,1
7975,12278,5.99,20050818,555,1,1
7976,14474,2.99,20050821,555,1,1
7978,15839,5.99,20050823,555,1,1
7980,1184,5.99,20050615,436,1,1
7981,1328,2.99,20050615,436,1,1
7983,2054,2.99,20050617,436,1,1
7984,2431,1.99,20050618,436,1,1
7985,2638,1.99,20050619,436,1,1
7986,2999,2.99,20050620,436,1,1
7987,3198,1.99,20050621,436,1,1
7990,3876,9.99,20050706,436,1,1
7991,4164,1.99,20050707,436,1,1
7992,4432,1.99,20050707,436,1,1
7993,5019,2.99,20050709,436,1,1
7997,6252,2.99,20050711,436,1,1
8000,8108,7.99,20050728,436,1,1
8001,8840,9.99,20050729,436,1,1
8003,9425,7.99,20050730,436,1,1
8008,10349,3.99,20050801,436,1,1
8012,12383,0.99,20050818,436,1,1
8013,14264,0.99,20050821,436,1,1
8014,14387,6.99,20050821,436,1,1
8015,14514,6.99,20050821,436,1,1
8018,511,5.99,20050528,218,1,1
8019,869,4.99,20050530,218,1,1
8022,3034,0.99,20050620,218,1,1
8025,3810,2.99,20050706,218,1,1
8026,4480,4.99,20050708,218,1,1
8028,5589,4.99,20050710,218,1,1
8030,6398,5.99,20050711,218,1,1
8031,6967,6.99,20050727,218,1,1
8034,9249,5.99,20050730,218,1,1
8035,9304,2.99,20050730,218,1,1
8040,13702,2.99,20050820,218,1,1
8041,13819,4.99,20050820,218,1,1
8042,13991,1.99,20050820,218,1,1
8046,12009,2.99,20060214,218,1,1
8048,954,3.99,20050530,180,1,1
8049,1409,3.99,20050615,180,1,1
8050,2067,2.99,20050617,180,1,1
8051,2202,8.99,20050618,180,1,1
8052,2260,2.99,20050618,180,1,1
8054,3582,0.99,20050706,180,1,1
8056,4929,5.99,20050708,180,1,1
8057,5743,8.99,20050710,180,1,1
8059,6064,6.99,20050711,180,1,1
8060,6156,4.99,20050711,180,1,1
8061,6984,2.99,20050727,180,1,1
8063,7933,0.99,20050728,180,1,1
8066,10153,0.99,20050731,180,1,1
8071,11780,2.99,20050817,180,1,1
8072,11784,0.99,20050817,180,1,1
8073,12472,10.99,20050818,180,1,1
8074,13330,2.99,20050819,180,1,1
8076,13888,1.99,20050820,180,1,1
8077,14403,5.99,20050821,180,1,1
8079,15711,4.99,20050823,180,1,1
8080,383,3.99,20050527,157,1,1
8086,3728,2.99,20050706,157,1,1
8088,4936,3.99,20050708,157,1,1
8090,5247,2.99,20050709,157,1,1
8093,7869,7.99,20050728,157,1,1
8096,11070,0.99,20050802,157,1,1
8099,12765,8.99,20050818,157,1,1
8100,13172,0.99,20050819,157,1,1
8101,13244,4.99,20050819,157,1,1
8103,15245,3.99,20050822,157,1,1
8105,15643,4.99,20050823,157,1,1
8106,332,5.99,20050527,277,1,1
8108,1650,8.99,20050616,277,1,1
8110,2774,2.99,20050619,277,1,1
8112,3074,0.99,20050620,277,1,1
8114,3288,5.99,20050621,277,1,1
8117,4350,2.99,20050707,277,1,1
8119,5642,2.99,20050710,277,1,1
8121,6853,7.99,20050712,277,1,1
8122,7264,4.99,20050727,277,1,1
8123,7746,2.99,20050728,277,1,1
8125,9520,2.99,20050731,277,1,1
8126,10201,0.99,20050801,277,1,1
8128,11629,6.99,20050817,277,1,1
8129,11746,5.99,20050817,277,1,1
8130,11998,0.99,20050817,277,1,1
8131,13069,4.99,20050819,277,1,1
8133,14548,3.99,20050821,277,1,1
8137,780,3.99,20050529,216,1,1
8138,1111,4.99,20050531,216,1,1
8140,3177,2.99,20050620,216,1,1
8141,3775,0.99,20050706,216,1,1
8142,4030,0.99,20050707,216,1,1
8144,5705,10.99,20050710,216,1,1
8146,6822,5.99,20050712,216,1,1
8147,6998,4.99,20050727,216,1,1
8148,7815,4.99,20050728,216,1,1
8149,8117,6.99,20050728,216,1,1
8150,8210,6.99,20050728,216,1,1
8151,8283,3.99,20050729,216,1,1
8152,9078,0.99,20050730,216,1,1
8155,10977,4.99,20050802,216,1,1
8159,13296,0.99,20050819,216,1,1
8161,13717,5.99,20050820,216,1,1
8162,14674,7.99,20050821,216,1,1
8163,14709,9.99,20050821,216,1,1
8166,15695,4.99,20060214,216,1,1
8169,955,0.99,20050530,433,1,1
8170,1853,0.99,20050617,433,1,1
8171,2611,4.99,20050619,433,1,1
8175,5119,6.99,20050709,433,1,1
8183,10883,0.99,20050802,433,1,1
8186,15201,10.99,20050822,433,1,1
8187,15268,1.99,20050822,433,1,1
8190,1231,2.99,20050615,117,1,1
8197,7183,0.99,20050727,117,1,1
8198,7411,6.99,20050727,117,1,1
8199,8363,6.99,20050729,117,1,1
8201,8795,2.99,20050729,117,1,1
8202,9146,7.99,20050730,117,1,1
8204,9374,8.99,20050730,117,1,1
8207,12126,7.99,20050817,117,1,1
8209,12903,2.99,20050819,117,1,1
8210,13916,2.99,20050820,117,1,1
8211,14120,4.99,20050821,117,1,1
8214,15622,5.99,20050823,117,1,1
8217,265,0.99,20050526,595,1,1
8218,871,2.99,20050530,595,1,1
8221,2223,8.99,20050618,595,1,1
8222,3077,3.99,20050620,595,1,1
8223,3107,2.99,20050620,595,1,1
8224,5140,4.99,20050709,595,1,1
8225,6205,4.99,20050711,595,1,1
8227,6464,4.99,20050712,595,1,1
8228,7023,4.99,20050727,595,1,1
8230,8409,0.99,20050729,595,1,1
8234,11253,4.99,20050802,595,1,1
8238,12365,0.99,20050818,595,1,1
8240,14750,5.99,20050821,595,1,1
8242,15511,3.99,20050823,595,1,1
8243,135,10.99,20050525,389,1,1
8244,415,0.99,20050527,389,1,1
8246,1414,6.99,20050615,389,1,1
8248,2039,3.99,20050617,389,1,1
8250,4466,6.99,20050708,389,1,1
8252,5411,2.99,20050709,389,1,1
8253,5712,4.99,20050710,389,1,1
8257,6737,4.99,20050712,389,1,1
8260,9930,0.99,20050731,389,1,1
8261,9992,6.99,20050731,389,1,1
8262,10631,0.99,20050801,389,1,1
8264,12540,5.99,20050818,389,1,1
8266,14023,0.99,20050820,389,1,1
8267,14899,4.99,20050822,389,1,1
8268,14945,4.99,20050822,389,1,1
8270,1574,4.99,20050616,544,1,1
8272,2166,11.99,20050617,544,1,1
8273,3387,0.99,20050621,544,1,1
8275,4638,2.99,20050708,544,1,1
8277,5052,2.99,20050709,544,1,1
8279,5745,8.99,20050710,544,1,1
8280,6134,7.99,20050711,544,1,1
8286,10981,2.99,20050802,544,1,1
8291,13782,4.99,20050820,544,1,1
8293,15612,6.99,20050823,544,1,1
8298,3814,6.99,20050706,317,1,1
8303,6953,4.99,20050726,317,1,1
8304,7225,6.99,20050727,317,1,1
8305,7232,4.99,20050727,317,1,1
8308,8702,0.99,20050729,317,1,1
8311,9774,0.99,20050731,317,1,1
8312,10202,6.99,20050801,317,1,1
8315,11440,0.99,20050802,317,1,1
8318,12225,7.99,20050818,317,1,1
8319,12989,2.99,20050819,317,1,1
8320,13686,4.99,20050820,317,1,1
8322,13873,0.99,20050820,317,1,1
8323,13996,4.99,20050820,317,1,1
8324,15457,2.99,20050823,317,1,1
8327,535,4.99,20050528,37,1,1
8328,614,1.99,20050528,37,1,1
8329,970,6.99,20050530,37,1,1
8331,2167,0.99,20050617,37,1,1
8332,2787,4.99,20050619,37,1,1
8333,2881,2.99,20050620,37,1,1
8335,3209,4.99,20050621,37,1,1
8336,3962,6.99,20050706,37,1,1
8337,3985,4.99,20050706,37,1,1
8338,4522,2.99,20050708,37,1,1
8339,4868,4.99,20050708,37,1,1
8340,5871,3.99,20050710,37,1,1
8342,6256,0.99,20050711,37,1,1
8343,6991,10.99,20050727,37,1,1
8344,7536,2.99,20050727,37,1,1
8345,7760,3.99,20050728,37,1,1
8346,7929,0.99,20050728,37,1,1
8347,8647,6.99,20050729,37,1,1
8348,10135,4.99,20050731,37,1,1
8349,10374,0.99,20050801,37,1,1
8350,10745,2.99,20050801,37,1,1
8351,11491,7.99,20050802,37,1,1
8354,14231,0.99,20050821,37,1,1
8357,2037,0.99,20050617,563,1,1
8358,2094,0.99,20050617,563,1,1
8360,2346,7.99,20050618,563,1,1
8362,4002,3.99,20050707,563,1,1
8363,4285,8.99,20050707,563,1,1
8364,5946,2.99,20050710,563,1,1
8366,9479,2.99,20050730,563,1,1
8367,9746,7.99,20050731,563,1,1
8368,10571,2.99,20050801,563,1,1
8370,10819,4.99,20050801,563,1,1
8371,11765,2.99,20050817,563,1,1
8372,11972,4.99,20050817,563,1,1
8374,12590,6.99,20050818,563,1,1
8376,13843,2.99,20050820,563,1,1
8378,15243,4.99,20050822,563,1,1
8383,1837,4.99,20050616,268,1,1
8390,4540,4.99,20050708,268,1,1
8392,5980,4.99,20050711,268,1,1
8396,7846,5.99,20050728,268,1,1
8397,8341,4.99,20050729,268,1,1
8398,8501,2.99,20050729,268,1,1
8399,8681,2.99,20050729,268,1,1
8400,8917,2.99,20050730,268,1,1
8402,9949,0.99,20050731,268,1,1
8403,10458,2.99,20050801,268,1,1
8404,10728,0.99,20050801,268,1,1
8405,10818,2.99,20050801,268,1,1
8417,2480,5.99,20050618,49,1,1
8418,2618,2.99,20050619,49,1,1
8420,4072,0.99,20050707,49,1,1
8421,5621,5.99,20050710,49,1,1
8423,7648,5.99,20050728,49,1,1
8425,8981,7.99,20050730,49,1,1
8426,9536,2.99,20050731,49,1,1
8430,12929,4.99,20050819,49,1,1
8431,14972,5.99,20050822,49,1,1
8434,952,2.99,20050530,439,1,1
8437,1622,4.99,20050616,439,1,1
8444,8473,2.99,20050729,439,1,1
8445,9503,6.99,20050731,439,1,1
8447,10134,4.99,20050731,439,1,1
8449,12997,2.99,20050819,439,1,1
8454,16020,8.99,20050823,439,1,1
8456,530,0.99,20050528,459,1,1
8461,3766,2.99,20050706,459,1,1
8462,3792,1.99,20050706,459,1,1
8463,4647,3.99,20050708,459,1,1
8464,5031,5.99,20050709,459,1,1
8466,6866,2.99,20050712,459,1,1
8467,8137,4.99,20050728,459,1,1
8468,8412,6.99,20050729,459,1,1
8469,8721,4.99,20050729,459,1,1
8470,9016,6.99,20050730,459,1,1
8471,9154,3.99,20050730,459,1,1
8475,12186,2.99,20050818,459,1,1
8476,12945,0.99,20050819,459,1,1
8478,14504,3.99,20050821,459,1,1
8479,15100,4.99,20050822,459,1,1
8480,15882,6.99,20050823,459,1,1
8486,2617,7.99,20050619,89,1,1
8489,5255,5.99,20050709,89,1,1
8490,6384,2.99,20050711,89,1,1
8493,8970,3.99,20050730,89,1,1
8500,14325,4.99,20050821,89,1,1
8502,15340,0.99,20050822,89,1,1
8504,80,5.99,20050525,61,1,1
8505,440,4.99,20050527,61,1,1
8506,1598,3.99,20050616,61,1,1
8507,1624,2.99,20050616,61,1,1
8508,3517,0.99,20050706,61,1,1
8509,3656,2.99,20050706,61,1,1
8510,3808,0.99,20050706,61,1,1
8514,6192,5.99,20050711,61,1,1
8515,6666,2.99,20050712,61,1,1
8516,6763,3.99,20050712,61,1,1
8518,7276,2.99,20050727,61,1,1
8520,8073,3.99,20050728,61,1,1
8527,12434,0.99,20050818,61,1,1
8529,13265,2.99,20050819,61,1,1
8532,14409,4.99,20050821,61,1,1
8537,537,8.99,20050528,264,1,1
8538,551,4.99,20050528,264,1,1
8539,1701,2.99,20050616,264,1,1
8540,4021,2.99,20050707,264,1,1
8541,4992,4.99,20050709,264,1,1
8543,6661,4.99,20050712,264,1,1
8544,6894,4.99,20050712,264,1,1
8545,8416,5.99,20050729,264,1,1
8550,14106,2.99,20050821,264,1,1
8552,15504,6.99,20050823,264,1,1
8554,16,4.99,20050525,211,1,1
8555,644,8.99,20050528,211,1,1
8556,1065,1.99,20050531,211,1,1
8557,1317,4.99,20050615,211,1,1
8559,2032,4.99,20050617,211,1,1
8562,2820,4.99,20050619,211,1,1
8564,4379,2.99,20050707,211,1,1
8567,5618,5.99,20050710,211,1,1
8571,7592,4.99,20050727,211,1,1
8572,7945,1.99,20050728,211,1,1
8573,8564,4.99,20050729,211,1,1
8574,9508,4.99,20050731,211,1,1
8576,10438,7.99,20050801,211,1,1
8577,12028,0.99,20050817,211,1,1
8581,14226,2.99,20050821,211,1,1
8583,107,6.99,20050525,156,1,1
8586,3251,0.99,20050621,156,1,1
8587,4138,0.99,20050707,156,1,1
8588,4177,8.99,20050707,156,1,1
8590,5548,0.99,20050710,156,1,1
8592,7309,2.99,20050727,156,1,1
8594,8327,2.99,20050729,156,1,1
8595,8458,4.99,20050729,156,1,1
8596,9110,2.99,20050730,156,1,1
8598,9770,8.99,20050731,156,1,1
8599,10364,2.99,20050801,156,1,1
8603,13388,4.99,20050819,156,1,1
8604,14032,5.99,20050820,156,1,1
8607,14791,4.99,20050822,156,1,1
8608,15204,2.99,20050822,156,1,1
8609,15280,4.99,20050822,156,1,1
8610,12574,0.99,20060214,156,1,1
8611,224,9.99,20050526,413,1,1
8612,2634,2.99,20050619,413,1,1
8613,2643,2.99,20050619,413,1,1
8616,3732,4.99,20050706,413,1,1
8618,4356,8.99,20050707,413,1,1
8619,7649,0.99,20050728,413,1,1
8622,14276,2.99,20050821,413,1,1
8623,15,9.99,20050525,342,1,1
8624,149,3.99,20050526,342,1,1
8625,439,2.99,20050527,342,1,1
8626,1632,2.99,20050616,342,1,1
8627,1892,4.99,20050617,342,1,1
8634,4630,4.99,20050708,342,1,1
8635,5791,8.99,20050710,342,1,1
8636,5882,2.99,20050710,342,1,1
8638,6195,4.99,20050711,342,1,1
8639,6255,4.99,20050711,342,1,1
8640,6485,6.99,20050712,342,1,1
8644,11575,0.99,20050817,342,1,1
8646,11955,6.99,20050817,342,1,1
8648,12018,4.99,20050817,342,1,1
8650,13548,3.99,20050820,342,1,1
8656,2216,4.99,20050618,5,1,1
8666,8238,0.99,20050729,5,1,1
8668,9509,0.99,20050731,5,1,1
8669,11208,0.99,20050802,5,1,1
8672,15302,2.99,20050822,5,1,1
8674,620,5.99,20050528,358,1,1
8677,3410,0.99,20050621,358,1,1
8679,3920,4.99,20050706,358,1,1
8681,4318,5.99,20050707,358,1,1
8685,6859,5.99,20050712,358,1,1
8687,9981,0.99,20050731,358,1,1
8688,11722,2.99,20050817,358,1,1
8689,12033,6.99,20050817,358,1,1
8691,12398,4.99,20050818,358,1,1
8693,15673,6.99,20050823,358,1,1
8696,269,4.99,20050526,11,1,1
8697,1386,2.99,20050615,11,1,1
8698,1588,8.99,20050616,11,1,1
8700,2554,0.99,20050619,11,1,1
8701,2983,7.99,20050620,11,1,1
8704,3478,0.99,20050705,11,1,1
8706,3646,4.99,20050706,11,1,1
8708,6511,3.99,20050712,11,1,1
8711,7091,4.99,20050727,11,1,1
8713,9104,7.99,20050730,11,1,1
8714,9115,4.99,20050730,11,1,1
8715,9252,1.99,20050730,11,1,1
8719,13650,9.99,20050820,11,1,1
8721,15450,0.99,20050823,11,1,1
8723,58,4.99,20050525,326,1,1
8725,878,5.99,20050530,326,1,1
8728,2933,4.99,20050620,326,1,1
8733,6840,3.99,20050712,326,1,1
8737,7847,1.99,20050728,326,1,1
8740,8790,0.99,20050729,326,1,1
8741,9363,2.99,20050730,326,1,1
8743,10028,4.99,20050731,326,1,1
8744,10298,0.99,20050801,326,1,1
8745,10994,3.99,20050802,326,1,1
8747,12120,4.99,20050817,326,1,1
8748,12169,2.99,20050818,326,1,1
8749,13140,5.99,20050819,326,1,1
8750,14224,2.99,20050821,326,1,1
8751,14957,3.99,20050822,326,1,1
8752,15387,4.99,20050822,326,1,1
8753,15728,0.99,20050823,326,1,1
8755,1740,0.99,20050616,129,1,1
8757,3947,4.99,20050706,129,1,1
8758,4197,0.99,20050707,129,1,1
8761,5778,0.99,20050710,129,1,1
8762,6034,2.99,20050711,129,1,1
8765,7263,7.99,20050727,129,1,1
8767,8698,3.99,20050729,129,1,1
8768,9651,4.99,20050731,129,1,1
8770,11617,2.99,20050817,129,1,1
8771,11771,6.99,20050817,129,1,1
8774,13386,2.99,20050819,129,1,1
8775,14262,8.99,20050821,129,1,1
8777,15263,4.99,20050822,129,1,1
8779,131,5.99,20050525,45,1,1
8783,5470,5.99,20050709,45,1,1
8785,5775,4.99,20050710,45,1,1
8792,10070,4.99,20050731,45,1,1
8794,10412,0.99,20050801,45,1,1
8796,12779,3.99,20050818,45,1,1
8799,14672,5.99,20050821,45,1,1
8801,875,6.99,20050530,454,1,1
8804,1311,4.99,20050615,454,1,1
8807,3441,4.99,20050621,454,1,1
8809,4160,7.99,20050707,454,1,1
8810,5147,5.99,20050709,454,1,1
8811,7117,2.99,20050727,454,1,1
8814,8467,5.99,20050729,454,1,1
8815,8604,4.99,20050729,454,1,1
8818,10108,0.99,20050731,454,1,1
8826,653,6.99,20050528,508,1,1
8827,1294,4.99,20050615,508,1,1
8830,2273,4.99,20050618,508,1,1
8833,4445,4.99,20050707,508,1,1
8834,4521,0.99,20050708,508,1,1
8835,6618,2.99,20050712,508,1,1
8838,10371,0.99,20050801,508,1,1
8839,11372,4.99,20050802,508,1,1
8841,12016,0.99,20050817,508,1,1
8843,13360,4.99,20050819,508,1,1
8844,13448,0.99,20050820,508,1,1
8845,14847,4.99,20050822,508,1,1
8847,15386,2.99,20050822,508,1,1
8848,15828,5.99,20050823,508,1,1
8849,15916,9.99,20050823,508,1,1
8851,15297,2.99,20060214,508,1,1
8856,3024,4.99,20050620,241,1,1
8857,3239,0.99,20050621,241,1,1
8858,5450,4.99,20050709,241,1,1
8859,8017,1.99,20050728,241,1,1
8860,8577,6.99,20050729,241,1,1
8863,9835,2.99,20050731,241,1,1
8864,11174,2.99,20050802,241,1,1
8865,12175,4.99,20050818,241,1,1
8867,13609,2.99,20050820,241,1,1
8869,13907,3.99,20050820,241,1,1
8871,14755,3.99,20050821,241,1,1
8873,15179,4.99,20050822,241,1,1
8874,15863,0.99,20050823,241,1,1
8875,1183,2.99,20050615,30,1,1
8876,2010,5.99,20050617,30,1,1
8878,2151,0.99,20050617,30,1,1
8879,2303,2.99,20050618,30,1,1
8881,3052,5.99,20050620,30,1,1
8886,4415,4.99,20050707,30,1,1
8887,4465,1.99,20050708,30,1,1
8889,7980,4.99,20050728,30,1,1
8891,8460,6.99,20050729,30,1,1
8895,9381,0.99,20050730,30,1,1
8896,9827,6.99,20050731,30,1,1
8897,10473,7.99,20050801,30,1,1
8899,11130,2.99,20050802,30,1,1
8902,12659,6.99,20050818,30,1,1
8903,13627,8.99,20050820,30,1,1
8904,14900,4.99,20050822,30,1,1
8906,15308,2.99,20050822,30,1,1
8907,704,3.99,20050529,546,1,1
8909,1219,6.99,20050615,546,1,1
8912,2936,4.99,20050620,546,1,1
8917,4124,1.99,20050707,546,1,1
8919,5750,5.99,20050710,546,1,1
8920,6656,0.99,20050712,546,1,1
8922,6719,2.99,20050712,546,1,1
8924,8680,4.99,20050729,546,1,1
8927,12062,2.99,20050817,546,1,1
8928,12394,2.99,20050818,546,1,1
8929,12740,4.99,20050818,546,1,1
8930,12867,0.99,20050819,546,1,1
8933,996,2.99,20050531,19,1,1
8934,1415,2.99,20050615,19,1,1
8936,2587,2.99,20050619,19,1,1
8937,3505,4.99,20050706,19,1,1
8938,3613,4.99,20050706,19,1,1
8940,4051,4.99,20050707,19,1,1
8942,4326,10.99,20050707,19,1,1
8943,5152,2.99,20050709,19,1,1
8944,5885,1.99,20050710,19,1,1
8945,5947,5.99,20050710,19,1,1
8946,8231,0.99,20050729,19,1,1
8948,9401,5.99,20050730,19,1,1
8950,11052,5.99,20050802,19,1,1
8951,11362,2.99,20050802,19,1,1
8953,13795,0.99,20050820,19,1,1
8954,14256,7.99,20050821,19,1,1
8955,14628,1.99,20050821,19,1,1
8956,15339,2.99,20050822,19,1,1
8958,15521,2.99,20050823,19,1,1
8960,1000,6.99,20050531,29,1,1
8961,4100,6.99,20050707,29,1,1
8962,4302,6.99,20050707,29,1,1
8964,5277,1.99,20050709,29,1,1
8967,5440,0.99,20050709,29,1,1
8974,9324,1.99,20050730,29,1,1
8975,9388,5.99,20050730,29,1,1
8976,9921,0.99,20050731,29,1,1
8977,10026,4.99,20050731,29,1,1
8978,10307,0.99,20050801,29,1,1
8980,11229,5.99,20050802,29,1,1
8986,15210,3.99,20050822,29,1,1
8987,4,4.99,20050524,26,1,1
8988,1667,2.99,20050616,26,1,1
8989,2149,6.99,20050617,26,1,1
8990,2929,1.99,20050620,26,1,1
8991,3110,2.99,20050620,26,1,1
8993,5645,1.99,20050710,26,1,1
9000,8719,4.99,20050729,26,1,1
9004,10062,2.99,20050731,26,1,1
9006,12427,6.99,20050818,26,1,1
9008,13579,3.99,20050820,26,1,1
9010,14057,4.99,20050820,26,1,1
9011,14740,2.99,20050821,26,1,1
9013,15313,4.99,20050822,26,1,1
9014,13,6.99,20050525,27,1,1
9015,431,8.99,20050527,27,1,1
9017,1298,4.99,20050615,27,1,1
9019,3662,4.99,20050706,27,1,1
9020,4603,6.99,20050708,27,1,1
9024,5845,4.99,20050710,27,1,1
9027,6987,2.99,20050727,27,1,1
9028,8977,7.99,20050730,27,1,1
9029,9633,2.99,20050731,27,1,1
9030,10207,3.99,20050801,27,1,1
9031,10408,4.99,20050801,27,1,1
9032,10492,2.99,20050801,27,1,1
9033,10879,1.99,20050802,27,1,1
9037,13876,2.99,20050820,27,1,1
9038,14645,0.99,20050821,27,1,1
9039,14984,7.99,20050822,27,1,1
9042,15669,3.99,20050823,27,1,1
9043,14219,0.99,20060214,27,1,1
9044,3329,4.99,20050621,507,1,1
9045,3607,0.99,20050706,507,1,1
9048,4279,4.99,20050707,507,1,1
9049,4387,8.99,20050707,507,1,1
9050,5024,4.99,20050709,507,1,1
9051,5252,0.99,20050709,507,1,1
9053,6624,7.99,20050712,507,1,1
9054,6906,0.99,20050712,507,1,1
9056,8855,2.99,20050729,507,1,1
9057,9125,5.99,20050730,507,1,1
9059,9428,0.99,20050730,507,1,1
9062,13622,1.99,20050820,507,1,1
9063,14014,2.99,20050820,507,1,1
9067,1478,2.99,20050615,224,1,1
9070,2575,2.99,20050619,224,1,1
9072,2954,2.99,20050620,224,1,1
9076,4595,2.99,20050708,224,1,1
9082,8407,6.99,20050729,224,1,1
9086,10055,0.99,20050731,224,1,1
9088,12323,8.99,20050818,224,1,1
9093,14295,2.99,20050821,224,1,1
9094,15073,10.99,20050822,224,1,1
9096,13022,0.99,20060214,224,1,1
9097,374,6.99,20050527,295,1,1
9098,572,4.99,20050528,295,1,1
9099,839,8.99,20050530,295,1,1
9101,2014,5.99,20050617,295,1,1
9102,3626,5.99,20050706,295,1,1
9103,4091,6.99,20050707,295,1,1
9106,5050,2.99,20050709,295,1,1
9107,6212,0.99,20050711,295,1,1
9109,6620,2.99,20050712,295,1,1
9110,7410,4.99,20050727,295,1,1
9111,8516,4.99,20050729,295,1,1
9114,10664,0.99,20050801,295,1,1
9117,11734,3.99,20050817,295,1,1
9118,12369,6.99,20050818,295,1,1
9120,13678,4.99,20050820,295,1,1
9124,15292,4.99,20050822,295,1,1
9126,675,0.99,20050528,469,1,1
9128,1807,5.99,20050616,469,1,1
9130,2148,6.99,20050617,469,1,1
9131,2179,0.99,20050618,469,1,1
9132,2495,4.99,20050618,469,1,1
9133,3458,5.99,20050621,469,1,1
9134,3516,0.99,20050706,469,1,1
9138,5309,4.99,20050709,469,1,1
9139,6236,2.99,20050711,469,1,1
9140,6360,4.99,20050711,469,1,1
9142,8766,0.99,20050729,469,1,1
9143,9485,7.99,20050730,469,1,1
9145,10897,0.99,20050802,469,1,1
9149,12167,2.99,20050818,469,1,1
9150,13284,3.99,20050819,469,1,1
9151,14619,2.99,20050821,469,1,1
9154,876,5.99,20050530,124,1,1
9156,1536,4.99,20050616,124,1,1
9158,3146,6.99,20050620,124,1,1
9159,3335,4.99,20050621,124,1,1
9161,4243,4.99,20050707,124,1,1
9162,4467,0.99,20050708,124,1,1
9164,5720,3.99,20050710,124,1,1
9165,6072,6.99,20050711,124,1,1
9166,6425,0.99,20050711,124,1,1
9170,8968,0.99,20050730,124,1,1
9172,9663,4.99,20050731,124,1,1
9175,11550,2.99,20050817,124,1,1
9178,12631,0.99,20050818,124,1,1
9179,13199,3.99,20050819,124,1,1
9180,13575,5.99,20050820,124,1,1
9181,13985,0.99,20050820,124,1,1
9182,14636,4.99,20050821,124,1,1
9185,1697,3.99,20050616,588,1,1
9186,2177,5.99,20050618,588,1,1
9189,2653,5.99,20050619,588,1,1
9190,3264,0.99,20050621,588,1,1
9191,3455,2.99,20050621,588,1,1
9193,4742,0.99,20050708,588,1,1
9197,8541,0.99,20050729,588,1,1
9199,8606,4.99,20050729,588,1,1
9200,9834,2.99,20050731,588,1,1
9201,10292,2.99,20050801,588,1,1
9202,10667,8.99,20050801,588,1,1
9204,10809,0.99,20050801,588,1,1
9205,10995,0.99,20050802,588,1,1
9209,13425,2.99,20050819,588,1,1
9210,14457,4.99,20050821,588,1,1
9212,14895,2.99,20050822,588,1,1
9214,15378,9.99,20050822,588,1,1
9215,1318,2.99,20050615,361,1,1
9217,1778,1.99,20050616,361,1,1
9218,1849,7.99,20050617,361,1,1
9221,3382,5.99,20050621,361,1,1
9223,4624,2.99,20050708,361,1,1
9227,8661,2.99,20050729,361,1,1
9228,8728,9.99,20050729,361,1,1
9230,11305,6.99,20050802,361,1,1
9231,11723,2.99,20050817,361,1,1
9239,2914,5.99,20050620,44,1,1
9240,3081,2.99,20050620,44,1,1
9241,5617,0.99,20050710,44,1,1
9244,6736,2.99,20050712,44,1,1
9248,9164,2.99,20050730,44,1,1
9249,9526,0.99,20050731,44,1,1
9251,9955,0.99,20050731,44,1,1
9253,10242,4.99,20050801,44,1,1
9256,11568,0.99,20050817,44,1,1
9257,12139,6.99,20050817,44,1,1
9258,12404,4.99,20050818,44,1,1
9259,12522,2.99,20050818,44,1,1
9263,13755,2.99,20050820,44,1,1
9268,15484,4.99,20050823,44,1,1
9269,15895,3.99,20050823,44,1,1
9271,455,3.99,20050527,337,1,1
9273,1564,6.99,20050616,337,1,1
9277,2980,8.99,20050620,337,1,1
9278,3407,0.99,20050621,337,1,1
9279,3978,5.99,20050706,337,1,1
9280,4472,7.99,20050708,337,1,1
9282,5337,3.99,20050709,337,1,1
9283,7069,6.99,20050727,337,1,1
9288,10822,0.99,20050801,337,1,1
9289,11212,0.99,20050802,337,1,1
9297,1341,3.99,20050615,506,1,1
9299,1731,0.99,20050616,506,1,1
9309,13033,3.99,20050819,506,1,1
9310,14621,0.99,20050821,506,1,1
9312,15215,2.99,20050822,506,1,1
9313,206,0.99,20050526,388,1,1
9314,363,0.99,20050527,388,1,1
9316,1457,4.99,20050615,388,1,1
9320,4425,2.99,20050707,388,1,1
9323,6307,7.99,20050711,388,1,1
9324,7092,6.99,20050727,388,1,1
9327,9163,4.99,20050730,388,1,1
9331,11865,2.99,20050817,388,1,1
9332,12485,4.99,20050818,388,1,1
9334,14702,10.99,20050821,388,1,1
9335,15551,4.99,20050823,388,1,1
9336,65,4.99,20050525,442,1,1
9337,810,4.99,20050529,442,1,1
9338,1994,5.99,20050617,442,1,1
9340,3421,2.99,20050621,442,1,1
9342,4958,8.99,20050708,442,1,1
9343,5428,4.99,20050709,442,1,1
9350,8505,6.99,20050729,442,1,1
9354,9848,4.99,20050731,442,1,1
9355,9927,2.99,20050731,442,1,1
9356,10304,5.99,20050801,442,1,1
9360,11375,4.99,20050802,442,1,1
9362,14890,5.99,20050822,442,1,1
9364,15535,0.99,20050823,442,1,1
9365,15661,8.99,20050823,442,1,1
9367,15827,0.99,20050823,442,1,1
9370,3026,4.99,20050620,309,1,1
9371,3092,8.99,20050620,309,1,1
9372,3326,7.99,20050621,309,1,1
9375,4232,5.99,20050707,309,1,1
9376,4523,6.99,20050708,309,1,1
9378,5819,2.99,20050710,309,1,1
9380,7811,0.99,20050728,309,1,1
9386,9013,4.99,20050730,309,1,1
9387,9582,4.99,20050731,309,1,1
9388,9856,3.99,20050731,309,1,1
9389,9876,2.99,20050731,309,1,1
9391,12195,2.99,20050818,309,1,1
9400,1654,2.99,20050616,494,1,1
9401,2041,8.99,20050617,494,1,1
9407,4699,0.99,20050708,494,1,1
9408,4807,8.99,20050708,494,1,1
9409,5345,4.99,20050709,494,1,1
9413,7482,6.99,20050727,494,1,1
9415,8500,2.99,20050729,494,1,1
9416,8569,4.99,20050729,494,1,1
9419,10769,2.99,20050801,494,1,1
9421,11262,2.99,20050802,494,1,1
9422,11429,7.99,20050802,494,1,1
9429,13962,1.99,20050820,494,1,1
9433,15944,4.99,20050823,494,1,1
9434,890,4.99,20050530,402,1,1
9435,1197,2.99,20050615,402,1,1
9436,1523,0.99,20050616,402,1,1
9438,3067,8.99,20050620,402,1,1
9440,4190,2.99,20050707,402,1,1
9442,4881,0.99,20050708,402,1,1
9443,5433,4.99,20050709,402,1,1
9444,7002,4.99,20050727,402,1,1
9445,7046,4.99,20050727,402,1,1
9448,9262,1.99,20050730,402,1,1
9449,9670,5.99,20050731,402,1,1
9450,9731,0.99,20050731,402,1,1
9451,10987,4.99,20050802,402,1,1
9454,11905,3.99,20050817,402,1,1
9455,13258,4.99,20050819,402,1,1
9460,15833,6.99,20050823,402,1,1
9461,15955,5.99,20050823,402,1,1
9462,14915,2.99,20060214,402,1,1
9463,24,4.99,20050525,451,1,1
9464,802,4.99,20050529,451,1,1
9466,2619,0.99,20050619,451,1,1
9467,3079,2.99,20050620,451,1,1
9469,3529,0.99,20050706,451,1,1
9470,3893,5.99,20050706,451,1,1
9471,4767,2.99,20050708,451,1,1
9472,5240,0.99,20050709,451,1,1
9473,5303,2.99,20050709,451,1,1
9474,5786,1.99,20050710,451,1,1
9480,11800,0.99,20050817,451,1,1
9485,15807,0.99,20050823,451,1,1
9486,1137,1.99,20050531,453,1,1
9488,1869,0.99,20050617,453,1,1
9489,2759,2.99,20050619,453,1,1
9490,3836,2.99,20050706,453,1,1
9491,4544,0.99,20050708,453,1,1
9492,4756,1.99,20050708,453,1,1
9494,5280,0.99,20050709,453,1,1
9495,5912,3.99,20050710,453,1,1
9497,6664,4.99,20050712,453,1,1
9501,9707,7.99,20050731,453,1,1
9505,14368,6.99,20050821,453,1,1
9507,15664,4.99,20050823,453,1,1
9509,15762,2.99,20050823,453,1,1
9510,784,2.99,20050529,69,1,1
9511,1498,0.99,20050615,69,1,1
9512,1649,4.99,20050616,69,1,1
9513,1678,4.99,20050616,69,1,1
9514,1780,4.99,20050616,69,1,1
9518,7033,2.99,20050727,69,1,1
9519,7419,7.99,20050727,69,1,1
9521,7579,4.99,20050727,69,1,1
9522,7845,5.99,20050728,69,1,1
9523,7886,2.99,20050728,69,1,1
9524,9463,0.99,20050730,69,1,1
9525,11793,5.99,20050817,69,1,1
9526,11823,6.99,20050817,69,1,1
9529,12751,2.99,20050818,69,1,1
9530,14130,4.99,20050821,69,1,1
9539,6610,3.99,20050712,340,1,1
9542,11186,0.99,20050802,340,1,1
9545,12928,5.99,20050819,340,1,1
9547,14396,4.99,20050821,340,1,1
9548,15564,1.99,20050823,340,1,1
9551,140,0.99,20050525,58,1,1
9554,1491,0.99,20050615,58,1,1
9555,2275,4.99,20050618,58,1,1
9556,2769,6.99,20050619,58,1,1
9557,3139,2.99,20050620,58,1,1
9560,4449,5.99,20050707,58,1,1
9562,5354,4.99,20050709,58,1,1
9564,5873,3.99,20050710,58,1,1
9565,6054,0.99,20050711,58,1,1
9566,6838,4.99,20050712,58,1,1
9567,6926,0.99,20050726,58,1,1
9568,6939,5.99,20050726,58,1,1
9574,8609,4.99,20050729,58,1,1
9576,9130,2.99,20050730,58,1,1
9577,10420,6.99,20050801,58,1,1
9579,12544,3.99,20050818,58,1,1
9580,12998,4.99,20050819,58,1,1
9583,14840,5.99,20050822,58,1,1
9585,12759,7.98,20060214,58,1,1
9586,11782,0.00,20060214,58,1,1
9587,1110,3.99,20050531,289,1,1
9589,1612,2.99,20050616,289,1,1
9590,3567,5.99,20050706,289,1,1
9591,3730,6.99,20050706,289,1,1
9592,5210,4.99,20050709,289,1,1
9593,5564,5.99,20050710,289,1,1
9594,6127,0.99,20050711,289,1,1
9596,6437,2.99,20050712,289,1,1
9601,10498,0.99,20050801,289,1,1
9604,15367,3.99,20050822,289,1,1
9606,14760,0.99,20060214,289,1,1
9608,1410,0.99,20050615,227,1,1
9609,2405,2.99,20050618,227,1,1
9610,2433,4.99,20050618,227,1,1
9613,5513,0.99,20050710,227,1,1
9614,6593,4.99,20050712,227,1,1
9615,6648,0.99,20050712,227,1,1
9616,7079,2.99,20050727,227,1,1
9617,7758,1.99,20050728,227,1,1
9618,7902,0.99,20050728,227,1,1
9619,8198,3.99,20050728,227,1,1
9620,8975,5.99,20050730,227,1,1
9624,10427,3.99,20050801,227,1,1
9625,10854,4.99,20050802,227,1,1
9626,11535,3.99,20050817,227,1,1
9630,12913,0.99,20050819,227,1,1
9634,15705,4.99,20050823,227,1,1
9636,15757,2.99,20050823,227,1,1
9637,144,2.99,20050525,461,1,1
9638,824,4.99,20050529,461,1,1
9641,1788,1.99,20050616,461,1,1
9644,3865,3.99,20050706,461,1,1
9645,4478,0.99,20050708,461,1,1
9646,5896,0.99,20050710,461,1,1
9647,6288,8.99,20050711,461,1,1
9650,6839,0.99,20050712,461,1,1
9651,7353,2.99,20050727,461,1,1
9652,7366,5.99,20050727,461,1,1
9654,8124,2.99,20050728,461,1,1
9657,10502,2.99,20050801,461,1,1
9658,10503,6.99,20050801,461,1,1
9661,14926,0.99,20050822,461,1,1
9664,1455,2.99,20050615,225,1,1
9666,2114,5.99,20050617,225,1,1
9667,2721,2.99,20050619,225,1,1
9668,2749,2.99,20050619,225,1,1
9669,3245,2.99,20050621,225,1,1
9670,3753,2.99,20050706,225,1,1
9671,3809,2.99,20050706,225,1,1
9673,6362,2.99,20050711,225,1,1
9674,8621,2.99,20050729,225,1,1
9676,9568,0.99,20050731,225,1,1
9677,10193,2.99,20050801,225,1,1
9678,10482,4.99,20050801,225,1,1
9681,12452,6.99,20050818,225,1,1
9682,13197,2.99,20050819,225,1,1
9683,14004,7.99,20050820,225,1,1
9684,284,8.99,20050526,9,1,1
9686,528,3.99,20050528,9,1,1
9689,2401,0.99,20050618,9,1,1
9690,2736,4.99,20050619,9,1,1
9693,6542,2.99,20050712,9,1,1
9696,7115,0.99,20050727,9,1,1
9697,8174,4.99,20050728,9,1,1
9698,9898,4.99,20050731,9,1,1
9700,11032,4.99,20050802,9,1,1
9701,12611,1.99,20050818,9,1,1
9703,14258,1.99,20050821,9,1,1
9705,15104,2.99,20050822,9,1,1
9706,15148,4.99,20050822,9,1,1
9707,15453,1.99,20050823,9,1,1
9709,633,0.99,20050528,421,1,1
9715,4056,4.99,20050707,421,1,1
9716,4487,7.99,20050708,421,1,1
9718,5834,1.99,20050710,421,1,1
9719,5995,3.99,20050711,421,1,1
9720,6442,0.99,20050712,421,1,1
9722,7251,2.99,20050727,421,1,1
9724,7654,4.99,20050728,421,1,1
9726,8220,2.99,20050728,421,1,1
9728,9283,4.99,20050730,421,1,1
9730,9623,2.99,20050731,421,1,1
9736,12773,5.99,20050818,421,1,1
9738,12839,6.99,20050819,421,1,1
9739,12990,4.99,20050819,421,1,1
9741,14700,4.99,20050821,421,1,1
9742,15310,2.99,20050822,421,1,1
9743,368,5.99,20050527,70,1,1
9747,2851,2.99,20050619,70,1,1
9750,6152,0.99,20050711,70,1,1
9753,6914,1.99,20050712,70,1,1
9754,7538,2.99,20050727,70,1,1
9757,10145,1.99,20050731,70,1,1
9758,10151,4.99,20050731,70,1,1
9759,10414,0.99,20050801,70,1,1
9763,11327,2.99,20050802,70,1,1
9764,11991,3.99,20050817,70,1,1
9767,13135,0.99,20050819,70,1,1
9769,14422,0.99,20050821,70,1,1
9770,15759,6.99,20050823,70,1,1
9772,13298,3.98,20060214,70,1,1
9773,14769,0.00,20060214,70,1,1
9775,1429,2.99,20050615,42,1,1
9776,1529,2.99,20050616,42,1,1
9777,1615,2.99,20050616,42,1,1
9781,5227,4.99,20050709,42,1,1
9784,6204,4.99,20050711,42,1,1
9786,6981,4.99,20050727,42,1,1
9787,7172,1.99,20050727,42,1,1
9788,7485,2.99,20050727,42,1,1
9789,8081,2.99,20050728,42,1,1
9792,8662,0.99,20050729,42,1,1
9793,8714,2.99,20050729,42,1,1
9794,9784,4.99,20050731,42,1,1
9797,12854,6.99,20050819,42,1,1
9798,13603,6.99,20050820,42,1,1
9802,14752,5.99,20050821,42,1,1
9803,14759,11.99,20050821,42,1,1
9804,14808,4.99,20050822,42,1,1
9805,14950,2.99,20050822,42,1,1
9806,733,3.99,20050529,307,1,1
9809,1847,4.99,20050617,307,1,1
9810,2540,4.99,20050619,307,1,1
9812,3726,3.99,20050706,307,1,1
9814,5758,6.99,20050710,307,1,1
9819,7256,2.99,20050727,307,1,1
9825,9968,4.99,20050731,307,1,1
9826,9977,8.99,20050731,307,1,1
9827,10339,6.99,20050801,307,1,1
9830,13706,9.99,20050820,307,1,1
9831,14694,2.99,20050821,307,1,1
9832,14983,5.99,20050822,307,1,1
9834,15335,4.99,20050822,307,1,1
9835,462,5.99,20050527,329,1,1
9836,1722,2.99,20050616,329,1,1
9841,3678,4.99,20050706,329,1,1
9843,4047,0.99,20050707,329,1,1
9845,5872,10.99,20050710,329,1,1
9846,7272,2.99,20050727,329,1,1
9848,10092,0.99,20050731,329,1,1
9851,12557,4.99,20050818,329,1,1
9852,12761,1.99,20050818,329,1,1
9854,13698,4.99,20050820,329,1,1
9857,15242,0.99,20050822,329,1,1
9859,231,4.99,20050526,293,1,1
9860,1303,1.99,20050615,293,1,1
9861,1578,6.99,20050616,293,1,1
9862,1983,4.99,20050617,293,1,1
9863,2525,2.99,20050619,293,1,1
9865,4583,1.99,20050708,293,1,1
9866,6604,4.99,20050712,293,1,1
9867,7488,7.99,20050727,293,1,1
9869,8168,4.99,20050728,293,1,1
9871,8856,3.99,20050729,293,1,1
9872,9122,2.99,20050730,293,1,1
9878,12804,8.99,20050819,293,1,1
9879,13619,2.99,20050820,293,1,1
9885,3834,2.99,20050706,509,1,1
9887,4569,5.99,20050708,509,1,1
9889,6112,6.99,20050711,509,1,1
9890,6366,4.99,20050711,509,1,1
9893,6842,0.99,20050712,509,1,1
9895,7344,1.99,20050727,509,1,1
9896,7562,2.99,20050727,509,1,1
9898,7805,6.99,20050728,509,1,1
9902,9316,6.99,20050730,509,1,1
9903,10198,2.99,20050801,509,1,1
9904,10384,4.99,20050801,509,1,1
9908,12608,4.99,20050818,509,1,1
9910,13857,2.99,20050820,509,1,1
9911,14147,4.99,20050821,509,1,1
9912,14290,4.99,20050821,509,1,1
9913,14390,2.99,20050821,509,1,1
9914,14717,2.99,20050821,509,1,1
9915,14906,6.99,20050822,509,1,1
9916,15514,2.99,20050823,509,1,1
9917,13421,4.99,20060214,509,1,1
9918,939,0.99,20050530,179,1,1
9919,1089,2.99,20050531,179,1,1
9920,3078,0.99,20050620,179,1,1
9921,4251,8.99,20050707,179,1,1
9926,6716,0.99,20050712,179,1,1
9929,9030,3.99,20050730,179,1,1
9930,9430,4.99,20050730,179,1,1
9931,9912,4.99,20050731,179,1,1
9933,12152,4.99,20050818,179,1,1
9938,14413,6.99,20050821,179,1,1
9939,14481,10.99,20050821,179,1,1
9940,64,5.99,20050525,256,1,1
9941,125,5.99,20050525,256,1,1
9942,836,2.99,20050529,256,1,1
9943,949,2.99,20050530,256,1,1
9944,1186,0.99,20050615,256,1,1
9945,1513,9.99,20050615,256,1,1
9946,2531,4.99,20050619,256,1,1
9947,2694,4.99,20050619,256,1,1
9948,2744,4.99,20050619,256,1,1
9952,4584,0.99,20050708,256,1,1
9954,6124,4.99,20050711,256,1,1
9955,6154,5.99,20050711,256,1,1
9956,6681,2.99,20050712,256,1,1
9958,8045,0.99,20050728,256,1,1
9960,9400,5.99,20050730,256,1,1
9961,9833,6.99,20050731,256,1,1
9964,11844,0.99,20050817,256,1,1
9966,12796,4.99,20050819,256,1,1
9972,14393,7.99,20050821,256,1,1
9973,15353,2.99,20050822,256,1,1
9974,15437,2.99,20050823,256,1,1
9975,31,4.99,20050525,334,1,1
9976,294,4.99,20050526,334,1,1
9979,1224,0.99,20050615,334,1,1
9980,3490,6.99,20050705,334,1,1
9983,5043,1.99,20050709,334,1,1
9986,8236,2.99,20050729,334,1,1
9989,9089,0.99,20050730,334,1,1
9991,9973,4.99,20050731,334,1,1
9992,10299,0.99,20050801,334,1,1
9995,11084,4.99,20050802,334,1,1
9997,12521,0.99,20050818,334,1,1
9999,13898,0.99,20060214,334,1,1
10003,6968,0.99,20050727,198,1,1
10005,7226,6.99,20050727,198,1,1
10009,10336,4.99,20050801,198,1,1
10010,11540,1.99,20050817,198,1,1
10012,12339,4.99,20050818,198,1,1
10013,13039,0.99,20050819,198,1,1
10014,14602,3.99,20050821,198,1,1
10017,15626,4.99,20050823,198,1,1
10018,15982,5.99,20050823,198,1,1
10019,26,3.99,20050525,396,1,1
10022,384,5.99,20050527,396,1,1
10023,825,0.99,20050529,396,1,1
10024,829,2.99,20050529,396,1,1
10026,1218,1.99,20050615,396,1,1
10027,1573,6.99,20050616,396,1,1
10030,3176,3.99,20050620,396,1,1
10033,4612,1.99,20050708,396,1,1
10034,5171,4.99,20050709,396,1,1
10036,6000,2.99,20050711,396,1,1
10037,6460,1.99,20050712,396,1,1
10038,6922,0.99,20050712,396,1,1
10039,7408,3.99,20050727,396,1,1
10040,8138,4.99,20050728,396,1,1
10041,9008,4.99,20050730,396,1,1
10042,9117,8.99,20050730,396,1,1
10043,9635,0.99,20050731,396,1,1
10044,11086,10.99,20050802,396,1,1
10047,13028,2.99,20050819,396,1,1
10049,13191,4.99,20050819,396,1,1
10051,14384,2.99,20050821,396,1,1
10052,15786,0.99,20050823,396,1,1
10053,15824,2.99,20050823,396,1,1
10054,617,2.99,20050528,249,1,1
10055,638,2.99,20050528,249,1,1
10056,2315,2.99,20050618,249,1,1
10057,2959,4.99,20050620,249,1,1
10058,3283,3.99,20050621,249,1,1
10059,5229,4.99,20050709,249,1,1
10060,5314,2.99,20050709,249,1,1
10061,5352,2.99,20050709,249,1,1
10062,5501,6.99,20050710,249,1,1
10065,7190,4.99,20050727,249,1,1
10069,8059,2.99,20050728,249,1,1
10070,8358,0.99,20050729,249,1,1
10071,8724,0.99,20050729,249,1,1
10072,8755,2.99,20050729,249,1,1
10074,9128,5.99,20050730,249,1,1
10078,12224,0.99,20050818,249,1,1
10079,12714,3.99,20050818,249,1,1
10083,14211,4.99,20050821,249,1,1
10084,14331,2.99,20050821,249,1,1
10085,14770,1.99,20050821,249,1,1
10087,15563,2.99,20050823,249,1,1
10089,1472,6.99,20050615,409,1,1
10090,3161,2.99,20050620,409,1,1
10093,4325,7.99,20050707,409,1,1
10094,5120,5.99,20050709,409,1,1
10095,6202,3.99,20050711,409,1,1
10097,6944,4.99,20050726,409,1,1
10098,7094,0.99,20050727,409,1,1
10100,7615,0.99,20050728,409,1,1
10101,8611,3.99,20050729,409,1,1
10103,9397,4.99,20050730,409,1,1
10105,9966,4.99,20050731,409,1,1
10106,10010,6.99,20050731,409,1,1
10107,10221,4.99,20050801,409,1,1
10108,10758,5.99,20050801,409,1,1
10113,12142,5.99,20050818,409,1,1
10115,12748,7.99,20050818,409,1,1
10118,13329,3.99,20050819,409,1,1
10121,15068,3.99,20050822,409,1,1
10122,11739,0.99,20060214,409,1,1
10123,521,0.99,20050528,63,1,1
10126,1548,1.99,20050616,63,1,1
10130,3797,1.99,20050706,63,1,1
10131,5463,4.99,20050709,63,1,1
10132,5570,6.99,20050710,63,1,1
10139,9866,6.99,20050731,63,1,1
10140,10695,2.99,20050801,63,1,1
10141,11619,0.99,20050817,63,1,1
10143,13337,2.99,20050819,63,1,1
10147,15200,2.99,20050822,63,1,1
10152,412,4.99,20050527,140,1,1
10154,873,2.99,20050530,140,1,1
10156,1499,5.99,20050615,140,1,1
10157,2236,4.99,20050618,140,1,1
10158,3981,6.99,20050706,140,1,1
10161,7856,4.99,20050728,140,1,1
10163,10274,0.99,20050801,140,1,1
10165,10640,0.99,20050801,140,1,1
10166,10672,4.99,20050801,140,1,1
10167,10859,5.99,20050802,140,1,1
10168,10961,6.99,20050802,140,1,1
10172,13836,4.99,20050820,140,1,1
10173,15004,2.99,20050822,140,1,1
10174,15505,4.99,20050823,140,1,1
10175,554,0.99,20050528,438,1,1
10177,2779,0.99,20050619,438,1,1
10179,4163,0.99,20050707,438,1,1
10181,4320,3.99,20050707,438,1,1
10182,4554,5.99,20050708,438,1,1
10183,4869,4.99,20050708,438,1,1
10184,5675,4.99,20050710,438,1,1
10185,6524,6.99,20050712,438,1,1
10186,6545,8.99,20050712,438,1,1
10188,8269,2.99,20050729,438,1,1
10189,8420,5.99,20050729,438,1,1
10190,9773,4.99,20050731,438,1,1
10191,9828,2.99,20050731,438,1,1
10192,9872,0.99,20050731,438,1,1
10194,10810,3.99,20050801,438,1,1
10195,11144,4.99,20050802,438,1,1
10197,11851,4.99,20050817,438,1,1
10198,13009,0.99,20050819,438,1,1
10199,13141,0.99,20050819,438,1,1
10201,15107,4.99,20050822,438,1,1
10202,15382,2.99,20050822,438,1,1
10204,3080,1.99,20050620,255,1,1
10208,3858,2.99,20050706,255,1,1
10210,4077,0.99,20050707,255,1,1
10211,4225,0.99,20050707,255,1,1
10213,7697,1.99,20050728,255,1,1
10217,9564,0.99,20050731,255,1,1
10218,10013,4.99,20050731,255,1,1
10219,10183,8.99,20050801,255,1,1
10220,10738,3.99,20050801,255,1,1
10221,10943,2.99,20050802,255,1,1
10222,12390,1.99,20050818,255,1,1
10223,12549,4.99,20050818,255,1,1
10224,13249,2.99,20050819,255,1,1
10225,13275,0.99,20050819,255,1,1
10227,15995,0.99,20050823,255,1,1
10228,15999,7.99,20050823,255,1,1
10229,347,0.99,20050527,114,1,1
10231,1662,5.99,20050616,114,1,1
10234,3759,4.99,20050706,114,1,1
10236,5578,1.99,20050710,114,1,1
10238,7888,0.99,20050728,114,1,1
10241,9868,2.99,20050731,114,1,1
10242,10917,4.99,20050802,114,1,1
10243,11111,4.99,20050802,114,1,1
10244,12596,2.99,20050818,114,1,1
10245,12828,4.99,20050819,114,1,1
10247,14971,2.99,20050822,114,1,1
10249,863,4.99,20050530,186,1,1
10250,1383,8.99,20050615,186,1,1
10251,2313,5.99,20050618,186,1,1
10252,2926,2.99,20050620,186,1,1
10253,3788,4.99,20050706,186,1,1
10255,5402,4.99,20050709,186,1,1
10256,6235,7.99,20050711,186,1,1
10258,10041,4.99,20050731,186,1,1
10260,12503,4.99,20050818,186,1,1
10261,13334,0.99,20050819,186,1,1
10263,13485,0.99,20050820,186,1,1
10264,14011,5.99,20050820,186,1,1
10266,14470,0.99,20050821,186,1,1
10267,14886,4.99,20050822,186,1,1
10269,15446,4.99,20050823,186,1,1
10271,847,3.99,20050530,419,1,1
10272,1868,3.99,20050617,419,1,1
10273,1984,2.99,20050617,419,1,1
10274,2018,3.99,20050617,419,1,1
10275,2440,2.99,20050618,419,1,1
10276,2464,4.99,20050618,419,1,1
10279,3260,4.99,20050621,419,1,1
10280,3637,2.99,20050706,419,1,1
10281,3688,4.99,20050706,419,1,1
10282,4675,2.99,20050708,419,1,1
10289,7773,2.99,20050728,419,1,1
10290,7974,3.99,20050728,419,1,1
10291,9056,0.99,20050730,419,1,1
10292,9261,6.99,20050730,419,1,1
10293,9710,10.99,20050731,419,1,1
10295,10983,3.99,20050802,419,1,1
10296,11936,0.99,20050817,419,1,1
10298,12636,3.99,20050818,419,1,1
10299,12996,6.99,20050819,419,1,1
10300,14529,6.99,20050821,419,1,1
10301,14935,1.99,20050822,419,1,1
10303,15361,2.99,20050822,419,1,1
10305,15697,2.99,20050823,419,1,1
10309,835,2.99,20050529,8,1,1
10310,1402,3.99,20050615,8,1,1
10311,1878,1.99,20050617,8,1,1
10313,2418,4.99,20050618,8,1,1
10317,4735,0.99,20050708,8,1,1
10322,7375,2.99,20050727,8,1,1
10323,7645,2.99,20050728,8,1,1
10327,9822,2.99,20050731,8,1,1
10329,10608,0.99,20050801,8,1,1
10331,11519,2.99,20050817,8,1,1
10337,13614,0.99,20050820,8,1,1
10339,14198,4.99,20050821,8,1,1
10341,15747,4.99,20050823,8,1,1
10343,522,2.99,20050528,567,1,1
10344,2389,0.99,20050618,567,1,1
10345,2468,4.99,20050618,567,1,1
10346,2489,1.99,20050618,567,1,1
10347,2514,2.99,20050618,567,1,1
10351,5004,4.99,20050709,567,1,1
10352,5816,0.99,20050710,567,1,1
10355,8871,9.99,20050730,567,1,1
10356,8993,4.99,20050730,567,1,1
10357,9067,6.99,20050730,567,1,1
10362,14009,4.99,20050820,567,1,1
10367,766,8.99,20050529,7,1,1
10368,1831,7.99,20050616,7,1,1
10370,2252,2.99,20050618,7,1,1
10372,2609,7.99,20050619,7,1,1
10373,3091,2.99,20050620,7,1,1
10377,6775,4.99,20050712,7,1,1
10378,7367,3.99,20050727,7,1,1
10380,8635,0.99,20050729,7,1,1
10381,9653,0.99,20050731,7,1,1
10382,9678,0.99,20050731,7,1,1
10384,10971,4.99,20050802,7,1,1
10387,11592,2.99,20050817,7,1,1
10388,12735,4.99,20050818,7,1,1
10391,15416,1.99,20050822,7,1,1
10392,15881,6.99,20050823,7,1,1
10395,898,0.99,20050530,95,1,1
10397,1961,0.99,20050617,95,1,1
10399,2378,7.99,20050618,95,1,1
10402,3088,9.99,20050620,95,1,1
10406,5608,4.99,20050710,95,1,1
10411,8445,1.99,20050729,95,1,1
10415,14841,0.99,20050822,95,1,1
10416,14963,5.99,20050822,95,1,1
10418,917,2.99,20050530,300,1,1
10420,1746,2.99,20050616,300,1,1
10421,1937,0.99,20050617,300,1,1
10422,3105,0.99,20050620,300,1,1
10425,4714,6.99,20050708,300,1,1
10426,5783,2.99,20050710,300,1,1
10427,6445,4.99,20050712,300,1,1
10430,8346,2.99,20050729,300,1,1
10431,8518,2.99,20050729,300,1,1
10432,9570,2.99,20050731,300,1,1
10433,9704,4.99,20050731,300,1,1
10434,10557,0.99,20050801,300,1,1
10435,10636,3.99,20050801,300,1,1
10436,10655,4.99,20050801,300,1,1
10437,11021,2.99,20050802,300,1,1
10438,11559,2.99,20050817,300,1,1
10442,13117,0.99,20050819,300,1,1
10443,15488,6.99,20050823,300,1,1
10444,583,7.99,20050528,525,1,1
10446,1608,2.99,20050616,525,1,1
10448,2732,0.99,20050619,525,1,1
10449,3351,2.99,20050621,525,1,1
10451,4189,8.99,20050707,525,1,1
10452,5524,0.99,20050710,525,1,1
10453,5953,2.99,20050710,525,1,1
10454,6037,4.99,20050711,525,1,1
10455,6222,2.99,20050711,525,1,1
10457,6324,3.99,20050711,525,1,1
10460,8751,2.99,20050729,525,1,1
10462,9686,5.99,20050731,525,1,1
10463,10572,4.99,20050801,525,1,1
10465,10715,2.99,20050801,525,1,1
10469,13716,3.99,20050820,525,1,1
10470,13764,2.99,20050820,525,1,1
10472,15949,0.99,20050823,525,1,1
10474,697,7.99,20050529,139,1,1
10475,841,4.99,20050530,139,1,1
10476,1127,3.99,20050531,139,1,1
10477,1464,0.99,20050615,139,1,1
10479,2068,0.99,20050617,139,1,1
10485,6517,5.99,20050712,139,1,1
10486,7497,0.99,20050727,139,1,1
10487,8090,2.99,20050728,139,1,1
10488,10564,0.99,20050801,139,1,1
10489,10838,4.99,20050801,139,1,1
10492,12936,6.99,20050819,139,1,1
10494,13082,5.99,20050819,139,1,1
10502,2145,0.99,20050617,397,1,1
10503,2537,5.99,20050619,397,1,1
10504,2692,4.99,20050619,397,1,1
10509,6452,2.99,20050712,397,1,1
10519,12068,2.99,20050817,397,1,1
10523,12749,2.99,20050818,397,1,1
10524,12977,4.99,20050819,397,1,1
10525,14273,10.99,20050821,397,1,1
10528,12891,0.99,20060214,397,1,1
10529,998,4.99,20050531,87,1,1
10530,1763,4.99,20050616,87,1,1
10531,1946,4.99,20050617,87,1,1
10532,2552,3.99,20050619,87,1,1
10534,4443,6.99,20050707,87,1,1
10535,5249,0.99,20050709,87,1,1
10538,6600,3.99,20050712,87,1,1
10539,7029,4.99,20050727,87,1,1
10540,7896,8.99,20050728,87,1,1
10542,8338,6.99,20050729,87,1,1
10543,8887,4.99,20050730,87,1,1
10544,10217,4.99,20050801,87,1,1
10545,10949,2.99,20050802,87,1,1
10551,14578,2.99,20050821,87,1,1
10552,14777,2.99,20050821,87,1,1
10553,15462,5.99,20050823,87,1,1
10555,254,4.99,20050526,503,1,1
10560,2330,7.99,20050618,503,1,1
10561,3147,5.99,20050620,503,1,1
10562,3999,2.99,20050706,503,1,1
10563,4022,4.99,20050707,503,1,1
10566,4968,5.99,20050708,503,1,1
10567,6215,4.99,20050711,503,1,1
10568,6430,0.99,20050712,503,1,1
10570,7595,5.99,20050727,503,1,1
10571,8493,0.99,20050729,503,1,1
10572,9251,5.99,20050730,503,1,1
10574,9825,4.99,20050731,503,1,1
10575,10061,4.99,20050731,503,1,1
10576,12105,5.99,20050817,503,1,1
10578,13413,3.99,20050819,503,1,1
10579,13473,4.99,20050820,503,1,1
10580,13501,0.99,20050820,503,1,1
10589,210,2.99,20050526,282,1,1
10590,317,5.99,20050526,282,1,1
10592,891,7.99,20050530,282,1,1
10595,2045,2.99,20050617,282,1,1
10596,2690,2.99,20050619,282,1,1
10598,4188,5.99,20050707,282,1,1
10599,4716,0.99,20050708,282,1,1
10602,5599,4.99,20050710,282,1,1
10603,6302,3.99,20050711,282,1,1
10604,6463,2.99,20050712,282,1,1
10606,8908,0.99,20050730,282,1,1
10608,9225,0.99,20050730,282,1,1
10609,10210,7.99,20050801,282,1,1
10611,11151,4.99,20050802,282,1,1
10613,11602,4.99,20050817,282,1,1
10614,12090,0.99,20050817,282,1,1
10615,12100,1.99,20050817,282,1,1
10616,13980,2.99,20050820,282,1,1
10617,14381,0.99,20050821,282,1,1
10622,3566,2.99,20050706,155,1,1
10625,7692,2.99,20050728,155,1,1
10626,7981,1.99,20050728,155,1,1
10627,8254,0.99,20050729,155,1,1
10630,10435,4.99,20050801,155,1,1
10631,11459,0.99,20050802,155,1,1
10632,11686,2.99,20050817,155,1,1
10634,12368,6.99,20050818,155,1,1
10636,13629,4.99,20050820,155,1,1
10638,14223,5.99,20050821,155,1,1
10641,599,4.99,20050528,437,1,1
10643,1611,6.99,20050616,437,1,1
10646,2319,4.99,20050618,437,1,1
10652,5099,4.99,20050709,437,1,1
10653,6221,2.99,20050711,437,1,1
10655,6930,8.99,20050726,437,1,1
10660,10158,1.99,20050731,437,1,1
10662,12113,1.99,20050817,437,1,1
10663,12563,4.99,20050818,437,1,1
10664,12676,0.99,20050818,437,1,1
10665,13184,4.99,20050819,437,1,1
10668,15132,2.99,20050822,437,1,1
10672,213,3.99,20050526,480,1,1
10673,977,2.99,20050530,480,1,1
10676,3873,6.99,20050706,480,1,1
10678,4307,6.99,20050707,480,1,1
10680,5535,4.99,20050710,480,1,1
10683,9147,0.99,20050730,480,1,1
10685,10319,4.99,20050801,480,1,1
10686,10603,0.99,20050801,480,1,1
10687,10718,0.99,20050801,480,1,1
10688,12080,4.99,20050817,480,1,1
10689,12389,4.99,20050818,480,1,1
10692,14605,0.99,20050821,480,1,1
10694,1270,0.99,20050615,484,1,1
10695,1562,0.99,20050616,484,1,1
10697,3030,4.99,20050620,484,1,1
10698,3310,0.99,20050621,484,1,1
10699,3389,6.99,20050621,484,1,1
10701,4185,5.99,20050707,484,1,1
10702,4393,4.99,20050707,484,1,1
10703,5087,0.99,20050709,484,1,1
10705,7740,2.99,20050728,484,1,1
10707,11889,0.99,20050817,484,1,1
10708,14471,5.99,20050821,484,1,1
10710,15698,2.99,20050823,484,1,1
10711,15856,0.99,20050823,484,1,1
10712,15970,4.99,20050823,484,1,1
10718,5059,1.99,20050709,281,1,1
10726,9344,5.99,20050730,281,1,1
10732,12895,4.99,20050819,281,1,1
10734,14078,3.99,20050820,281,1,1
10735,14169,4.99,20050821,281,1,1
10736,14508,2.99,20050821,281,1,1
10738,14792,1.99,20050822,281,1,1
10741,1769,5.99,20050616,426,1,1
10743,3489,5.99,20050705,426,1,1
10744,4036,0.99,20050707,426,1,1
10750,6471,4.99,20050712,426,1,1
10753,8103,6.99,20050728,426,1,1
10754,9495,0.99,20050730,426,1,1
10756,10534,0.99,20050801,426,1,1
10758,10785,1.99,20050801,426,1,1
10761,12276,0.99,20050818,426,1,1
10765,12772,4.99,20050818,426,1,1
10767,14790,6.99,20050822,426,1,1
10768,15083,6.99,20050822,426,1,1
10769,486,4.99,20050527,41,1,1
10771,2087,6.99,20050617,41,1,1
10776,8428,7.99,20050729,41,1,1
10777,9042,2.99,20050730,41,1,1
10779,9771,1.99,20050731,41,1,1
10780,10230,2.99,20050801,41,1,1
10784,15189,3.99,20050822,41,1,1
10789,3036,5.99,20050620,384,1,1
10792,5507,0.99,20050710,384,1,1
10800,11329,4.99,20050802,384,1,1
10801,11953,3.99,20050817,384,1,1
10802,13253,4.99,20050819,384,1,1
10804,15300,0.99,20050822,384,1,1
10805,15468,4.99,20050823,384,1,1
10806,95,3.99,20050525,554,1,1
10811,1917,3.99,20050617,554,1,1
10813,4573,6.99,20050708,554,1,1
10814,4645,2.99,20050708,554,1,1
10820,7682,5.99,20050728,554,1,1
10823,10187,2.99,20050801,554,1,1
10825,10711,0.99,20050801,554,1,1
10828,11600,5.99,20050817,554,1,1
10829,12514,2.99,20050818,554,1,1
10831,14775,2.99,20050821,554,1,1
10837,4059,0.99,20050707,286,1,1
10842,8450,2.99,20050729,286,1,1
10844,8722,8.99,20050729,286,1,1
10847,11820,2.99,20050817,286,1,1
10848,12475,4.99,20050818,286,1,1
10850,12906,2.99,20050819,286,1,1
10851,13024,4.99,20050819,286,1,1
10852,14359,0.99,20050821,286,1,1
10854,15831,0.99,20050823,286,1,1
10855,15927,0.99,20050823,286,1,1
10863,4399,2.99,20050707,158,1,1
10867,6283,3.99,20050711,158,1,1
10868,7633,0.99,20050728,158,1,1
10870,9657,6.99,20050731,158,1,1
10875,15428,4.99,20050823,158,1,1
10876,442,2.99,20050527,235,1,1
10877,517,0.99,20050528,235,1,1
10879,1249,8.99,20050615,235,1,1
10881,2927,4.99,20050620,235,1,1
10883,3356,5.99,20050621,235,1,1
10884,3644,6.99,20050706,235,1,1
10887,5982,4.99,20050711,235,1,1
10889,6342,4.99,20050711,235,1,1
10890,7103,4.99,20050727,235,1,1
10892,9058,2.99,20050730,235,1,1
10896,10443,2.99,20050801,235,1,1
10897,10547,6.99,20050801,235,1,1
10899,11038,7.99,20050802,235,1,1
10905,12132,2.99,20050817,235,1,1
10906,12793,5.99,20050819,235,1,1
10907,14519,2.99,20050821,235,1,1
10908,14662,0.99,20050821,235,1,1
10910,15410,4.99,20050822,235,1,1
10914,2715,4.99,20050619,294,1,1
10915,2951,2.99,20050620,294,1,1
10916,3927,2.99,20050706,294,1,1
10917,4495,2.99,20050708,294,1,1
10919,4653,4.99,20050708,294,1,1
10920,4963,4.99,20050708,294,1,1
10921,5632,3.99,20050710,294,1,1
10922,6114,1.99,20050711,294,1,1
10924,6964,4.99,20050727,294,1,1
10925,8058,5.99,20050728,294,1,1
10926,8455,3.99,20050729,294,1,1
10927,9206,4.99,20050730,294,1,1
10928,9472,4.99,20050730,294,1,1
10930,10651,2.99,20050801,294,1,1
10931,12325,5.99,20050818,294,1,1
10932,12554,8.99,20050818,294,1,1
10934,13422,4.99,20050819,294,1,1
10935,14691,0.99,20050821,294,1,1
10941,121,2.99,20050525,20,1,1
10944,1888,0.99,20050617,20,1,1
10947,3240,4.99,20050621,20,1,1
10948,3253,5.99,20050621,20,1,1
10952,5231,0.99,20050709,20,1,1
10954,6110,2.99,20050711,20,1,1
10955,7455,2.99,20050727,20,1,1
10956,7759,0.99,20050728,20,1,1
10958,8955,5.99,20050730,20,1,1
10959,9569,0.99,20050731,20,1,1
10960,10472,4.99,20050801,20,1,1
10962,11345,7.99,20050802,20,1,1
10963,12050,0.99,20050817,20,1,1
10965,13304,1.99,20050819,20,1,1
10966,13398,0.99,20050819,20,1,1
10967,14274,4.99,20050821,20,1,1
10969,15072,1.99,20050822,20,1,1
10971,15932,4.99,20050823,20,1,1
10972,12792,0.99,20060214,20,1,1
10973,855,0.99,20050530,592,1,1
10974,2113,4.99,20050617,592,1,1
10976,2241,2.99,20050618,592,1,1
10979,3186,7.99,20050620,592,1,1
10980,3306,4.99,20050621,592,1,1
10984,5766,0.99,20050710,592,1,1
10987,7171,4.99,20050727,592,1,1
10988,7259,4.99,20050727,592,1,1
10993,8903,0.99,20050730,592,1,1
10996,9291,4.99,20050730,592,1,1
10998,9660,8.99,20050731,592,1,1
10999,10632,1.99,20050801,592,1,1
11000,11603,4.99,20050817,592,1,1
11005,619,7.99,20050528,470,1,1
11006,1698,2.99,20050616,470,1,1
11008,4296,0.99,20050707,470,1,1
11009,5070,4.99,20050709,470,1,1
11011,6727,0.99,20050712,470,1,1
11012,7363,5.99,20050727,470,1,1
11014,8078,2.99,20050728,470,1,1
11015,8109,4.99,20050728,470,1,1
11016,8197,9.99,20050728,470,1,1
11018,8802,2.99,20050729,470,1,1
11020,11214,8.99,20050802,470,1,1
11021,11222,2.99,20050802,470,1,1
11024,11677,0.99,20050817,470,1,1
11027,13800,0.99,20050820,470,1,1
11034,526,2.99,20050528,483,1,1
11036,2564,2.99,20050619,483,1,1
11040,6062,0.99,20050711,483,1,1
11043,7053,4.99,20050727,483,1,1
11048,9052,0.99,20050730,483,1,1
11051,12140,2.99,20050817,483,1,1
11052,12338,4.99,20050818,483,1,1
11053,12498,2.99,20050818,483,1,1
11055,13508,7.99,20050820,483,1,1
11057,13944,2.99,20050820,483,1,1
11059,15628,2.99,20050823,483,1,1
11061,15765,6.99,20050823,483,1,1
11062,310,6.99,20050526,366,1,1
11065,3866,5.99,20050706,366,1,1
11067,5175,3.99,20050709,366,1,1
11069,5422,0.99,20050709,366,1,1
11070,5848,2.99,20050710,366,1,1
11071,5955,7.99,20050710,366,1,1
11073,6596,2.99,20050712,366,1,1
11076,8037,4.99,20050728,366,1,1
11078,8726,1.99,20050729,366,1,1
11081,13392,8.99,20050819,366,1,1
11083,14103,1.99,20050821,366,1,1
11084,14697,4.99,20050821,366,1,1
11085,1514,2.99,20050615,74,1,1
11086,2073,2.99,20050617,74,1,1
11087,2255,4.99,20050618,74,1,1
11090,3249,4.99,20050621,74,1,1
11092,4267,0.99,20050707,74,1,1
11093,5150,3.99,20050709,74,1,1
11094,5192,4.99,20050709,74,1,1
11096,5336,2.99,20050709,74,1,1
11097,6148,4.99,20050711,74,1,1
11101,7523,4.99,20050727,74,1,1
11103,8882,0.99,20050730,74,1,1
11104,9263,2.99,20050730,74,1,1
11105,10402,4.99,20050801,74,1,1
11106,10837,2.99,20050801,74,1,1
11107,11107,0.99,20050802,74,1,1
11108,11187,10.99,20050802,74,1,1
11109,11472,6.99,20050802,74,1,1
11110,11694,6.99,20050817,74,1,1
11112,13460,4.99,20050820,74,1,1
11115,14237,3.99,20050821,74,1,1
11117,14319,4.99,20050821,74,1,1
11119,15211,2.99,20050822,74,1,1
11121,15518,4.99,20050823,74,1,1
11122,12665,2.99,20060214,74,1,1
11125,1985,0.99,20050617,239,1,1
11128,3928,2.99,20050706,239,1,1
11130,4246,2.99,20050707,239,1,1
11132,5800,2.99,20050710,239,1,1
11133,7102,1.99,20050727,239,1,1
11135,7513,2.99,20050727,239,1,1
11136,7813,2.99,20050728,239,1,1
11137,8023,0.99,20050728,239,1,1
11141,11997,5.99,20050817,239,1,1
11145,14772,5.99,20050821,239,1,1
11147,15936,0.99,20050823,239,1,1
11150,333,4.99,20050527,201,1,1
11151,717,0.99,20050529,201,1,1
11153,3292,2.99,20050621,201,1,1
11156,8036,0.99,20050728,201,1,1
11158,8411,8.99,20050729,201,1,1
11159,8674,0.99,20050729,201,1,1
11160,9881,4.99,20050731,201,1,1
11162,10467,5.99,20050801,201,1,1
11164,14068,3.99,20050820,201,1,1
11165,14535,6.99,20050821,201,1,1
11168,15781,8.99,20050823,201,1,1
11169,15314,0.99,20060214,201,1,1
11170,40,4.99,20050525,185,1,1
11171,999,4.99,20050531,185,1,1
11174,3762,4.99,20050706,185,1,1
11176,5897,7.99,20050710,185,1,1
11178,7635,0.99,20050728,185,1,1
11180,10909,2.99,20050802,185,1,1
11182,11468,0.99,20050802,185,1,1
11183,11532,0.99,20050817,185,1,1
11185,13010,3.99,20050819,185,1,1
11186,13318,2.99,20050819,185,1,1
11189,14773,2.99,20050821,185,1,1
11190,15678,2.99,20050823,185,1,1
11191,85,4.99,20050525,319,1,1
11192,261,3.99,20050526,319,1,1
11193,2246,4.99,20050618,319,1,1
11194,2559,9.99,20050619,319,1,1
11195,3318,5.99,20050621,319,1,1
11196,3957,10.99,20050706,319,1,1
11197,4437,3.99,20050707,319,1,1
11201,7009,0.99,20050727,319,1,1
11202,7779,2.99,20050728,319,1,1
11203,9650,2.99,20050731,319,1,1
11206,11706,0.99,20050817,319,1,1
11208,13042,0.99,20050819,319,1,1
11209,13242,2.99,20050819,319,1,1
11210,13308,7.99,20050819,319,1,1
11211,13404,0.99,20050819,319,1,1
11214,15140,6.99,20050822,319,1,1
11218,3211,2.99,20050621,359,1,1
11223,6505,3.99,20050712,359,1,1
11224,7379,4.99,20050727,359,1,1
11226,7748,4.99,20050728,359,1,1
11229,9852,2.99,20050731,359,1,1
11230,10263,5.99,20050801,359,1,1
11231,10553,2.99,20050801,359,1,1
11236,14992,4.99,20050822,359,1,1
11238,15959,0.99,20050823,359,1,1
11243,1343,4.99,20050615,381,1,1
11247,3833,3.99,20050706,381,1,1
11248,3868,2.99,20050706,381,1,1
11249,6097,2.99,20050711,381,1,1
11250,6879,7.99,20050712,381,1,1
11251,7889,0.99,20050728,381,1,1
11252,7917,2.99,20050728,381,1,1
11257,10254,3.99,20050801,381,1,1
11258,10354,2.99,20050801,381,1,1
11259,10742,6.99,20050801,381,1,1
11260,10937,6.99,20050802,381,1,1
11262,11557,6.99,20050817,381,1,1
11263,12722,8.99,20050818,381,1,1
11264,12932,4.99,20050819,381,1,1
11265,14239,4.99,20050821,381,1,1
11266,15235,1.99,20050822,381,1,1
11268,15727,2.99,20050823,381,1,1
11270,267,4.99,20050526,457,1,1
11273,1921,3.99,20050617,457,1,1
11274,3952,4.99,20050706,457,1,1
11275,4418,2.99,20050707,457,1,1
11276,4421,9.99,20050707,457,1,1
11278,6312,4.99,20050711,457,1,1
11279,8877,2.99,20050730,457,1,1
11281,10478,0.99,20050801,457,1,1
11282,11217,7.99,20050802,457,1,1
11283,11291,6.99,20050802,457,1,1
11287,13545,4.99,20050820,457,1,1
11288,13927,1.99,20050820,457,1,1
11290,14304,6.99,20050821,457,1,1
11291,14607,2.99,20050821,457,1,1
11293,15795,0.99,20050823,457,1,1
11295,2825,2.99,20050619,143,1,1
11298,3805,0.99,20050706,143,1,1
11300,4865,2.99,20050708,143,1,1
11301,4938,0.99,20050708,143,1,1
11302,6150,4.99,20050711,143,1,1
11303,6970,4.99,20050727,143,1,1
11307,9558,4.99,20050731,143,1,1
11309,10709,0.99,20050801,143,1,1
11311,11270,2.99,20050802,143,1,1
11314,11650,4.99,20050817,143,1,1
11315,11769,2.99,20050817,143,1,1
11316,11910,0.99,20050817,143,1,1
11318,13537,2.99,20050820,143,1,1
11319,13970,0.99,20050820,143,1,1
11320,14484,0.99,20050821,143,1,1
11321,14836,4.99,20050822,143,1,1
11323,15466,4.99,20050823,143,1,1
11325,62,2.99,20050525,209,1,1
11327,3596,0.99,20050706,209,1,1
11328,3694,4.99,20050706,209,1,1
11329,4224,0.99,20050707,209,1,1
11332,5900,3.99,20050710,209,1,1
11336,7362,4.99,20050727,209,1,1
11337,7619,2.99,20050728,209,1,1
11338,7796,4.99,20050728,209,1,1
11339,10150,2.99,20050731,209,1,1
11340,10372,2.99,20050801,209,1,1
11342,11313,2.99,20050802,209,1,1
11344,11425,2.99,20050802,209,1,1
11346,12460,7.99,20050818,209,1,1
11347,12720,5.99,20050818,209,1,1
11352,2698,0.99,20050619,556,1,1
11353,2726,0.99,20050619,556,1,1
11354,4176,4.99,20050707,556,1,1
11356,5168,4.99,20050709,556,1,1
11361,6588,4.99,20050712,556,1,1
11364,9362,0.99,20050730,556,1,1
11367,10766,4.99,20050801,556,1,1
11371,507,0.99,20050528,219,1,1
11372,931,0.99,20050530,219,1,1
11373,1693,4.99,20050616,219,1,1
11375,3170,4.99,20050620,219,1,1
11376,3491,7.99,20050705,219,1,1
11378,3988,8.99,20050706,219,1,1
11380,6220,0.99,20050711,219,1,1
11384,8268,4.99,20050729,219,1,1
11385,8725,4.99,20050729,219,1,1
11388,10200,4.99,20050801,219,1,1
11390,11263,4.99,20050802,219,1,1
11391,11523,3.99,20050817,219,1,1
11392,12279,4.99,20050818,219,1,1
11394,13872,4.99,20050820,219,1,1
11395,14742,4.99,20050821,219,1,1
11396,14887,3.99,20050822,219,1,1
11398,398,0.99,20050527,102,1,1
11399,1846,0.99,20050617,102,1,1
11400,1897,4.99,20050617,102,1,1
11402,2778,5.99,20050619,102,1,1
11403,3553,4.99,20050706,102,1,1
11406,5784,1.99,20050710,102,1,1
11412,11658,2.99,20050817,102,1,1
11413,11842,4.99,20050817,102,1,1
11414,12907,9.99,20050819,102,1,1
11419,14861,4.99,20050822,102,1,1
11420,15272,3.99,20050822,102,1,1
11421,15273,2.99,20050822,102,1,1
11424,1504,3.99,20050615,152,1,1
11426,2600,6.99,20050619,152,1,1
11428,3072,8.99,20050620,152,1,1
11430,4250,0.99,20050707,152,1,1
11431,4679,2.99,20050708,152,1,1
11432,6506,1.99,20050712,152,1,1
11433,7016,5.99,20050727,152,1,1
11435,7157,4.99,20050727,152,1,1
11436,7290,0.99,20050727,152,1,1
11438,7849,9.99,20050728,152,1,1
11442,10488,2.99,20050801,152,1,1
11443,11091,2.99,20050802,152,1,1
11448,15380,0.99,20050822,152,1,1
11449,15755,4.99,20050823,152,1,1
11452,3166,6.99,20050620,112,1,1
11458,5568,0.99,20050710,112,1,1
11459,5611,3.99,20050710,112,1,1
11460,6589,2.99,20050712,112,1,1
11461,7594,2.99,20050727,112,1,1
11463,8918,4.99,20050730,112,1,1
11466,9471,4.99,20050730,112,1,1
11467,9516,8.99,20050731,112,1,1
11469,10017,6.99,20050731,112,1,1
11471,10866,2.99,20050802,112,1,1
11479,15094,0.99,20060214,112,1,1
11481,3276,6.99,20050621,343,1,1
11482,3807,4.99,20050706,343,1,1
11486,4659,2.99,20050708,343,1,1
11487,4884,7.99,20050708,343,1,1
11488,4939,7.99,20050708,343,1,1
11490,5371,4.99,20050709,343,1,1
11492,6603,2.99,20050712,343,1,1
11493,7249,4.99,20050727,343,1,1
11494,8974,0.99,20050730,343,1,1
11495,9170,0.99,20050730,343,1,1
11497,10121,0.99,20050731,343,1,1
11499,10545,0.99,20050801,343,1,1
11503,15064,0.99,20050822,343,1,1
11507,1709,6.99,20050616,221,1,1
11508,1842,7.99,20050616,221,1,1
11509,2204,2.99,20050618,221,1,1
11510,2804,0.99,20050619,221,1,1
11511,3243,0.99,20050621,221,1,1
11514,4900,4.99,20050708,221,1,1
11515,5725,3.99,20050710,221,1,1
11516,7495,4.99,20050727,221,1,1
11517,7527,10.99,20050727,221,1,1
11518,7711,4.99,20050728,221,1,1
11519,7789,5.99,20050728,221,1,1
11520,9185,5.99,20050730,221,1,1
11523,10505,1.99,20050801,221,1,1
11529,12822,4.99,20050819,221,1,1
11534,1342,5.99,20050615,47,1,1
11536,1648,5.99,20050616,47,1,1
11537,1857,1.99,20050617,47,1,1
11539,4793,3.99,20050708,47,1,1
11542,6423,6.99,20050711,47,1,1
11543,6509,2.99,20050712,47,1,1
11546,8531,5.99,20050729,47,1,1
11549,10417,4.99,20050801,47,1,1
11550,10464,5.99,20050801,47,1,1
11552,11024,5.99,20050802,47,1,1
11553,13720,1.99,20050820,47,1,1
11555,14287,3.99,20050821,47,1,1
11556,15330,3.99,20050822,47,1,1
11558,1227,3.99,20050615,450,1,1
11560,1601,3.99,20050616,450,1,1
11561,2677,2.99,20050619,450,1,1
11563,3702,2.99,20050706,450,1,1
11564,3925,5.99,20050706,450,1,1
11565,4151,0.99,20050707,450,1,1
11566,5373,4.99,20050709,450,1,1
11567,6735,5.99,20050712,450,1,1
11568,7823,6.99,20050728,450,1,1
11569,8155,2.99,20050728,450,1,1
11572,9904,5.99,20050731,450,1,1
11585,3409,2.99,20050621,301,1,1
11589,6977,6.99,20050727,301,1,1
11594,9849,0.99,20050731,301,1,1
11595,12259,2.99,20050818,301,1,1
11596,12953,4.99,20050819,301,1,1
11599,364,4.99,20050527,428,1,1
11601,1274,2.99,20050615,428,1,1
11602,1538,2.99,20050616,428,1,1
11603,1759,6.99,20050616,428,1,1
11606,5002,4.99,20050709,428,1,1
11607,5217,5.99,20050709,428,1,1
11609,5958,6.99,20050710,428,1,1
11611,8560,4.99,20050729,428,1,1
11613,12723,0.99,20050818,428,1,1
11614,12965,4.99,20050819,428,1,1
11615,13007,0.99,20050819,428,1,1
11618,14058,5.99,20050820,428,1,1
11619,15031,4.99,20050822,428,1,1
11622,2096,4.99,20050617,35,1,1
11623,2269,3.99,20050618,35,1,1
11628,4144,3.99,20050707,35,1,1
11629,4801,2.99,20050708,35,1,1
11630,4863,0.99,20050708,35,1,1
11634,10527,4.99,20050801,35,1,1
11637,12273,6.99,20050818,35,1,1
11639,13784,4.99,20050820,35,1,1
11640,15809,2.99,20050823,35,1,1
11641,15960,2.99,20050823,35,1,1
11644,550,5.99,20050528,468,1,1
11645,897,8.99,20050530,468,1,1
11649,4965,5.99,20050708,468,1,1
11650,4973,4.99,20050708,468,1,1
11651,5204,2.99,20050709,468,1,1
11652,5322,6.99,20050709,468,1,1
11653,5944,4.99,20050710,468,1,1
11654,5990,4.99,20050711,468,1,1
11662,12767,6.99,20050818,468,1,1
11663,14027,2.99,20050820,468,1,1
11664,15523,4.99,20050823,468,1,1
11665,15713,6.99,20050823,468,1,1
11667,691,10.99,20050529,353,1,1
11672,5969,8.99,20050711,353,1,1
11673,6765,5.99,20050712,353,1,1
11674,6848,0.99,20050712,353,1,1
11675,6850,4.99,20050712,353,1,1
11676,7821,4.99,20050728,353,1,1
11678,8414,5.99,20050729,353,1,1
11679,8713,2.99,20050729,353,1,1
11681,9294,3.99,20050730,353,1,1
11682,10663,4.99,20050801,353,1,1
11683,11664,2.99,20050817,353,1,1
11686,13801,4.99,20050820,353,1,1
11688,14559,6.99,20050821,353,1,1
11690,15502,5.99,20050823,353,1,1
11692,1225,0.99,20050615,405,1,1
11695,2430,3.99,20050618,405,1,1
11696,2494,3.99,20050618,405,1,1
11697,3014,2.99,20050620,405,1,1
11699,4414,2.99,20050707,405,1,1
11704,7260,6.99,20050727,405,1,1
11706,8205,0.99,20050728,405,1,1
11707,9350,4.99,20050730,405,1,1
11708,11242,3.99,20050802,405,1,1
11709,11867,2.99,20050817,405,1,1
11714,13383,7.99,20050819,405,1,1
11718,757,7.99,20050529,99,1,1
11719,806,4.99,20050529,99,1,1
11721,2984,0.99,20050620,99,1,1
11722,3690,0.99,20050706,99,1,1
11723,3918,8.99,20050706,99,1,1
11726,6935,2.99,20050726,99,1,1
11727,8386,5.99,20050729,99,1,1
11730,9655,3.99,20050731,99,1,1
11732,10998,6.99,20050802,99,1,1
11733,11041,2.99,20050802,99,1,1
11734,11786,3.99,20050817,99,1,1
11735,11796,0.99,20050817,99,1,1
11737,12741,4.99,20050818,99,1,1
11739,14696,4.99,20050821,99,1,1
11740,14765,1.99,20050821,99,1,1
11741,14850,0.99,20050822,99,1,1
11742,15136,2.99,20050822,99,1,1
11743,45,7.99,20050525,75,1,1
11744,256,3.99,20050526,75,1,1
11745,848,5.99,20050530,75,1,1
11746,2291,9.99,20050618,75,1,1
11751,4782,4.99,20050708,75,1,1
11752,5959,0.99,20050710,75,1,1
11753,7593,4.99,20050727,75,1,1
11756,9345,9.99,20050730,75,1,1
11757,9539,0.99,20050731,75,1,1
11758,9638,5.99,20050731,75,1,1
11761,11580,2.99,20050817,75,1,1
11768,13533,3.99,20050820,75,1,1
11769,13760,5.99,20050820,75,1,1
11770,13814,0.99,20050820,75,1,1
11773,192,2.99,20050526,142,1,1
11775,666,5.99,20050528,142,1,1
11777,2792,2.99,20050619,142,1,1
11779,3747,4.99,20050706,142,1,1
11782,5167,1.99,20050709,142,1,1
11791,12205,8.99,20050818,142,1,1
11793,13839,2.99,20050820,142,1,1
11794,13905,1.99,20050820,142,1,1
11795,14993,1.99,20050822,142,1,1
11798,1138,6.99,20050531,599,1,1
11799,1431,4.99,20050615,599,1,1
11802,2591,4.99,20050619,599,1,1
11803,3315,4.99,20050621,599,1,1
11805,4355,4.99,20050707,599,1,1
11809,5870,2.99,20050710,599,1,1
11811,6563,3.99,20050712,599,1,1
11815,7598,0.99,20050727,599,1,1
11817,9082,3.99,20050730,599,1,1
11819,10512,6.99,20050801,599,1,1
11820,10607,4.99,20050801,599,1,1
11825,13414,4.99,20050819,599,1,1
11829,126,2.99,20050525,267,1,1
11831,786,9.99,20050529,267,1,1
11832,1264,4.99,20050615,267,1,1
11835,2621,2.99,20050619,267,1,1
11836,2992,2.99,20050620,267,1,1
11837,3294,6.99,20050621,267,1,1
11839,4528,2.99,20050708,267,1,1
11840,4813,4.99,20050708,267,1,1
11842,5893,2.99,20050710,267,1,1
11843,6577,2.99,20050712,267,1,1
11845,8343,2.99,20050729,267,1,1
11846,8624,2.99,20050729,267,1,1
11848,9275,0.99,20050730,267,1,1
11849,9322,6.99,20050730,267,1,1
11851,10905,2.99,20050802,267,1,1
11854,11989,2.99,20050817,267,1,1
11855,12621,2.99,20050818,267,1,1
11863,15818,1.99,20050823,267,1,1
11864,16018,0.99,20050823,267,1,1
11866,4301,2.99,20050707,194,1,1
11867,4946,7.99,20050708,194,1,1
11873,7614,0.99,20050728,194,1,1
11874,7806,9.99,20050728,194,1,1
11875,9001,4.99,20050730,194,1,1
11876,9195,2.99,20050730,194,1,1
11877,9547,4.99,20050731,194,1,1
11879,12850,0.99,20050819,194,1,1
11882,14555,0.99,20050821,194,1,1
11885,15925,4.99,20050823,194,1,1
11886,13106,4.99,20060214,194,1,1
11887,823,4.99,20050529,2,1,1
11888,1602,4.99,20050616,2,1,1
11892,4084,8.99,20050707,2,1,1
11895,5811,0.99,20050710,2,1,1
11897,6642,4.99,20050712,2,1,1
11898,6941,5.99,20050726,2,1,1
11900,8281,0.99,20050729,2,1,1
11901,8427,4.99,20050729,2,1,1
11902,8575,4.99,20050729,2,1,1
11907,10846,1.99,20050801,2,1,1
11911,13932,4.99,20050820,2,1,1
11914,14878,4.99,20060214,2,1,1
11917,632,5.99,20050528,119,1,1
11918,1251,5.99,20050615,119,1,1
11921,1774,2.99,20050616,119,1,1
11923,3661,2.99,20050706,119,1,1
11924,4052,5.99,20050707,119,1,1
11925,4058,2.99,20050707,119,1,1
11931,7460,0.99,20050727,119,1,1
11932,7671,2.99,20050728,119,1,1
11933,8044,2.99,20050728,119,1,1
11934,8758,4.99,20050729,119,1,1
11935,9180,4.99,20050730,119,1,1
11937,10034,2.99,20050731,119,1,1
11940,12948,0.99,20050819,119,1,1
11942,13155,7.99,20050819,119,1,1
11944,14418,1.99,20050821,119,1,1
11945,14466,0.99,20050821,119,1,1
11948,2871,2.99,20050620,60,1,1
11951,6913,4.99,20050712,60,1,1
11953,7317,2.99,20050727,60,1,1
11954,7667,8.99,20050728,60,1,1
11955,7987,9.99,20050728,60,1,1
11957,10014,4.99,20050731,60,1,1
11960,11449,4.99,20050802,60,1,1
11961,12415,4.99,20050818,60,1,1
11963,13489,2.99,20050820,60,1,1
11964,14561,2.99,20050821,60,1,1
11966,15182,0.99,20050822,60,1,1
11968,15519,0.99,20050823,60,1,1
11969,201,8.99,20050526,154,1,1
11970,557,0.99,20050528,154,1,1
11971,1239,0.99,20050615,154,1,1
11974,2551,4.99,20050619,154,1,1
11978,3539,0.99,20050706,154,1,1
11980,5753,2.99,20050710,154,1,1
11985,10529,4.99,20050801,154,1,1
11986,10693,4.99,20050801,154,1,1
11989,11728,4.99,20050817,154,1,1
11990,12161,6.99,20050818,154,1,1
11993,13488,0.99,20050820,154,1,1
11995,13924,0.99,20050820,154,1,1
11996,15249,4.99,20050822,154,1,1
11997,15557,0.99,20050823,154,1,1
11999,481,2.99,20050527,13,1,1
12000,960,2.99,20050530,13,1,1
12001,4041,0.99,20050707,13,1,1
12002,4193,0.99,20050707,13,1,1
12004,6346,0.99,20050711,13,1,1
12007,8851,8.99,20050729,13,1,1
12010,10007,0.99,20050731,13,1,1
12014,11383,7.99,20050802,13,1,1
12015,11868,4.99,20050817,13,1,1
12016,11877,3.99,20050817,13,1,1
12018,14612,6.99,20050821,13,1,1
12020,14866,6.99,20050822,13,1,1
12021,14955,4.99,20050822,13,1,1
12022,15123,3.99,20050822,13,1,1
12023,15791,6.99,20050823,13,1,1
12026,236,0.99,20050526,233,1,1
12027,355,4.99,20050527,233,1,1
12028,2248,4.99,20050618,233,1,1
12032,3060,2.99,20050620,233,1,1
12038,6510,4.99,20050712,233,1,1
12039,6535,0.99,20050712,233,1,1
12040,6734,6.99,20050712,233,1,1
12041,7005,5.99,20050727,233,1,1
12043,7576,4.99,20050727,233,1,1
12045,8309,4.99,20050729,233,1,1
12049,8923,3.99,20050730,233,1,1
12050,9116,0.99,20050730,233,1,1
12051,11051,3.99,20050802,233,1,1
12054,15808,1.99,20050823,233,1,1
12056,461,2.99,20050527,444,1,1
12060,2025,4.99,20050617,444,1,1
12063,4858,6.99,20050708,444,1,1
12064,5331,4.99,20050709,444,1,1
12065,5734,0.99,20050710,444,1,1
12067,6651,0.99,20050712,444,1,1
12068,6690,1.99,20050712,444,1,1
12069,8537,8.99,20050729,444,1,1
12072,9288,6.99,20050730,444,1,1
12073,10425,2.99,20050801,444,1,1
12076,11465,5.99,20050802,444,1,1
12078,13072,2.99,20050819,444,1,1
12080,13848,4.99,20050820,444,1,1
12082,15108,2.99,20050822,444,1,1
12083,15997,4.99,20050823,444,1,1
12085,299,4.99,20050526,167,1,1
12087,1313,5.99,20050615,167,1,1
12096,4406,1.99,20050707,167,1,1
12101,9178,10.99,20050730,167,1,1
12103,11798,9.99,20050817,167,1,1
12104,12446,2.99,20050818,167,1,1
12105,13220,2.99,20050819,167,1,1
12107,13982,3.99,20050820,167,1,1
12108,14580,3.99,20050821,167,1,1
12109,14711,2.99,20050821,167,1,1
12111,15427,4.99,20050823,167,1,1
12113,13577,0.00,20060214,167,1,1
12116,849,7.99,20050530,259,1,1
12118,2348,0.99,20050618,259,1,1
12120,3503,0.99,20050706,259,1,1
12121,3977,8.99,20050706,259,1,1
12123,5824,2.99,20050710,259,1,1
12129,10416,4.99,20050801,259,1,1
12130,10516,6.99,20050801,259,1,1
12132,12212,4.99,20050818,259,1,1
12136,1739,0.99,20050616,251,1,1
12139,2501,4.99,20050618,251,1,1
12140,2626,2.99,20050619,251,1,1
12141,3155,4.99,20050620,251,1,1
12142,3570,3.99,20050706,251,1,1
12143,5999,7.99,20050711,251,1,1
12144,6028,4.99,20050711,251,1,1
12146,7610,0.99,20050728,251,1,1
12147,7626,0.99,20050728,251,1,1
12150,10984,3.99,20050802,251,1,1
12153,13810,0.99,20050820,251,1,1
12154,13828,4.99,20050820,251,1,1
12155,14282,4.99,20050821,251,1,1
12157,15327,4.99,20050822,251,1,1
12159,14172,0.99,20060214,251,1,1
12163,1202,0.99,20050615,328,1,1
12164,1851,0.99,20050617,328,1,1
12165,1940,6.99,20050617,328,1,1
12166,2671,1.99,20050619,328,1,1
12167,2909,3.99,20050620,328,1,1
12169,3316,6.99,20050621,328,1,1
12171,4538,2.99,20050708,328,1,1
12172,4794,8.99,20050708,328,1,1
12174,5005,3.99,20050709,328,1,1
12176,7018,2.99,20050727,328,1,1
12178,10856,2.99,20050802,328,1,1
12182,11790,2.99,20050817,328,1,1
12184,12422,4.99,20050818,328,1,1
12189,13666,2.99,20050820,328,1,1
12190,13705,2.99,20050820,328,1,1
12192,15651,4.99,20050823,328,1,1
12193,354,2.99,20050527,531,1,1
12195,726,1.99,20050529,531,1,1
12197,1512,5.99,20050615,531,1,1
12198,1794,3.99,20050616,531,1,1
12199,2263,0.99,20050618,531,1,1
12201,2504,0.99,20050618,531,1,1
12204,3791,2.99,20050706,531,1,1
12206,4348,0.99,20050707,531,1,1
12209,4720,0.99,20050708,531,1,1
12210,5177,1.99,20050709,531,1,1
12214,8898,1.99,20050730,531,1,1
12217,11735,3.99,20050817,531,1,1
12218,12355,0.99,20050818,531,1,1
12219,12630,4.99,20050818,531,1,1
12220,13080,4.99,20050819,531,1,1
12221,13642,3.99,20050820,531,1,1
12222,14660,0.99,20050821,531,1,1
12223,15909,0.99,20050823,531,1,1
12224,14175,4.99,20060214,531,1,1
12226,2853,7.99,20050619,582,1,1
12230,4717,4.99,20050708,582,1,1
12233,6752,4.99,20050712,582,1,1
12234,7563,0.99,20050727,582,1,1
12238,11794,4.99,20050817,582,1,1
12239,12703,2.99,20050818,582,1,1
12240,13711,7.99,20050820,582,1,1
12241,13785,4.99,20050820,582,1,1
12242,14133,2.99,20050821,582,1,1
12245,14652,4.99,20050821,582,1,1
12246,15252,0.99,20050822,582,1,1
12248,735,7.99,20050529,345,1,1
12251,1861,1.99,20050617,345,1,1
12252,1938,4.99,20050617,345,1,1
12255,2437,2.99,20050618,345,1,1
12257,3221,2.99,20050621,345,1,1
12258,3362,4.99,20050621,345,1,1
12259,3622,7.99,20050706,345,1,1
12266,8806,0.99,20050729,345,1,1
12268,9372,9.99,20050730,345,1,1
12269,10005,3.99,20050731,345,1,1
12271,12553,0.99,20050818,345,1,1
12275,13805,6.99,20050820,345,1,1
12276,14799,0.99,20050822,345,1,1
12279,15301,3.99,20050822,345,1,1
12284,1802,1.99,20050616,34,1,1
12285,1906,2.99,20050617,34,1,1
12288,4861,8.99,20050708,34,1,1
12289,4964,2.99,20050708,34,1,1
12290,5504,6.99,20050710,34,1,1
12292,7388,4.99,20050727,34,1,1
12296,10436,0.99,20050801,34,1,1
12297,11605,4.99,20050817,34,1,1
12298,12163,2.99,20050818,34,1,1
12299,12314,4.99,20050818,34,1,1
12302,14294,2.99,20050821,34,1,1
12304,15494,1.99,20050823,34,1,1
12306,1288,2.99,20050615,460,1,1
12307,1700,0.99,20050616,460,1,1
12310,2192,4.99,20050618,460,1,1
12311,2404,0.99,20050618,460,1,1
12312,2581,2.99,20050619,460,1,1
12313,3743,7.99,20050706,460,1,1
12315,4141,3.99,20050707,460,1,1
12319,8749,4.99,20050729,460,1,1
12321,10813,2.99,20050801,460,1,1
12322,12188,4.99,20050818,460,1,1
12323,13144,8.99,20050819,460,1,1
12324,13348,4.99,20050819,460,1,1
12325,13547,4.99,20050820,460,1,1
12328,15720,3.99,20050823,460,1,1
12329,15910,2.99,20050823,460,1,1
12333,2030,0.99,20050617,571,1,1
12334,2172,7.99,20050618,571,1,1
12335,2670,4.99,20050619,571,1,1
12336,2762,3.99,20050619,571,1,1
12337,2811,0.99,20050619,571,1,1
12341,5500,0.99,20050710,571,1,1
12342,6467,7.99,20050712,571,1,1
12343,7184,1.99,20050727,571,1,1
12345,8502,2.99,20050729,571,1,1
12346,10049,2.99,20050731,571,1,1
12348,12115,4.99,20050817,571,1,1
12349,12171,4.99,20050818,571,1,1
12350,13088,0.99,20050819,571,1,1
12351,13150,2.99,20050819,571,1,1
12354,14365,6.99,20050821,571,1,1
12355,15128,3.99,20050822,571,1,1
12356,12645,3.98,20060214,571,1,1
12361,5412,2.99,20050709,252,1,1
12362,5572,0.99,20050710,252,1,1
12364,6431,5.99,20050712,252,1,1
12366,6654,1.99,20050712,252,1,1
12368,8158,0.99,20050728,252,1,1
12376,15604,4.99,20050823,252,1,1
12381,2899,0.99,20050620,257,1,1
12385,3506,2.99,20050706,257,1,1
12387,5301,3.99,20050709,257,1,1
12388,5695,0.99,20050710,257,1,1
12389,6206,0.99,20050711,257,1,1
12391,7623,6.99,20050728,257,1,1
12393,7717,4.99,20050728,257,1,1
12394,7820,5.99,20050728,257,1,1
12395,7913,6.99,20050728,257,1,1
12396,8289,9.99,20050729,257,1,1
12398,8897,2.99,20050730,257,1,1
12399,9137,6.99,20050730,257,1,1
12401,9744,4.99,20050731,257,1,1
12403,10233,6.99,20050801,257,1,1
12405,10499,7.99,20050801,257,1,1
12406,10531,2.99,20050801,257,1,1
12407,12527,6.99,20050818,257,1,1
12408,12629,7.99,20050818,257,1,1
12410,13967,4.99,20050820,257,1,1
12411,14315,3.99,20050821,257,1,1
12412,15126,5.99,20050822,257,1,1
12414,15814,0.99,20050823,257,1,1
12415,223,4.99,20050526,135,1,1
12417,880,0.99,20050530,135,1,1
12421,4452,7.99,20050707,135,1,1
12423,6613,4.99,20050712,135,1,1
12424,6788,5.99,20050712,135,1,1
12425,7125,6.99,20050727,135,1,1
12426,7785,3.99,20050728,135,1,1
12429,10926,1.99,20050802,135,1,1
12431,12056,5.99,20050817,135,1,1
12433,12865,0.99,20050819,135,1,1
12435,13341,3.99,20050819,135,1,1
12438,14923,3.99,20050822,135,1,1
12440,684,6.99,20050529,399,1,1
12445,5650,0.99,20050710,399,1,1
12446,5809,2.99,20050710,399,1,1
12452,9885,0.99,20050731,399,1,1
12454,10260,2.99,20050801,399,1,1
12458,13223,2.99,20050819,399,1,1
12459,13269,2.99,20050819,399,1,1
12460,14186,4.99,20050821,399,1,1
12461,14893,4.99,20050822,399,1,1
12462,15067,2.99,20050822,399,1,1
12464,15336,6.99,20050822,399,1,1
12472,3279,4.99,20050621,452,1,1
12473,4500,4.99,20050708,452,1,1
12475,6583,4.99,20050712,452,1,1
12476,6630,0.99,20050712,452,1,1
12477,6710,7.99,20050712,452,1,1
12478,6721,6.99,20050712,452,1,1
12480,7324,6.99,20050727,452,1,1
12481,7762,8.99,20050728,452,1,1
12482,7932,4.99,20050728,452,1,1
12484,8066,2.99,20050728,452,1,1
12485,8282,0.99,20050729,452,1,1
12486,8290,3.99,20050729,452,1,1
12488,9891,0.99,20050731,452,1,1
12489,10283,2.99,20050801,452,1,1
12491,11808,2.99,20050817,452,1,1
12492,12466,4.99,20050818,452,1,1
12494,12802,8.99,20050819,452,1,1
12496,13328,4.99,20050819,452,1,1
12497,13492,7.99,20050820,452,1,1
12499,15943,2.99,20050823,452,1,1
12500,16013,0.99,20050823,452,1,1
12501,560,1.99,20050528,72,1,1
12502,1284,2.99,20050615,72,1,1
12504,3217,2.99,20050621,72,1,1
12505,3309,4.99,20050621,72,1,1
12506,5026,2.99,20050709,72,1,1
12507,5157,2.99,20050709,72,1,1
12508,5448,0.99,20050709,72,1,1
12510,6932,6.99,20050726,72,1,1
12511,7013,0.99,20050727,72,1,1
12512,7361,0.99,20050727,72,1,1
12513,8762,2.99,20050729,72,1,1
12515,9954,2.99,20050731,72,1,1
12516,10275,3.99,20050801,72,1,1
12521,12950,2.99,20050819,72,1,1
12523,14689,0.99,20050821,72,1,1
12524,14859,2.99,20050822,72,1,1
12526,305,3.99,20050526,79,1,1
12529,3167,2.99,20050620,79,1,1
12530,3761,4.99,20050706,79,1,1
12531,4337,5.99,20050707,79,1,1
12533,5910,4.99,20050710,79,1,1
12535,9600,5.99,20050731,79,1,1
12537,13644,8.99,20050820,79,1,1
12539,15092,6.99,20050822,79,1,1
12541,15983,4.99,20050823,79,1,1
12543,1337,2.99,20050615,347,1,1
12544,2079,4.99,20050617,347,1,1
12545,2159,8.99,20050617,347,1,1
12547,4763,0.99,20050708,347,1,1
12550,10542,3.99,20050801,347,1,1
12551,11156,2.99,20050802,347,1,1
12552,11586,4.99,20050817,347,1,1
12555,12814,4.99,20050819,347,1,1
12556,12864,4.99,20050819,347,1,1
12557,15550,3.99,20050823,347,1,1
12562,3022,3.99,20050620,86,1,1
12566,5691,4.99,20050710,86,1,1
12567,6073,6.99,20050711,86,1,1
12570,9202,3.99,20050730,86,1,1
12571,9257,2.99,20050730,86,1,1
12572,10469,4.99,20050801,86,1,1
12574,11359,4.99,20050802,86,1,1
12575,12048,7.99,20050817,86,1,1
12576,13478,2.99,20050820,86,1,1
12577,13884,5.99,20050820,86,1,1
12578,13988,4.99,20050820,86,1,1
12581,16005,7.99,20050823,86,1,1
12583,1737,8.99,20050616,325,1,1
12586,3250,6.99,20050621,325,1,1
12587,4216,0.99,20050707,325,1,1
12589,4259,4.99,20050707,325,1,1
12594,7611,2.99,20050728,325,1,1
12595,8010,7.99,20050728,325,1,1
12599,8767,4.99,20050729,325,1,1
12602,11874,4.99,20050817,325,1,1
12603,12266,2.99,20050818,325,1,1
12604,12437,9.99,20050818,325,1,1
12605,12641,2.99,20050818,325,1,1
12606,14402,2.99,20050821,325,1,1
12607,14451,0.99,20050821,325,1,1
12608,14842,3.99,20050822,325,1,1
12609,15032,0.99,20050822,325,1,1
12612,186,4.99,20050526,191,1,1
12615,673,0.99,20050528,191,1,1
12617,1627,8.99,20050616,191,1,1
12618,1821,2.99,20050616,191,1,1
12619,1975,2.99,20050617,191,1,1
12621,2831,0.99,20050619,191,1,1
12623,3840,5.99,20050706,191,1,1
12626,5285,2.99,20050709,191,1,1
12627,6392,0.99,20050711,191,1,1
12628,6581,4.99,20050712,191,1,1
12631,7685,0.99,20050728,191,1,1
12634,9598,0.99,20050731,191,1,1
12635,9690,6.99,20050731,191,1,1
12640,13417,0.99,20050819,191,1,1
12643,14309,9.99,20050821,191,1,1
12644,14313,2.99,20050821,191,1,1
12645,14614,9.99,20050821,191,1,1
12647,15522,1.99,20050823,191,1,1
12648,15836,2.99,20050823,191,1,1
12650,168,0.99,20050526,481,1,1
12654,1119,2.99,20050531,481,1,1
12656,1680,9.99,20050616,481,1,1
12658,3526,10.99,20050706,481,1,1
12661,5133,0.99,20050709,481,1,1
12662,5299,3.99,20050709,481,1,1
12666,6797,4.99,20050712,481,1,1
12667,6955,3.99,20050726,481,1,1
12671,7914,4.99,20050728,481,1,1
12673,9187,2.99,20050730,481,1,1
12675,10258,4.99,20050801,481,1,1
12676,10316,4.99,20050801,481,1,1
12677,10658,2.99,20050801,481,1,1
12678,10741,2.99,20050801,481,1,1
12681,12447,4.99,20050818,481,1,1
12682,12633,6.99,20050818,481,1,1
12683,13654,4.99,20050820,481,1,1
12684,13763,2.99,20050820,481,1,1
12687,15487,4.99,20050823,481,1,1
12688,15561,9.99,20050823,481,1,1
12689,15851,2.99,20050823,481,1,1
12692,1283,0.99,20050615,594,1,1
12694,3764,5.99,20050706,594,1,1
12695,3841,4.99,20050706,594,1,1
12696,3922,4.99,20050706,594,1,1
12697,4373,4.99,20050707,594,1,1
12700,6009,3.99,20050711,594,1,1
12701,6198,2.99,20050711,594,1,1
12703,6927,10.99,20050726,594,1,1
12704,6942,5.99,20050726,594,1,1
12705,7663,4.99,20050728,594,1,1
12707,8890,6.99,20050730,594,1,1
12708,9422,5.99,20050730,594,1,1
12709,9687,2.99,20050731,594,1,1
12710,10006,4.99,20050731,594,1,1
12711,10236,0.99,20050801,594,1,1
12715,11742,0.99,20050817,594,1,1
12718,12753,10.99,20050818,594,1,1
12720,13592,4.99,20050820,594,1,1
12722,616,2.99,20050528,465,1,1
12723,1447,4.99,20050615,465,1,1
12728,3917,0.99,20050706,465,1,1
12729,4020,2.99,20050707,465,1,1
12731,6336,8.99,20050711,465,1,1
12732,6912,5.99,20050712,465,1,1
12733,8199,0.99,20050728,465,1,1
12734,9077,2.99,20050730,465,1,1
12735,9502,0.99,20050731,465,1,1
12737,10430,2.99,20050801,465,1,1
12740,12271,4.99,20050818,465,1,1
12741,13661,5.99,20050820,465,1,1
12742,14085,7.99,20050820,465,1,1
12743,14094,4.99,20050821,465,1,1
12744,14317,5.99,20050821,465,1,1
12748,15654,1.99,20050823,465,1,1
12753,1389,4.99,20050615,589,1,1
12755,2538,5.99,20050619,589,1,1
12756,2974,0.99,20050620,589,1,1
12757,2991,4.99,20050620,589,1,1
12758,3254,0.99,20050621,589,1,1
12761,5612,3.99,20050710,589,1,1
12762,6119,6.99,20050711,589,1,1
12764,6308,5.99,20050711,589,1,1
12765,6584,2.99,20050712,589,1,1
12768,10282,6.99,20050801,589,1,1
12769,10627,0.99,20050801,589,1,1
12770,11911,6.99,20050817,589,1,1
12773,14209,4.99,20050821,589,1,1
12775,14597,4.99,20050821,589,1,1
12779,348,4.99,20050527,244,1,1
12783,2125,2.99,20050617,244,1,1
12786,3971,0.99,20050706,244,1,1
12789,4873,0.99,20050708,244,1,1
12791,6446,2.99,20050712,244,1,1
12793,7111,4.99,20050727,244,1,1
12794,7215,2.99,20050727,244,1,1
12797,9025,4.99,20050730,244,1,1
12799,10867,2.99,20050802,244,1,1
12801,11216,4.99,20050802,244,1,1
12802,11336,0.99,20050802,244,1,1
12804,11741,0.99,20050817,244,1,1
12810,15118,4.99,20050822,244,1,1
12813,816,7.99,20050529,362,1,1
12814,1758,8.99,20050616,362,1,1
12818,4481,2.99,20050708,362,1,1
12819,4533,0.99,20050708,362,1,1
12821,4809,2.99,20050708,362,1,1
12823,5251,0.99,20050709,362,1,1
12824,6499,7.99,20050712,362,1,1
12825,8991,2.99,20050730,362,1,1
12828,11489,2.99,20050802,362,1,1
12830,12083,2.99,20050817,362,1,1
12831,12236,4.99,20050818,362,1,1
12832,12440,0.99,20050818,362,1,1
12834,12702,4.99,20050818,362,1,1
12835,14728,0.99,20050821,362,1,1
12837,15558,6.99,20050823,362,1,1
12838,11909,0.99,20060214,362,1,1
12840,702,0.99,20050529,528,1,1
12842,4013,6.99,20050707,528,1,1
12843,4617,4.99,20050708,528,1,1
12845,5407,0.99,20050709,528,1,1
12848,6224,4.99,20050711,528,1,1
12849,7641,7.99,20050728,528,1,1
12850,7775,1.99,20050728,528,1,1
12852,9183,7.99,20050730,528,1,1
12853,9647,2.99,20050731,528,1,1
12854,9737,2.99,20050731,528,1,1
12856,10357,0.99,20050801,528,1,1
12857,10633,3.99,20050801,528,1,1
12858,11293,5.99,20050802,528,1,1
12859,11770,4.99,20050817,528,1,1
12861,15097,1.99,20050822,528,1,1
12862,15288,4.99,20050822,528,1,1
12863,489,4.99,20050528,71,1,1
12864,771,2.99,20050529,71,1,1
12865,1682,3.99,20050616,71,1,1
12866,2080,0.99,20050617,71,1,1
12870,4010,5.99,20050707,71,1,1
12873,6151,2.99,20050711,71,1,1
12874,7461,0.99,20050727,71,1,1
12875,8146,0.99,20050728,71,1,1
12878,10346,4.99,20050801,71,1,1
12879,10617,9.99,20050801,71,1,1
12880,10826,6.99,20050801,71,1,1
12881,12616,4.99,20050818,71,1,1
12883,15413,0.99,20050822,71,1,1
12884,13941,0.99,20060214,71,1,1
12885,882,2.99,20050530,541,1,1
12886,1714,6.99,20050616,541,1,1
12887,2187,2.99,20050618,541,1,1
12888,2306,10.99,20050618,541,1,1
12891,4283,2.99,20050707,541,1,1
12896,8515,6.99,20050729,541,1,1
12897,8821,5.99,20050729,541,1,1
12900,10500,4.99,20050801,541,1,1
12903,13002,0.99,20050819,541,1,1
12906,15929,2.99,20050823,541,1,1
12907,1708,0.99,20050616,263,1,1
12909,2529,6.99,20050619,263,1,1
12913,3691,4.99,20050706,263,1,1
12914,5837,4.99,20050710,263,1,1
12915,7522,2.99,20050727,263,1,1
12917,9665,4.99,20050731,263,1,1
12920,11906,2.99,20050817,263,1,1
12923,15027,4.99,20050822,263,1,1
12925,15724,4.99,20050823,263,1,1
12927,709,7.99,20050529,543,1,1
12928,1902,2.99,20050617,543,1,1
12935,3798,0.99,20050706,543,1,1
12937,5481,0.99,20050709,543,1,1
12938,5751,4.99,20050710,543,1,1
12940,6421,1.99,20050711,543,1,1
12941,6597,0.99,20050712,543,1,1
12943,7060,7.99,20050727,543,1,1
12945,9347,5.99,20050730,543,1,1
12946,9439,8.99,20050730,543,1,1
12955,13974,2.99,20050820,543,1,1
12956,12101,0.99,20060214,543,1,1
12957,518,0.99,20050528,513,1,1
12958,720,6.99,20050529,513,1,1
12960,1353,0.99,20050615,513,1,1
12961,1733,0.99,20050616,513,1,1
12964,6191,2.99,20050711,513,1,1
12965,7257,2.99,20050727,513,1,1
12968,8967,6.99,20050730,513,1,1
12972,11369,5.99,20050802,513,1,1
12976,13831,4.99,20050820,513,1,1
12984,3863,0.99,20050706,500,1,1
12985,4473,2.99,20050708,500,1,1
12986,4505,1.99,20050708,500,1,1
12987,4532,0.99,20050708,500,1,1
12988,4668,10.99,20050708,500,1,1
12990,6044,0.99,20050711,500,1,1
12991,7228,4.99,20050727,500,1,1
12993,8243,6.99,20050729,500,1,1
12995,9481,4.99,20050730,500,1,1
12996,10018,3.99,20050731,500,1,1
12999,11752,4.99,20050817,500,1,1
13000,11885,4.99,20050817,500,1,1
13002,12981,4.99,20050819,500,1,1
13005,13990,1.99,20050820,500,1,1
13008,259,8.99,20050526,324,1,1
13014,4768,4.99,20050708,324,1,1
13015,5334,4.99,20050709,324,1,1
13016,5466,4.99,20050709,324,1,1
13019,6355,8.99,20050711,324,1,1
13028,13174,4.99,20050819,324,1,1
13033,15391,0.99,20050822,324,1,1
13034,15849,5.99,20050823,324,1,1
13036,15879,3.99,20050823,324,1,1
13038,2855,4.99,20050619,511,1,1
13040,3380,8.99,20050621,511,1,1
13042,5823,4.99,20050710,511,1,1
13046,7381,4.99,20050727,511,1,1
13047,7669,4.99,20050728,511,1,1
13048,8057,7.99,20050728,511,1,1
13049,8356,4.99,20050729,511,1,1
13051,10953,6.99,20050802,511,1,1
13058,1351,3.99,20050615,126,1,1
13060,2015,4.99,20050617,126,1,1
13061,2044,5.99,20050617,126,1,1
13062,4214,4.99,20050707,126,1,1
13063,5389,2.99,20050709,126,1,1
13065,5852,0.99,20050710,126,1,1
13069,6863,6.99,20050712,126,1,1
13075,9769,4.99,20050731,126,1,1
13078,12024,0.99,20050817,126,1,1
13079,12771,4.99,20050818,126,1,1
13080,12993,7.99,20050819,126,1,1
13083,15607,2.99,20050823,126,1,1
13084,16026,4.99,20050823,126,1,1
13085,1009,2.99,20050531,113,1,1
13087,1721,8.99,20050616,113,1,1
13089,3899,1.99,20050706,113,1,1
13090,3904,0.99,20050706,113,1,1
13093,5193,2.99,20050709,113,1,1
13094,5343,3.99,20050709,113,1,1
13095,5367,3.99,20050709,113,1,1
13096,5820,4.99,20050710,113,1,1
13099,7144,4.99,20050727,113,1,1
13102,9053,4.99,20050730,113,1,1
13104,9535,2.99,20050731,113,1,1
13105,9565,0.99,20050731,113,1,1
13106,10771,4.99,20050801,113,1,1
13109,11921,4.99,20050817,113,1,1
13110,11974,2.99,20050817,113,1,1
13114,909,8.99,20050530,318,1,1
13117,2036,4.99,20050617,318,1,1
13118,2102,5.99,20050617,318,1,1
13121,3835,4.99,20050706,318,1,1
13123,4205,4.99,20050707,318,1,1
13124,4381,2.99,20050707,318,1,1
13125,4772,7.99,20050708,318,1,1
13132,10079,2.99,20050731,318,1,1
13134,12465,0.99,20050818,318,1,1
13136,13048,4.99,20050819,318,1,1
13143,5634,3.99,20050710,447,1,1
13144,6928,2.99,20050726,447,1,1
13145,7097,2.99,20050727,447,1,1
13146,7788,0.99,20050728,447,1,1
13150,8814,4.99,20050729,447,1,1
13151,8988,7.99,20050730,447,1,1
13153,9490,3.99,20050730,447,1,1
13157,10832,6.99,20050801,447,1,1
13159,10978,9.99,20050802,447,1,1
13160,11669,5.99,20050817,447,1,1
13162,12493,7.99,20050818,447,1,1
13164,13658,7.99,20050820,447,1,1
13170,5141,8.99,20050709,335,1,1
13172,7373,5.99,20050727,335,1,1
13173,8005,2.99,20050728,335,1,1
13177,9532,2.99,20050731,335,1,1
13178,9537,0.99,20050731,335,1,1
13180,10767,0.99,20050801,335,1,1
13181,11774,3.99,20050817,335,1,1
13186,15350,2.99,20050822,335,1,1
13188,219,4.99,20050526,292,1,1
13191,2201,0.99,20050618,292,1,1
13192,2370,7.99,20050618,292,1,1
13193,2802,4.99,20050619,292,1,1
13195,4774,3.99,20050708,292,1,1
13196,6963,4.99,20050727,292,1,1
13198,9459,4.99,20050730,292,1,1
13200,11705,4.99,20050817,292,1,1
13201,12496,6.99,20050818,292,1,1
13203,13462,4.99,20050820,292,1,1
13207,15205,0.99,20050822,292,1,1
13208,15981,4.99,20050823,292,1,1
13211,1665,3.99,20050616,138,1,1
13212,3476,4.99,20050705,138,1,1
13214,4083,2.99,20050707,138,1,1
13215,4906,5.99,20050708,138,1,1
13218,5654,4.99,20050710,138,1,1
13220,6803,4.99,20050712,138,1,1
13223,8552,5.99,20050729,138,1,1
13225,9554,0.99,20050731,138,1,1
13226,10786,7.99,20050801,138,1,1
13227,10955,7.99,20050802,138,1,1
13232,15448,2.99,20050823,138,1,1
13233,484,2.99,20050527,150,1,1
13236,1371,4.99,20050615,150,1,1
13238,2259,4.99,20050618,150,1,1
13241,3440,3.99,20050621,150,1,1
13242,4046,8.99,20050707,150,1,1
13243,4392,2.99,20050707,150,1,1
13245,5889,4.99,20050710,150,1,1
13250,7871,6.99,20050728,150,1,1
13254,11048,4.99,20050802,150,1,1
13255,11590,0.99,20050817,150,1,1
13256,11840,4.99,20050817,150,1,1
13258,14780,0.99,20050822,150,1,1
13260,84,2.99,20050525,207,1,1
13264,3298,9.99,20050621,207,1,1
13266,4142,2.99,20050707,207,1,1
13269,5609,0.99,20050710,207,1,1
13270,6257,2.99,20050711,207,1,1
13273,14255,2.99,20050821,207,1,1
13275,15958,4.99,20050823,207,1,1
13276,543,7.99,20050528,519,1,1
13278,2365,4.99,20050618,519,1,1
13279,2579,0.99,20050619,519,1,1
13280,2864,2.99,20050620,519,1,1
13282,3655,5.99,20050706,519,1,1
13283,6549,7.99,20050712,519,1,1
13284,6552,4.99,20050712,519,1,1
13285,7026,2.99,20050727,519,1,1
13287,8298,4.99,20050729,519,1,1
13288,8616,2.99,20050729,519,1,1
13289,10777,6.99,20050801,519,1,1
13291,13638,2.99,20050820,519,1,1
13293,14117,4.99,20050821,519,1,1
13295,15355,0.99,20050822,519,1,1
13296,15490,6.99,20050823,519,1,1
13299,608,4.99,20050528,147,1,1
13300,1683,2.99,20050616,147,1,1
13301,3511,0.99,20050706,147,1,1
13304,4086,3.99,20050707,147,1,1
13308,5180,2.99,20050709,147,1,1
13314,8934,4.99,20050730,147,1,1
13317,9799,2.99,20050731,147,1,1
13319,10403,0.99,20050801,147,1,1
13320,10623,2.99,20050801,147,1,1
13322,11987,5.99,20050817,147,1,1
13326,14832,4.99,20050822,147,1,1
13327,15086,6.99,20050822,147,1,1
13333,2349,4.99,20050618,81,1,1
13334,2549,7.99,20050619,81,1,1
13335,3129,3.99,20050620,81,1,1
13340,8151,0.99,20050728,81,1,1
13341,8383,1.99,20050729,81,1,1
13342,8451,5.99,20050729,81,1,1
13343,8672,5.99,20050729,81,1,1
13344,9387,9.99,20050730,81,1,1
13345,9741,4.99,20050731,81,1,1
13348,10783,4.99,20050801,81,1,1
13349,12782,5.99,20050818,81,1,1
13354,15984,2.99,20050823,81,1,1
13358,2567,2.99,20050619,110,1,1
13360,4070,2.99,20050707,110,1,1
13361,4261,4.99,20050707,110,1,1
13362,4269,0.99,20050707,110,1,1
13363,5559,5.99,20050710,110,1,1
13365,7133,2.99,20050727,110,1,1
13367,11060,7.99,20050802,110,1,1
13369,11893,3.99,20050817,110,1,1
13371,13569,5.99,20050820,110,1,1
13373,14332,7.99,20050821,110,1,1
13374,14348,0.99,20050821,110,1,1
13376,13182,2.99,20060214,110,1,1
13377,1100,7.99,20050531,542,1,1
13379,2298,5.99,20050618,542,1,1
13380,2406,2.99,20050618,542,1,1
13382,3696,2.99,20050706,542,1,1
13384,4516,4.99,20050708,542,1,1
13385,4578,0.99,20050708,542,1,1
13387,5030,4.99,20050709,542,1,1
13388,5239,4.99,20050709,542,1,1
13391,8150,6.99,20050728,542,1,1
13394,9273,9.99,20050730,542,1,1
13397,12123,0.99,20050817,542,1,1
13398,13159,4.99,20050819,542,1,1
13399,13289,2.99,20050819,542,1,1
13401,15362,5.99,20050822,542,1,1
13403,15919,0.99,20050823,542,1,1
13404,12698,4.99,20060214,542,1,1
13406,429,8.99,20050527,380,1,1
13408,1253,6.99,20050615,380,1,1
13409,1782,2.99,20050616,380,1,1
13410,2344,2.99,20050618,380,1,1
13411,2449,4.99,20050618,380,1,1
13412,3098,0.99,20050620,380,1,1
13416,4311,4.99,20050707,380,1,1
13418,5286,2.99,20050709,380,1,1
13420,6058,2.99,20050711,380,1,1
13421,6088,1.99,20050711,380,1,1
13422,7285,4.99,20050727,380,1,1
13423,7286,6.99,20050727,380,1,1
13424,7341,4.99,20050727,380,1,1
13426,8229,2.99,20050729,380,1,1
13429,10225,0.99,20050801,380,1,1
13430,11455,6.99,20050802,380,1,1
13431,12893,2.99,20050819,380,1,1
13433,1355,2.99,20050615,269,1,1
13437,3794,4.99,20050706,269,1,1
13438,5022,2.99,20050709,269,1,1
13441,5956,4.99,20050710,269,1,1
13443,7800,0.99,20050728,269,1,1
13444,7831,0.99,20050728,269,1,1
13445,7898,6.99,20050728,269,1,1
13447,8770,3.99,20050729,269,1,1
13448,9588,0.99,20050731,269,1,1
13451,11513,7.99,20050816,269,1,1
13454,12004,8.99,20050817,269,1,1
13455,12354,7.99,20050818,269,1,1
13456,12436,3.99,20050818,269,1,1
13457,12587,1.99,20050818,269,1,1
13460,14858,3.99,20050822,269,1,1
13461,15587,7.99,20050823,269,1,1
13462,112,8.99,20050525,245,1,1
13463,389,8.99,20050527,245,1,1
13464,610,0.99,20050528,245,1,1
13465,1375,5.99,20050615,245,1,1
13469,2996,2.99,20050620,245,1,1
13471,4561,0.99,20050708,245,1,1
13476,7857,0.99,20050728,245,1,1
13477,7925,2.99,20050728,245,1,1
13478,8538,6.99,20050729,245,1,1
13479,8925,0.99,20050730,245,1,1
13481,10947,6.99,20050802,245,1,1
13483,12639,2.99,20050818,245,1,1
13486,14407,0.99,20050821,245,1,1
13487,14964,4.99,20050822,245,1,1
13488,15584,2.99,20050823,245,1,1
13489,15853,2.99,20050823,245,1,1
13490,493,0.99,20050528,417,1,1
13491,605,1.99,20050528,417,1,1
13493,3412,7.99,20050621,417,1,1
13499,7456,0.99,20050727,417,1,1
13500,8021,2.99,20050728,417,1,1
13502,9359,2.99,20050730,417,1,1
13503,10817,4.99,20050801,417,1,1
13505,11640,1.99,20050817,417,1,1
13507,12914,4.99,20050819,417,1,1
13509,15239,4.99,20050822,417,1,1
13510,15699,5.99,20050823,417,1,1
13512,861,0.99,20050530,230,1,1
13513,893,2.99,20050530,230,1,1
13517,2911,0.99,20050620,230,1,1
13519,4606,2.99,20050708,230,1,1
13523,6760,8.99,20050712,230,1,1
13527,7255,4.99,20050727,230,1,1
13528,7757,4.99,20050728,230,1,1
13529,7884,4.99,20050728,230,1,1
13532,9599,4.99,20050731,230,1,1
13534,10938,0.99,20050802,230,1,1
13536,11301,0.99,20050802,230,1,1
13537,11317,4.99,20050802,230,1,1
13538,11435,0.99,20050802,230,1,1
13539,11620,0.99,20050817,230,1,1
13540,12762,4.99,20050818,230,1,1
13541,13052,9.99,20050819,230,1,1
13542,14411,4.99,20050821,230,1,1
13543,15486,3.99,20050823,230,1,1
13544,16034,3.99,20050823,230,1,1
13546,353,5.99,20050527,302,1,1
13547,631,2.99,20050528,302,1,1
13548,1074,4.99,20050531,302,1,1
13550,2225,2.99,20050618,302,1,1
13555,5925,6.99,20050710,302,1,1
13556,6166,4.99,20050711,302,1,1
13557,6529,2.99,20050712,302,1,1
13559,8178,2.99,20050728,302,1,1
13561,9974,4.99,20050731,302,1,1
13563,11161,1.99,20050802,302,1,1
13564,11858,4.99,20050817,302,1,1
13567,13332,2.99,20050819,302,1,1
13568,13551,2.99,20050820,302,1,1
13569,14823,0.99,20050822,302,1,1
13570,14913,2.99,20050822,302,1,1
13573,15588,3.99,20050823,302,1,1
13574,15692,4.99,20050823,302,1,1
13575,15726,2.99,20050823,302,1,1
13576,15797,0.99,20050823,302,1,1
13579,838,4.99,20050530,562,1,1
13580,2720,1.99,20050619,562,1,1
13581,2938,6.99,20050620,562,1,1
13583,3713,6.99,20050706,562,1,1
13584,4329,5.99,20050707,562,1,1
13585,4757,0.99,20050708,562,1,1
13588,7567,2.99,20050727,562,1,1
13592,8393,9.99,20050729,562,1,1
13596,12769,1.99,20050818,562,1,1
13597,13166,2.99,20050819,562,1,1
13602,15166,6.99,20050822,562,1,1
13603,15723,8.99,20050823,562,1,1
13605,159,2.99,20050526,408,1,1
13606,645,2.99,20050528,408,1,1
13609,2773,7.99,20050619,408,1,1
13610,3137,5.99,20050620,408,1,1
13612,4507,6.99,20050708,408,1,1
13615,6441,0.99,20050712,408,1,1
13616,7784,4.99,20050728,408,1,1
13618,10896,2.99,20050802,408,1,1
13619,11163,0.99,20050802,408,1,1
13620,11907,2.99,20050817,408,1,1
13622,14398,2.99,20050821,408,1,1
13623,14802,2.99,20050822,408,1,1
13624,15436,4.99,20050823,408,1,1
13626,114,3.99,20050525,248,1,1
13629,547,8.99,20050528,248,1,1
13631,1042,2.99,20050531,248,1,1
13633,1446,6.99,20050615,248,1,1
13634,1467,2.99,20050615,248,1,1
13636,2755,9.99,20050619,248,1,1
13642,6783,2.99,20050712,248,1,1
13643,7020,0.99,20050727,248,1,1
13648,10477,2.99,20050801,248,1,1
13649,10873,4.99,20050802,248,1,1
13652,12994,0.99,20050819,248,1,1
13655,14074,1.99,20050820,248,1,1
13656,14337,2.99,20050821,248,1,1
13660,15694,9.99,20050823,248,1,1
13661,52,0.99,20050525,512,1,1
13664,2143,4.99,20050617,512,1,1
13666,3660,4.99,20050706,512,1,1
13667,3880,2.99,20050706,512,1,1
13672,5962,0.99,20050710,512,1,1
13673,6351,6.99,20050711,512,1,1
13674,6396,1.99,20050711,512,1,1
13675,6891,2.99,20050712,512,1,1
13677,7970,5.99,20050728,512,1,1
13680,9003,2.99,20050730,512,1,1
13683,12343,4.99,20050818,512,1,1
13685,15394,2.99,20050822,512,1,1
13686,369,2.99,20050527,237,1,1
13691,6101,4.99,20050711,237,1,1
13694,7283,5.99,20050727,237,1,1
13701,9706,2.99,20050731,237,1,1
13703,10746,8.99,20050801,237,1,1
13704,11365,2.99,20050802,237,1,1
13706,13095,6.99,20050819,237,1,1
13708,15010,6.99,20050822,237,1,1
13709,15195,4.99,20050822,237,1,1
13710,14318,0.99,20060214,237,1,1
13711,22,4.99,20050525,193,1,1
13712,831,8.99,20050529,193,1,1
13713,1267,2.99,20050615,193,1,1
13719,6591,5.99,20050712,193,1,1
13720,7848,6.99,20050728,193,1,1
13721,8114,8.99,20050728,193,1,1
13722,8214,5.99,20050728,193,1,1
13724,10189,4.99,20050801,193,1,1
13726,11814,6.99,20050817,193,1,1
13730,15965,2.99,20050823,193,1,1
13731,75,8.99,20050525,434,1,1
13732,372,5.99,20050527,434,1,1
13737,2729,8.99,20050619,434,1,1
13743,4014,4.99,20050707,434,1,1
13745,6531,1.99,20050712,434,1,1
13746,7457,2.99,20050727,434,1,1
13747,7678,8.99,20050728,434,1,1
13750,8926,4.99,20050730,434,1,1
13751,10131,0.99,20050731,434,1,1
13754,12317,0.99,20050818,434,1,1
13756,15065,4.99,20050822,434,1,1
13757,56,2.99,20050525,115,1,1
13758,819,3.99,20050529,115,1,1
13760,1508,2.99,20050615,115,1,1
13764,3852,0.99,20050706,115,1,1
13765,4482,4.99,20050708,115,1,1
13767,5601,0.99,20050710,115,1,1
13769,6320,0.99,20050711,115,1,1
13770,8026,4.99,20050728,115,1,1
13771,9095,0.99,20050730,115,1,1
13772,9143,6.99,20050730,115,1,1
13773,9760,4.99,20050731,115,1,1
13774,10231,2.99,20050801,115,1,1
13777,12920,4.99,20050819,115,1,1
13778,14213,4.99,20050821,115,1,1
13779,14302,6.99,20050821,115,1,1
13780,15172,4.99,20050822,115,1,1
13781,1176,6.99,20050615,537,1,1
13783,2364,2.99,20050618,537,1,1
13784,4752,5.99,20050708,537,1,1
13785,4799,0.99,20050708,537,1,1
13786,5064,6.99,20050709,537,1,1
13788,7219,2.99,20050727,537,1,1
13789,7507,0.99,20050727,537,1,1
13790,7715,6.99,20050728,537,1,1
13792,9055,2.99,20050730,537,1,1
13799,14288,4.99,20050821,537,1,1
13800,14870,2.99,20050822,537,1,1
13801,15153,2.99,20050822,537,1,1
13803,15317,3.99,20050822,537,1,1
13806,12786,0.99,20060214,537,1,1
13808,1607,2.99,20050616,357,1,1
13815,5741,7.99,20050710,357,1,1
13816,6027,4.99,20050711,357,1,1
13817,7655,0.99,20050728,357,1,1
13819,8350,4.99,20050729,357,1,1
13821,8798,5.99,20050729,357,1,1
13823,10012,3.99,20050731,357,1,1
13825,11165,2.99,20050802,357,1,1
13826,11407,3.99,20050802,357,1,1
13827,11755,3.99,20050817,357,1,1
13828,12559,5.99,20050818,357,1,1
13831,13596,5.99,20050820,357,1,1
13832,13690,4.99,20050820,357,1,1
13834,14875,4.99,20050822,357,1,1
13835,15035,4.99,20050822,357,1,1
13840,2002,3.99,20050617,131,1,1
13842,2789,0.99,20050619,131,1,1
13844,3385,0.99,20050621,131,1,1
13847,7791,4.99,20050728,131,1,1
13848,9038,3.99,20050730,131,1,1
13849,11675,1.99,20050817,131,1,1
13851,12293,4.99,20050818,131,1,1
13852,12302,4.99,20050818,131,1,1
13854,12752,2.99,20050818,131,1,1
13856,14052,0.99,20050820,131,1,1
13857,14386,1.99,20050821,131,1,1
13858,15451,2.99,20050823,131,1,1
13859,15776,5.99,20050823,131,1,1
13862,1244,4.99,20050615,78,1,1
13874,8706,4.99,20050729,78,1,1
13875,10159,4.99,20050731,78,1,1
13877,11451,3.99,20050802,78,1,1
13879,11691,3.99,20050817,78,1,1
13882,12486,8.99,20050818,78,1,1
13883,12889,5.99,20050819,78,1,1
13889,571,1.99,20050528,67,1,1
13891,1200,1.99,20050615,67,1,1
13892,1718,10.99,20050616,67,1,1
13893,2017,0.99,20050617,67,1,1
13895,3431,2.99,20050621,67,1,1
13898,6858,6.99,20050712,67,1,1
13899,7628,4.99,20050728,67,1,1
13900,7882,4.99,20050728,67,1,1
13907,12535,1.99,20050818,67,1,1
13908,13276,8.99,20050819,67,1,1
13909,14932,0.99,20050822,67,1,1
13910,15526,0.99,20050823,67,1,1
13911,15701,0.99,20050823,67,1,1
13912,12130,5.98,20060214,67,1,1
13913,12915,0.00,20060214,67,1,1
13916,1809,8.99,20050616,492,1,1
13917,1850,4.99,20050617,492,1,1
13919,3113,0.99,20050620,492,1,1
13921,4109,4.99,20050707,492,1,1
13922,4369,4.99,20050707,492,1,1
13925,4993,2.99,20050709,492,1,1
13926,5206,7.99,20050709,492,1,1
13931,10063,4.99,20050731,492,1,1
13934,11684,3.99,20050817,492,1,1
13936,13396,0.99,20050819,492,1,1
13938,15559,5.99,20050823,492,1,1
13939,710,2.99,20050529,518,1,1
13942,3652,0.99,20050706,518,1,1
13946,6652,2.99,20050712,518,1,1
13947,6957,2.99,20050727,518,1,1
13951,7657,2.99,20050728,518,1,1
13953,8107,3.99,20050728,518,1,1
13954,8397,2.99,20050729,518,1,1
13955,10751,5.99,20050801,518,1,1
13959,13065,4.99,20050819,518,1,1
13960,13539,6.99,20050820,518,1,1
13961,14088,6.99,20050820,518,1,1
13962,14149,4.99,20050821,518,1,1
13965,1056,3.99,20050531,278,1,1
13966,1941,2.99,20050617,278,1,1
13974,6599,3.99,20050712,278,1,1
13975,9417,6.99,20050730,278,1,1
13980,9905,0.99,20050731,278,1,1
13981,10097,5.99,20050731,278,1,1
13985,13647,7.99,20050820,278,1,1
13986,14182,2.99,20050821,278,1,1
13988,962,6.99,20050530,590,1,1
13989,1411,0.99,20050615,590,1,1
13991,2772,4.99,20050619,590,1,1
13993,3499,7.99,20050706,590,1,1
13996,5802,10.99,20050710,590,1,1
13997,5853,3.99,20050710,590,1,1
13998,6029,2.99,20050711,590,1,1
14000,7720,4.99,20050728,590,1,1
14001,7936,0.99,20050728,590,1,1
14002,8294,2.99,20050729,590,1,1
14004,9803,2.99,20050731,590,1,1
14005,10072,0.99,20050731,590,1,1
14007,11566,0.99,20050817,590,1,1
14008,12517,4.99,20050818,590,1,1
14009,12628,5.99,20050818,590,1,1
14010,12647,5.99,20050818,590,1,1
14011,13311,0.99,20050819,590,1,1
14015,14372,4.99,20050821,590,1,1
14016,14509,0.99,20050821,590,1,1
14017,15465,0.99,20050823,590,1,1
14019,15948,7.99,20050823,590,1,1
14020,1761,0.99,20050616,127,1,1
14024,5276,2.99,20050709,127,1,1
14028,7478,1.99,20050727,127,1,1
14029,9556,7.99,20050731,127,1,1
14031,10587,2.99,20050801,127,1,1
14033,11967,3.99,20050817,127,1,1
14035,12530,4.99,20050818,127,1,1
14036,13527,2.99,20050820,127,1,1
14037,14423,0.99,20050821,127,1,1
14044,1289,3.99,20050615,406,1,1
14046,3188,2.99,20050620,406,1,1
14048,3594,0.99,20050706,406,1,1
14057,7955,2.99,20050728,406,1,1
14059,8642,6.99,20050729,406,1,1
14060,8966,2.99,20050730,406,1,1
14061,9047,7.99,20050730,406,1,1
14063,9335,4.99,20050730,406,1,1
14064,9412,5.99,20050730,406,1,1
14067,10411,3.99,20050801,406,1,1
14068,10675,7.99,20050801,406,1,1
14075,15921,6.99,20050823,406,1,1
14076,42,4.99,20050525,591,1,1
14079,2447,8.99,20050618,591,1,1
14080,2583,7.99,20050619,591,1,1
14082,4605,4.99,20050708,591,1,1
14084,5287,6.99,20050709,591,1,1
14089,8372,5.99,20050729,591,1,1
14090,9071,2.99,20050730,591,1,1
14093,11827,4.99,20050817,591,1,1
14094,12288,2.99,20050818,591,1,1
14095,13133,2.99,20050819,591,1,1
14096,14766,4.99,20050821,591,1,1
14097,15040,2.99,20050822,591,1,1
14099,982,4.99,20050530,250,1,1
14100,1306,1.99,20050615,250,1,1
14103,4366,5.99,20050707,250,1,1
14106,6240,6.99,20050711,250,1,1
14109,7040,4.99,20050727,250,1,1
14110,8507,6.99,20050729,250,1,1
14113,14178,2.99,20050821,250,1,1
14114,14366,2.99,20050821,250,1,1
14117,437,5.99,20050527,272,1,1
14119,3993,6.99,20050706,272,1,1
14120,5841,2.99,20050710,272,1,1
14123,6689,1.99,20050712,272,1,1
14126,8007,0.99,20050728,272,1,1
14127,8960,4.99,20050730,272,1,1
14129,9702,0.99,20050731,272,1,1
14130,10496,2.99,20050801,272,1,1
14132,11660,1.99,20050817,272,1,1
14133,15159,0.99,20050822,272,1,1
14135,14954,2.99,20060214,272,1,1
14136,495,4.99,20050528,550,1,1
14139,1255,4.99,20050615,550,1,1
14143,1981,2.99,20050617,550,1,1
14145,2828,2.99,20050619,550,1,1
14147,3339,6.99,20050621,550,1,1
14148,3619,1.99,20050706,550,1,1
14150,4423,6.99,20050707,550,1,1
14153,6316,7.99,20050711,550,1,1
14154,6404,4.99,20050711,550,1,1
14156,6671,3.99,20050712,550,1,1
14162,8053,4.99,20050728,550,1,1
14163,8232,4.99,20050729,550,1,1
14164,8441,2.99,20050729,550,1,1
14169,11503,10.99,20050816,550,1,1
14170,11612,2.99,20050817,550,1,1
14172,12607,0.99,20050818,550,1,1
14175,13617,8.99,20050820,550,1,1
14177,14590,7.99,20050821,550,1,1
14178,15168,2.99,20050822,550,1,1
14179,15395,4.99,20050822,550,1,1
14180,16043,9.99,20050823,550,1,1
14181,1398,2.99,20050615,32,1,1
14182,2422,0.99,20050618,32,1,1
14184,2539,2.99,20050619,32,1,1
14185,4888,0.99,20050708,32,1,1
14186,5365,0.99,20050709,32,1,1
14189,6050,2.99,20050711,32,1,1
14191,7506,8.99,20050727,32,1,1
14192,8854,0.99,20050729,32,1,1
14196,11013,5.99,20050802,32,1,1
14197,11150,2.99,20050802,32,1,1
14198,11624,0.99,20050817,32,1,1
14199,12136,7.99,20050817,32,1,1
14200,12513,6.99,20050818,32,1,1
14201,14352,6.99,20050821,32,1,1
14202,15144,2.99,20050822,32,1,1
14203,15552,3.99,20050823,32,1,1
14204,14267,2.99,20060214,32,1,1
14205,204,0.99,20050526,6,1,1
14207,533,5.99,20050528,6,1,1
14211,2019,4.99,20050617,6,1,1
14213,3664,0.99,20050706,6,1,1
14215,4593,5.99,20050708,6,1,1
14218,7569,7.99,20050727,6,1,1
14220,8727,3.99,20050729,6,1,1
14222,10084,3.99,20050731,6,1,1
14223,10673,0.99,20050801,6,1,1
14224,10880,2.99,20050802,6,1,1
14225,12818,3.99,20050819,6,1,1
14227,13600,7.99,20050820,6,1,1
14230,453,2.99,20050527,188,1,1
14231,1234,1.99,20050615,188,1,1
14237,4553,0.99,20050708,188,1,1
14238,5993,4.99,20050711,188,1,1
14241,6908,7.99,20050712,188,1,1
14242,7128,3.99,20050727,188,1,1
14244,8979,5.99,20050730,188,1,1
14248,11862,2.99,20050817,188,1,1
14250,12622,3.99,20050818,188,1,1
14251,13011,4.99,20050819,188,1,1
14253,13797,2.99,20050820,188,1,1
14257,14970,5.99,20050822,188,1,1
14259,851,0.99,20050530,14,1,1
14261,1516,0.99,20050615,14,1,1
14262,2158,2.99,20050617,14,1,1
14266,7031,3.99,20050727,14,1,1
14268,7218,4.99,20050727,14,1,1
14270,8736,0.99,20050729,14,1,1
14271,9914,4.99,20050731,14,1,1
14274,11326,0.99,20050802,14,1,1
14275,12220,4.99,20050818,14,1,1
14276,12387,2.99,20050818,14,1,1
14277,12649,4.99,20050818,14,1,1
14278,13998,5.99,20050820,14,1,1
14281,13561,2.99,20060214,14,1,1
14282,233,4.99,20050526,288,1,1
14283,681,2.99,20050528,288,1,1
14286,5587,5.99,20050710,288,1,1
14289,6756,4.99,20050712,288,1,1
14290,6876,4.99,20050712,288,1,1
14292,7391,6.99,20050727,288,1,1
14300,10941,5.99,20050802,288,1,1
14302,11265,10.99,20050802,288,1,1
14303,11666,2.99,20050817,288,1,1
14304,12923,2.99,20050819,288,1,1
14307,43,2.99,20050525,586,1,1
14308,1694,4.99,20050616,586,1,1
14310,4336,2.99,20050707,586,1,1
14313,5253,7.99,20050709,586,1,1
14316,5887,2.99,20050710,586,1,1
14319,6730,3.99,20050712,586,1,1
14320,7192,4.99,20050727,586,1,1
14322,8273,5.99,20050729,586,1,1
14323,9843,2.99,20050731,586,1,1
14326,10945,5.99,20050802,586,1,1
14332,13192,8.99,20050819,586,1,1
14333,13254,4.99,20050819,586,1,1
14334,13908,4.99,20050820,586,1,1
14337,16014,5.99,20050823,586,1,1
14338,14616,0.99,20060214,586,1,1
14339,173,0.99,20050526,82,1,1
14341,615,5.99,20050528,82,1,1
14342,1421,5.99,20050615,82,1,1
14343,1652,0.99,20050616,82,1,1
14344,1859,0.99,20050617,82,1,1
14345,1954,2.99,20050617,82,1,1
14347,2956,0.99,20050620,82,1,1
14348,4112,8.99,20050707,82,1,1
14349,4788,4.99,20050708,82,1,1
14354,8093,8.99,20050728,82,1,1
14357,8471,2.99,20050729,82,1,1
14358,8676,1.99,20050729,82,1,1
14361,10380,2.99,20050801,82,1,1
14362,10614,6.99,20050801,82,1,1
14364,11758,8.99,20050817,82,1,1
14365,11918,2.99,20050817,82,1,1
14366,12602,0.99,20050818,82,1,1
14367,12655,6.99,20050818,82,1,1
14368,14263,7.99,20050821,82,1,1
14369,14800,4.99,20050822,82,1,1
14374,1610,4.99,20050616,183,1,1
14375,1673,2.99,20050616,183,1,1
14376,2436,0.99,20050618,183,1,1
14378,3216,4.99,20050621,183,1,1
14379,3735,2.99,20050706,183,1,1
14382,7662,2.99,20050728,183,1,1
14384,9456,5.99,20050730,183,1,1
14388,10796,0.99,20050801,183,1,1
14391,12691,5.99,20050818,183,1,1
14395,14526,2.99,20060214,183,1,1
14396,37,0.99,20050525,76,1,1
14398,778,3.99,20050529,76,1,1
14400,1712,4.99,20050616,76,1,1
14401,3228,4.99,20050621,76,1,1
14402,4331,4.99,20050707,76,1,1
14403,4718,6.99,20050708,76,1,1
14404,4743,2.99,20050708,76,1,1
14406,5588,0.99,20050710,76,1,1
14408,6504,2.99,20050712,76,1,1
14409,8395,2.99,20050729,76,1,1
14410,8645,4.99,20050729,76,1,1
14412,9524,4.99,20050731,76,1,1
14416,11855,7.99,20050817,76,1,1
14418,12233,0.99,20050818,76,1,1
14420,12732,0.99,20050818,76,1,1
14422,13631,4.99,20050820,76,1,1
14423,13852,0.99,20050820,76,1,1
14424,14522,4.99,20050821,76,1,1
14426,15287,6.99,20050822,76,1,1
14427,16017,0.99,20050823,76,1,1
14428,237,0.99,20050526,476,1,1
14429,929,6.99,20050530,476,1,1
14430,1582,4.99,20050616,476,1,1
14433,3483,4.99,20050705,476,1,1
14434,3514,0.99,20050706,476,1,1
14435,4448,2.99,20050707,476,1,1
14437,6400,5.99,20050711,476,1,1
14438,7065,4.99,20050727,476,1,1
14440,8679,4.99,20050729,476,1,1
14441,8958,2.99,20050730,476,1,1
14442,9411,8.99,20050730,476,1,1
14443,9727,4.99,20050731,476,1,1
14445,11473,6.99,20050802,476,1,1
14446,11826,2.99,20050817,476,1,1
14450,15130,7.99,20050822,476,1,1
14451,15978,8.99,20050823,476,1,1
14452,15979,0.99,20050823,476,1,1
14454,1445,2.99,20050615,547,1,1
14456,2586,8.99,20050619,547,1,1
14458,3555,0.99,20050706,547,1,1
14460,5630,2.99,20050710,547,1,1
14463,6409,4.99,20050711,547,1,1
14464,6746,0.99,20050712,547,1,1
14465,7179,2.99,20050727,547,1,1
14469,9967,2.99,20050731,547,1,1
14472,14010,4.99,20050820,547,1,1
14474,14670,0.99,20050821,547,1,1
14475,15149,2.99,20050822,547,1,1
14476,15832,8.99,20050823,547,1,1
14477,13419,4.99,20060214,547,1,1
14480,1314,5.99,20050615,80,1,1
14481,1912,4.99,20050617,80,1,1
14482,2682,4.99,20050619,80,1,1
14486,5369,4.99,20050709,80,1,1
14487,5486,2.99,20050709,80,1,1
14488,5898,2.99,20050710,80,1,1
14490,6332,0.99,20050711,80,1,1
14492,7694,0.99,20050728,80,1,1
14493,8765,0.99,20050729,80,1,1
14494,9307,0.99,20050730,80,1,1
14495,9643,4.99,20050731,80,1,1
14499,10732,5.99,20050801,80,1,1
14500,10962,4.99,20050802,80,1,1
14502,13544,1.99,20050820,80,1,1
14505,14591,0.99,20050821,80,1,1
14506,15343,6.99,20050822,80,1,1
14508,342,0.99,20050527,584,1,1
14510,1327,0.99,20050615,584,1,1
14512,4035,2.99,20050707,584,1,1
14513,4247,0.99,20050707,584,1,1
14518,7781,2.99,20050728,584,1,1
14522,9777,7.99,20050731,584,1,1
14523,9796,4.99,20050731,584,1,1
14525,12848,2.99,20050819,584,1,1
14528,15356,2.99,20050822,584,1,1
14532,2953,3.99,20050620,65,1,1
14533,3340,3.99,20050621,65,1,1
14536,6103,2.99,20050711,65,1,1
14539,6748,6.99,20050712,65,1,1
14540,6919,0.99,20050712,65,1,1
14543,10924,8.99,20050802,65,1,1
14544,11198,3.99,20050802,65,1,1
14549,12300,6.99,20050818,65,1,1
14553,1021,7.99,20050531,270,1,1
14554,1066,4.99,20050531,270,1,1
14556,2708,6.99,20050619,270,1,1
14557,5018,2.99,20050709,270,1,1
14561,8113,8.99,20050728,270,1,1
14562,8322,4.99,20050729,270,1,1
14564,10306,5.99,20050801,270,1,1
14566,12306,4.99,20050818,270,1,1
14568,12894,7.99,20050819,270,1,1
14572,15071,4.99,20050822,270,1,1
14574,15223,1.99,20050822,270,1,1
14575,15421,0.99,20050822,270,1,1
14577,220,4.99,20050526,246,1,1
14579,2610,4.99,20050619,246,1,1
14582,5477,6.99,20050709,246,1,1
14585,6887,9.99,20050712,246,1,1
14587,8533,4.99,20050729,246,1,1
14589,10280,4.99,20050801,246,1,1
14592,12819,0.99,20050819,246,1,1
14593,13447,0.99,20050820,246,1,1
14595,243,6.99,20050526,349,1,1
14598,2426,2.99,20050618,349,1,1
14600,3128,2.99,20050620,349,1,1
14602,4887,2.99,20050708,349,1,1
14606,8580,2.99,20050729,349,1,1
14608,9505,2.99,20050731,349,1,1
14609,9999,0.99,20050731,349,1,1
14611,10520,4.99,20050801,349,1,1
14613,11681,2.99,20050817,349,1,1
14614,13187,0.99,20050819,349,1,1
14616,15785,1.99,20050823,349,1,1
14617,397,2.99,20050527,59,1,1
14618,864,2.99,20050530,59,1,1
14619,1248,1.99,20050615,59,1,1
14621,2373,0.99,20050618,59,1,1
14622,2395,2.99,20050618,59,1,1
14623,4395,0.99,20050707,59,1,1
14624,4703,2.99,20050708,59,1,1
14627,8937,5.99,20050730,59,1,1
14628,8963,9.99,20050730,59,1,1
14629,10735,0.99,20050801,59,1,1
14630,11401,3.99,20050802,59,1,1
14634,14498,4.99,20050821,59,1,1
14636,14981,2.99,20050822,59,1,1
14637,15219,6.99,20050822,59,1,1
14638,15605,4.99,20050823,59,1,1
14641,2123,2.99,20050617,526,1,1
14643,3975,5.99,20050706,526,1,1
14644,4597,5.99,20050708,526,1,1
14645,5264,0.99,20050709,526,1,1
14646,7078,5.99,20050727,526,1,1
14653,12098,4.99,20050817,526,1,1
14654,12349,2.99,20050818,526,1,1
14656,12800,2.99,20050819,526,1,1
14657,13595,4.99,20050820,526,1,1
14658,15585,0.99,20050823,526,1,1
14660,197,5.99,20050526,111,1,1
14661,482,6.99,20050527,111,1,1
14662,1181,1.99,20050615,111,1,1
14664,1787,3.99,20050616,111,1,1
14665,2361,5.99,20050618,111,1,1
14666,3738,4.99,20050706,111,1,1
14668,4734,0.99,20050708,111,1,1
14669,5629,0.99,20050710,111,1,1
14671,6786,2.99,20050712,111,1,1
14673,8532,4.99,20050729,111,1,1
14674,9087,4.99,20050730,111,1,1
14679,11797,4.99,20050817,111,1,1
14682,14797,4.99,20050822,111,1,1
14683,14829,2.99,20050822,111,1,1
14684,14929,3.99,20050822,111,1,1
14686,306,0.99,20050526,285,1,1
14691,3765,4.99,20050706,285,1,1
14694,6605,0.99,20050712,285,1,1
14697,7835,4.99,20050728,285,1,1
14698,7859,3.99,20050728,285,1,1
14699,8828,2.99,20050729,285,1,1
14700,10903,2.99,20050802,285,1,1
14701,10980,4.99,20050802,285,1,1
14704,12579,0.99,20050818,285,1,1
14707,14510,9.99,20050821,285,1,1
14710,743,4.99,20050529,411,1,1
14712,1326,1.99,20050615,411,1,1
14713,2280,2.99,20050618,411,1,1
14715,3686,2.99,20050706,411,1,1
14717,4155,7.99,20050707,411,1,1
14720,9614,5.99,20050731,411,1,1
14722,12860,5.99,20050819,411,1,1
14723,13691,3.99,20050820,411,1,1
14727,13584,0.99,20060214,411,1,1
14728,6,0.99,20050524,482,1,1
14730,906,3.99,20050530,482,1,1
14732,2050,2.99,20050617,482,1,1
14735,4447,0.99,20050707,482,1,1
14736,7252,7.99,20050727,482,1,1
14738,8316,4.99,20050729,482,1,1
14747,14434,0.99,20050821,482,1,1
14749,1233,6.99,20050615,132,1,1
14750,1863,3.99,20050617,132,1,1
14752,3154,2.99,20050620,132,1,1
14754,3272,10.99,20050621,132,1,1
14755,3979,4.99,20050706,132,1,1
14756,5727,4.99,20050710,132,1,1
14757,6695,2.99,20050712,132,1,1
14758,7030,0.99,20050727,132,1,1
14760,8628,6.99,20050729,132,1,1
14762,8959,8.99,20050730,132,1,1
14763,9616,2.99,20050731,132,1,1
14764,9748,0.99,20050731,132,1,1
14766,11246,2.99,20050802,132,1,1
14768,11969,4.99,20050817,132,1,1
14769,12063,2.99,20050817,132,1,1
14771,13114,10.99,20050819,132,1,1
14775,14687,4.99,20050821,132,1,1
14777,15883,0.99,20050823,132,1,1
14781,728,2.99,20050529,36,1,1
14782,795,0.99,20050529,36,1,1
14786,2776,3.99,20050619,36,1,1
14788,5201,1.99,20050709,36,1,1
14790,6041,0.99,20050711,36,1,1
14792,8986,0.99,20050730,36,1,1
14793,9287,2.99,20050730,36,1,1
14799,13439,3.99,20050819,36,1,1
14800,14420,0.99,20050821,36,1,1
14803,14833,2.99,20050822,36,1,1
14804,15377,4.99,20050822,36,1,1
14809,4477,6.99,20050708,92,1,1
14810,5213,7.99,20050709,92,1,1
14812,7772,2.99,20050728,92,1,1
14813,8085,2.99,20050728,92,1,1
14817,9342,8.99,20050730,92,1,1
14818,11146,1.99,20050802,92,1,1
14824,13693,0.99,20050820,92,1,1
14829,2460,8.99,20050618,598,1,1
14831,3495,6.99,20050705,598,1,1
14834,3890,4.99,20050706,598,1,1
14837,4257,4.99,20050707,598,1,1
14841,6069,2.99,20050711,598,1,1
14843,6812,6.99,20050712,598,1,1
14844,7890,4.99,20050728,598,1,1
14848,13972,2.99,20050820,598,1,1
14849,15042,4.99,20050822,598,1,1
14850,15506,0.99,20050823,598,1,1
14851,607,2.99,20050528,223,1,1
14852,817,2.99,20050529,223,1,1
14853,1959,4.99,20050617,223,1,1
14854,2279,6.99,20050618,223,1,1
14856,3312,6.99,20050621,223,1,1
14858,5527,2.99,20050710,223,1,1
14859,5968,5.99,20050711,223,1,1
14860,6144,2.99,20050711,223,1,1
14861,10612,6.99,20050801,223,1,1
14864,11873,0.99,20050817,223,1,1
14865,12010,8.99,20050817,223,1,1
14866,12014,0.99,20050817,223,1,1
14869,14098,3.99,20050821,223,1,1
14870,14469,0.99,20050821,223,1,1
14871,14626,2.99,20050821,223,1,1
14875,8161,0.99,20050728,464,1,1
14876,8245,3.99,20050729,464,1,1
14877,9299,5.99,20050730,464,1,1
14880,10921,3.99,20050802,464,1,1
14881,11168,4.99,20050802,464,1,1
14882,11718,4.99,20050817,464,1,1
14887,12388,2.99,20050818,464,1,1
14888,12883,4.99,20050819,464,1,1
14890,184,0.99,20050526,540,1,1
14892,1083,3.99,20050531,540,1,1
14893,2092,6.99,20050617,540,1,1
14896,3093,4.99,20050620,540,1,1
14900,4846,0.99,20050708,540,1,1
14903,8909,5.99,20050730,540,1,1
14906,11466,1.99,20050802,540,1,1
14908,12045,4.99,20050817,540,1,1
14909,14176,2.99,20050821,540,1,1
14910,15568,2.99,20050823,540,1,1
14912,478,4.99,20050527,312,1,1
14913,1666,0.99,20050616,312,1,1
14915,3050,3.99,20050620,312,1,1
14916,4651,0.99,20050708,312,1,1
14917,4851,1.99,20050708,312,1,1
14918,6459,0.99,20050712,312,1,1
14922,9336,0.99,20050730,312,1,1
14923,9341,2.99,20050730,312,1,1
14926,11181,0.99,20050802,312,1,1
14927,12555,1.99,20050818,312,1,1
14928,12789,2.99,20050819,312,1,1
14929,13540,2.99,20050820,312,1,1
14934,14278,4.99,20060214,312,1,1
14936,2411,1.99,20050618,420,1,1
14940,3731,9.99,20050706,420,1,1
14941,3954,0.99,20050706,420,1,1
14942,3990,3.99,20050706,420,1,1
14943,4192,5.99,20050707,420,1,1
14944,4932,2.99,20050708,420,1,1
14946,5492,3.99,20050710,420,1,1
14950,6757,0.99,20050712,420,1,1
14951,7424,0.99,20050727,420,1,1
14952,8523,2.99,20050729,420,1,1
14953,8858,4.99,20050729,420,1,1
14954,8889,2.99,20050730,420,1,1
14956,11268,0.99,20050802,420,1,1
14959,12194,1.99,20050818,420,1,1
14962,14286,5.99,20050821,420,1,1
14964,2706,0.99,20050619,148,1,1
14966,3370,1.99,20050621,148,1,1
14967,3674,5.99,20050706,148,1,1
14968,4120,4.99,20050707,148,1,1
14969,4370,7.99,20050707,148,1,1
14971,6201,4.99,20050711,148,1,1
14972,6915,2.99,20050712,148,1,1
14973,7169,1.99,20050727,148,1,1
14974,7680,1.99,20050728,148,1,1
14975,8631,1.99,20050729,148,1,1
14977,9877,2.99,20050731,148,1,1
14979,10377,3.99,20050801,148,1,1
14980,10669,8.99,20050801,148,1,1
14983,13234,1.99,20050819,148,1,1
14986,13845,5.99,20050820,148,1,1
14987,14342,4.99,20050821,148,1,1
14990,15877,4.99,20050823,148,1,1
14991,137,2.99,20050525,10,1,1
14992,1271,4.99,20050615,10,1,1
14994,3941,4.99,20050706,10,1,1
14995,4298,2.99,20050707,10,1,1
14997,4453,0.99,20050707,10,1,1
14999,6410,4.99,20050711,10,1,1
15000,6945,2.99,20050726,10,1,1
15002,7891,3.99,20050728,10,1,1
15003,8753,2.99,20050729,10,1,1
15006,9265,0.99,20050730,10,1,1
15009,10702,4.99,20050801,10,1,1
15010,10733,7.99,20050801,10,1,1
15011,11334,7.99,20050802,10,1,1
15012,11788,4.99,20050817,10,1,1
15014,14341,1.99,20050821,10,1,1
15016,14436,2.99,20050821,10,1,1
15018,15352,6.99,20050822,10,1,1
15021,902,4.99,20050530,559,1,1
15026,2119,4.99,20050617,559,1,1
15027,2357,5.99,20050618,559,1,1
15028,2548,0.99,20050619,559,1,1
15029,2950,4.99,20050620,559,1,1
15030,3160,4.99,20050620,559,1,1
15031,3427,0.99,20050621,559,1,1
15033,6435,0.99,20050712,559,1,1
15034,6621,0.99,20050712,559,1,1
15035,6843,4.99,20050712,559,1,1
15036,7698,0.99,20050728,559,1,1
15037,8504,10.99,20050729,559,1,1
15040,10907,4.99,20050802,559,1,1
15041,11371,2.99,20050802,559,1,1
15045,15573,0.99,20050823,559,1,1
15046,15946,2.99,20050823,559,1,1
15047,14415,0.99,20060214,559,1,1
15049,941,2.99,20050530,376,1,1
15050,1139,5.99,20050531,376,1,1
15051,1998,3.99,20050617,376,1,1
15052,2705,4.99,20050619,376,1,1
15053,2746,3.99,20050619,376,1,1
15056,4802,4.99,20050708,376,1,1
15059,6607,8.99,20050712,376,1,1
15061,7430,2.99,20050727,376,1,1
15066,12248,5.99,20050818,376,1,1
15070,15212,2.99,20050822,376,1,1
15072,15900,1.99,20050823,376,1,1
15073,758,4.99,20050529,424,1,1
15077,4106,1.99,20050707,424,1,1
15079,4565,3.99,20050708,424,1,1
15085,4883,0.99,20050708,424,1,1
15086,5406,0.99,20050709,424,1,1
15089,8262,1.99,20050729,424,1,1
15090,8610,5.99,20050729,424,1,1
15094,12039,1.99,20050817,424,1,1
15095,12202,1.99,20050818,424,1,1
15096,12832,2.99,20050819,424,1,1
15101,15850,4.99,20050823,424,1,1
15103,985,2.99,20050530,123,1,1
15105,4196,2.99,20050707,123,1,1
15107,6973,2.99,20050727,123,1,1
15110,8874,0.99,20050730,123,1,1
15113,10129,6.99,20050731,123,1,1
15116,10528,2.99,20050801,123,1,1
15122,13701,0.99,20050820,123,1,1
15124,14593,0.99,20050821,123,1,1
15126,458,6.99,20050527,390,1,1
15127,1004,0.99,20050531,390,1,1
15129,2321,5.99,20050618,390,1,1
15130,3300,5.99,20050621,390,1,1
15132,3838,2.99,20050706,390,1,1
15133,4413,2.99,20050707,390,1,1
15135,5124,4.99,20050709,390,1,1
15136,6264,2.99,20050711,390,1,1
15137,6627,2.99,20050712,390,1,1
15138,6699,0.99,20050712,390,1,1
15140,9628,2.99,20050731,390,1,1
15141,10025,5.99,20050731,390,1,1
15145,11399,3.99,20050802,390,1,1
15147,11588,3.99,20050817,390,1,1
15148,11795,2.99,20050817,390,1,1
15152,13362,0.99,20050819,390,1,1
15153,13925,8.99,20050820,390,1,1
15154,15885,2.99,20050823,390,1,1
15157,1635,5.99,20050616,521,1,1
15159,2367,0.99,20050618,521,1,1
15160,3379,4.99,20050621,521,1,1
15162,3943,0.99,20050706,521,1,1
15163,3998,3.99,20050706,521,1,1
15164,5079,9.99,20050709,521,1,1
15166,7677,2.99,20050728,521,1,1
15169,8157,6.99,20050728,521,1,1
15170,8257,2.99,20050729,521,1,1
15173,8710,0.99,20050729,521,1,1
15174,8797,4.99,20050729,521,1,1
15177,9688,3.99,20050731,521,1,1
15182,11717,0.99,20050817,521,1,1
15183,11941,1.99,20050817,521,1,1
15187,14277,3.99,20050821,521,1,1
15188,14297,2.99,20050821,521,1,1
15190,3010,2.99,20050620,448,1,1
15191,3769,5.99,20050706,448,1,1
15194,4949,4.99,20050708,448,1,1
15198,8201,2.99,20050728,448,1,1
15199,8629,2.99,20050729,448,1,1
15200,9279,7.99,20050730,448,1,1
15201,9475,6.99,20050730,448,1,1
15204,12119,2.99,20050817,448,1,1
15212,3227,4.99,20050621,579,1,1
15214,4322,2.99,20050707,579,1,1
15216,5622,0.99,20050710,579,1,1
15217,5776,4.99,20050710,579,1,1
15221,9738,0.99,20050731,579,1,1
15222,10340,2.99,20050801,579,1,1
15225,11331,2.99,20050802,579,1,1
15226,13883,4.99,20050820,579,1,1
15228,15203,2.99,20050822,579,1,1
15231,487,4.99,20050528,104,1,1
15232,624,4.99,20050528,104,1,1
15233,647,1.99,20050528,104,1,1
15235,1463,6.99,20050615,104,1,1
15237,4204,5.99,20050707,104,1,1
15240,8910,2.99,20050730,104,1,1
15242,9399,4.99,20050730,104,1,1
15246,11030,1.99,20050802,104,1,1
15248,11354,6.99,20050802,104,1,1
15249,11946,4.99,20050817,104,1,1
15250,12157,2.99,20050818,104,1,1
15252,12568,3.99,20050818,104,1,1
15254,13287,7.99,20050819,104,1,1
15258,14896,8.99,20050822,104,1,1
15259,14959,2.99,20050822,104,1,1
15263,1259,4.99,20050615,338,1,1
15271,4069,0.99,20050707,338,1,1
15272,4698,0.99,20050708,338,1,1
15274,6253,4.99,20050711,338,1,1
15275,6556,0.99,20050712,338,1,1
15278,9385,7.99,20050730,338,1,1
15279,9398,0.99,20050730,338,1,1
15281,9766,4.99,20050731,338,1,1
15282,10004,0.99,20050731,338,1,1
15284,11098,3.99,20050802,338,1,1
15287,12716,0.99,20060214,338,1,1
15288,228,9.99,20050526,418,1,1
15290,1254,4.99,20050615,418,1,1
15292,1756,4.99,20050616,418,1,1
15294,2327,2.99,20050618,418,1,1
15295,2977,10.99,20050620,418,1,1
15297,4162,4.99,20050707,418,1,1
15300,6792,8.99,20050712,418,1,1
15301,8084,5.99,20050728,418,1,1
15302,8638,4.99,20050729,418,1,1
15304,9408,4.99,20050730,418,1,1
15305,10227,2.99,20050801,418,1,1
15308,13228,2.99,20050819,418,1,1
15310,14956,0.99,20050822,418,1,1
15311,15841,4.99,20050823,418,1,1
15314,2007,0.99,20050617,414,1,1
15315,2458,0.99,20050618,414,1,1
15316,4601,2.99,20050708,414,1,1
15317,5595,4.99,20050710,414,1,1
15318,5713,6.99,20050710,414,1,1
15320,7161,4.99,20050727,414,1,1
15321,7345,4.99,20050727,414,1,1
15324,8432,0.99,20050729,414,1,1
15325,9081,3.99,20050730,414,1,1
15328,11114,0.99,20050802,414,1,1
15329,11121,4.99,20050802,414,1,1
15331,11426,4.99,20050802,414,1,1
15332,11526,4.99,20050817,414,1,1
15333,12256,1.99,20050818,414,1,1
15336,13688,5.99,20050820,414,1,1
15338,1613,4.99,20050616,305,1,1
15340,2995,1.99,20050620,305,1,1
15341,3295,7.99,20050621,305,1,1
15343,3930,2.99,20050706,305,1,1
15345,4085,0.99,20050707,305,1,1
15346,4609,0.99,20050708,305,1,1
15347,4770,2.99,20050708,305,1,1
15348,5036,5.99,20050709,305,1,1
15351,6693,7.99,20050712,305,1,1
15352,8400,4.99,20050729,305,1,1
15357,10296,0.99,20050801,305,1,1
15358,10887,2.99,20050802,305,1,1
15359,11043,0.99,20050802,305,1,1
15361,12017,1.99,20050817,305,1,1
15362,12125,1.99,20050817,305,1,1
15363,12269,6.99,20050818,305,1,1
15364,12791,0.99,20050819,305,1,1
15367,1559,0.99,20050616,273,1,1
15369,1817,0.99,20050616,273,1,1
15370,2632,0.99,20050619,273,1,1
15371,3220,6.99,20050621,273,1,1
15372,3583,7.99,20050706,273,1,1
15373,4004,4.99,20050707,273,1,1
15374,4212,4.99,20050707,273,1,1
15377,5076,3.99,20050709,273,1,1
15378,5077,3.99,20050709,273,1,1
15379,5640,2.99,20050710,273,1,1
15380,6523,2.99,20050712,273,1,1
15381,7093,1.99,20050727,273,1,1
15382,7134,2.99,20050727,273,1,1
15383,7964,2.99,20050728,273,1,1
15384,8303,4.99,20050729,273,1,1
15385,9589,7.99,20050731,273,1,1
15386,9759,3.99,20050731,273,1,1
15387,10347,4.99,20050801,273,1,1
15389,12462,2.99,20050818,273,1,1
15390,13589,4.99,20050820,273,1,1
15391,14076,4.99,20050820,273,1,1
15394,17,2.99,20050525,327,1,1
15395,395,0.99,20050527,327,1,1
15398,774,4.99,20050529,327,1,1
15400,1824,2.99,20050616,327,1,1
15402,3558,6.99,20050706,327,1,1
15405,7083,0.99,20050727,327,1,1
15406,7139,2.99,20050727,327,1,1
15410,9733,4.99,20050731,327,1,1
15411,10331,4.99,20050801,327,1,1
15413,11097,3.99,20050802,327,1,1
15414,11458,4.99,20050802,327,1,1
15415,12204,7.99,20050818,327,1,1
15424,968,0.99,20050530,493,1,1
15425,1366,4.99,20050615,493,1,1
15427,2309,0.99,20050618,493,1,1
15429,2651,3.99,20050619,493,1,1
15432,3877,4.99,20050706,493,1,1
15435,4514,4.99,20050708,493,1,1
15437,5934,4.99,20050710,493,1,1
15439,7605,3.99,20050727,493,1,1
15440,8907,4.99,20050730,493,1,1
15441,9133,5.99,20050730,493,1,1
15445,9979,2.99,20050731,493,1,1
15446,10000,2.99,20050731,493,1,1
15449,12245,4.99,20050818,493,1,1
15450,13061,4.99,20050819,493,1,1
15451,13326,4.99,20050819,493,1,1
15452,14501,4.99,20050821,493,1,1
15453,14541,0.99,20050821,493,1,1
15454,15634,0.99,20050823,493,1,1
15456,13464,0.00,20060214,493,1,1
15463,3785,7.99,20050706,497,1,1
15464,4922,2.99,20050708,497,1,1
15465,6500,2.99,20050712,497,1,1
15468,7371,4.99,20050727,497,1,1
15470,8043,5.99,20050728,497,1,1
15471,8060,6.99,20050728,497,1,1
15474,10487,0.99,20050801,497,1,1
15475,10782,4.99,20050801,497,1,1
15476,11054,7.99,20050802,497,1,1
15478,12664,4.99,20050818,497,1,1
15488,3305,2.99,20050621,321,1,1
15490,5377,4.99,20050709,321,1,1
15491,5445,0.99,20050709,321,1,1
15493,6784,4.99,20050712,321,1,1
15494,6830,0.99,20050712,321,1,1
15496,8179,2.99,20050728,321,1,1
15497,8218,2.99,20050728,321,1,1
15499,10029,6.99,20050731,321,1,1
15501,10779,7.99,20050801,321,1,1
15502,11199,7.99,20050802,321,1,1
15506,15652,0.99,20050823,321,1,1
15508,2522,3.99,20050619,261,1,1
15509,3111,2.99,20050620,261,1,1
15510,4619,9.99,20050708,261,1,1
15511,4933,2.99,20050708,261,1,1
15512,6304,4.99,20050711,261,1,1
15517,8354,0.99,20050729,261,1,1
15518,8876,0.99,20050730,261,1,1
15519,8996,0.99,20050730,261,1,1
15524,11494,3.99,20050802,261,1,1
15528,14185,0.99,20050821,261,1,1
15529,14543,1.99,20050821,261,1,1
15532,15838,4.99,20050823,261,1,1
15534,611,0.99,20050528,401,1,1
15535,1469,0.99,20050615,401,1,1
15540,5937,6.99,20050710,401,1,1
15541,6089,2.99,20050711,401,1,1
15543,7620,0.99,20050728,401,1,1
15545,8839,3.99,20050729,401,1,1
15546,9199,0.99,20050730,401,1,1
15547,9239,3.99,20050730,401,1,1
15548,9460,5.99,20050730,401,1,1
15551,10723,3.99,20050801,401,1,1
15553,11164,8.99,20050802,401,1,1
15558,15157,6.99,20050822,401,1,1
15559,15630,6.99,20050823,401,1,1
15560,15947,4.99,20050823,401,1,1
15561,976,4.99,20050530,333,1,1
15562,1151,4.99,20050531,333,1,1
15565,2137,4.99,20050617,333,1,1
15568,4338,4.99,20050707,333,1,1
15570,4669,5.99,20050708,333,1,1
15571,4815,8.99,20050708,333,1,1
15572,4833,1.99,20050708,333,1,1
15573,5516,4.99,20050710,333,1,1
15574,5707,4.99,20050710,333,1,1
15577,7783,2.99,20050728,333,1,1
15578,9278,2.99,20050730,333,1,1
15579,9449,1.99,20050730,333,1,1
15585,14976,2.99,20050822,333,1,1
15586,15403,0.99,20050822,333,1,1
15588,281,0.99,20050526,331,1,1
15589,1719,2.99,20050616,331,1,1
15590,2337,7.99,20050618,331,1,1
15592,3767,0.99,20050706,331,1,1
15597,7575,2.99,20050727,331,1,1
15599,8554,2.99,20050729,331,1,1
15600,8778,6.99,20050729,331,1,1
15601,9768,9.99,20050731,331,1,1
15603,11667,5.99,20050817,331,1,1
15604,11708,2.99,20050817,331,1,1
15606,14376,4.99,20050821,331,1,1
15607,14568,0.99,20050821,331,1,1
15608,15090,5.99,20050822,331,1,1
15609,15503,2.99,20050823,331,1,1
15610,15539,0.99,20050823,331,1,1
15613,1428,3.99,20050615,538,1,1
15614,2429,9.99,20050618,538,1,1
15618,3424,0.99,20050621,538,1,1
15619,3779,2.99,20050706,538,1,1
15620,3842,4.99,20050706,538,1,1
15622,4464,4.99,20050708,538,1,1
15623,5462,0.99,20050709,538,1,1
15624,5478,5.99,20050709,538,1,1
15627,7401,5.99,20050727,538,1,1
15629,9550,7.99,20050731,538,1,1
15635,14259,0.99,20050821,538,1,1
15637,626,4.99,20050528,165,1,1
15638,920,4.99,20050530,165,1,1
15643,4410,0.99,20050707,165,1,1
15644,4977,0.99,20050709,165,1,1
15646,7186,2.99,20050727,165,1,1
15647,7372,4.99,20050727,165,1,1
15648,7659,4.99,20050728,165,1,1
15651,9719,5.99,20050731,165,1,1
15653,10914,4.99,20050802,165,1,1
15655,11213,4.99,20050802,165,1,1
15660,12844,2.99,20050819,165,1,1
15664,14930,1.99,20050822,165,1,1
15665,15615,0.99,20050823,165,1,1
15666,1344,0.99,20050615,17,1,1
15668,2674,0.99,20050619,17,1,1
15669,2930,3.99,20050620,17,1,1
15672,4684,9.99,20050708,17,1,1
15676,7131,2.99,20050727,17,1,1
15677,7384,4.99,20050727,17,1,1
15681,9590,3.99,20050731,17,1,1
15682,9860,6.99,20050731,17,1,1
15684,11285,9.99,20050802,17,1,1
15687,15804,4.99,20050823,17,1,1
15688,15896,6.99,20050823,17,1,1
15690,138,4.99,20050525,499,1,1
15691,900,8.99,20050530,499,1,1
15692,1260,2.99,20050615,499,1,1
15697,6679,2.99,20050712,499,1,1
15700,11034,2.99,20050802,499,1,1
15701,11763,0.99,20050817,499,1,1
15702,12013,4.99,20050817,499,1,1
15703,12898,0.99,20050819,499,1,1
15705,14392,1.99,20050821,499,1,1
15707,15666,3.99,20050823,499,1,1
15709,181,4.99,20050526,322,1,1
15710,361,0.99,20050527,322,1,1
15713,2220,2.99,20050618,322,1,1
15714,2329,4.99,20050618,322,1,1
15718,6639,0.99,20050712,322,1,1
15720,7501,8.99,20050727,322,1,1
15726,10825,2.99,20050801,322,1,1
15727,11078,2.99,20050802,322,1,1
15734,12144,0.99,20060214,322,1,1
15735,576,2.99,20050528,120,1,1
15736,961,4.99,20050530,120,1,1
15740,2453,2.99,20050618,120,1,1
15742,3628,4.99,20050706,120,1,1
15743,4101,0.99,20050707,120,1,1
15746,5335,4.99,20050709,120,1,1
15747,6368,4.99,20050711,120,1,1
15750,8421,4.99,20050729,120,1,1
15751,8429,2.99,20050729,120,1,1
15753,8769,2.99,20050729,120,1,1
15757,12185,2.99,20050818,120,1,1
15759,13064,4.99,20050819,120,1,1
15760,13923,1.99,20050820,120,1,1
15761,15109,1.99,20050822,120,1,1
15762,15158,2.99,20050822,120,1,1
15763,15209,4.99,20050822,120,1,1
15764,531,0.99,20050528,145,1,1
15765,596,4.99,20050528,145,1,1
15766,737,4.99,20050529,145,1,1
15767,1439,4.99,20050615,145,1,1
15770,2707,8.99,20050619,145,1,1
15771,2979,2.99,20050620,145,1,1
15773,5951,0.99,20050710,145,1,1
15780,8374,3.99,20050729,145,1,1
15781,9153,4.99,20050730,145,1,1
15783,11980,4.99,20050817,145,1,1
15784,12738,7.99,20050818,145,1,1
15786,14038,6.99,20050820,145,1,1
15787,14254,6.99,20050821,145,1,1
15788,14544,0.99,20050821,145,1,1
15792,602,3.99,20050528,28,1,1
15796,2916,6.99,20050620,28,1,1
15797,2964,9.99,20050620,28,1,1
15799,4710,2.99,20050708,28,1,1
15801,5165,0.99,20050709,28,1,1
15802,5529,2.99,20050710,28,1,1
15803,5991,4.99,20050711,28,1,1
15806,7010,4.99,20050727,28,1,1
15808,8195,5.99,20050728,28,1,1
15809,8801,4.99,20050729,28,1,1
15811,9884,4.99,20050731,28,1,1
15812,10657,4.99,20050801,28,1,1
15815,14830,2.99,20050822,28,1,1
15817,1418,0.99,20050615,51,1,1
15820,3636,0.99,20050706,51,1,1
15822,4581,6.99,20050708,51,1,1
15823,5704,5.99,20050710,51,1,1
15824,5759,6.99,20050710,51,1,1
15825,7118,8.99,20050727,51,1,1
15826,7212,2.99,20050727,51,1,1
15828,7549,3.99,20050727,51,1,1
15830,7997,4.99,20050728,51,1,1
15831,8149,3.99,20050728,51,1,1
15834,9684,0.99,20050731,51,1,1
15835,10415,4.99,20050801,51,1,1
15838,12547,4.99,20050818,51,1,1
15839,12571,5.99,20050818,51,1,1
15840,12934,5.99,20050819,51,1,1
15843,13867,9.99,20050820,51,1,1
15846,1479,2.99,20050615,178,1,1
15847,2627,0.99,20050619,178,1,1
15848,3158,7.99,20050620,178,1,1
15850,3973,11.99,20050706,178,1,1
15851,4129,1.99,20050707,178,1,1
15852,4145,9.99,20050707,178,1,1
15853,4460,0.99,20050707,178,1,1
15854,4518,2.99,20050708,178,1,1
15855,6937,0.99,20050726,178,1,1
15857,7278,3.99,20050727,178,1,1
15859,8730,2.99,20050729,178,1,1
15861,9268,4.99,20050730,178,1,1
15862,9437,3.99,20050730,178,1,1
15866,11410,8.99,20050802,178,1,1
15869,12976,1.99,20050819,178,1,1
15870,13157,2.99,20050819,178,1,1
15873,790,2.99,20050529,558,1,1
15874,991,8.99,20050530,558,1,1
15877,2441,4.99,20050618,558,1,1
15878,2832,4.99,20050619,558,1,1
15885,6386,2.99,20050711,558,1,1
15886,6731,2.99,20050712,558,1,1
15888,8497,2.99,20050729,558,1,1
15890,9483,6.99,20050730,558,1,1
15891,10368,3.99,20050801,558,1,1
15893,10840,5.99,20050801,558,1,1
15896,13524,6.99,20050820,558,1,1
15897,14408,5.99,20050821,558,1,1
15898,14653,0.99,20050821,558,1,1
15899,313,4.99,20050526,97,1,1
15900,360,8.99,20050527,97,1,1
15902,1045,6.99,20050531,97,1,1
15904,1816,4.99,20050616,97,1,1
15905,1950,2.99,20050617,97,1,1
15906,2276,6.99,20050618,97,1,1
15910,3546,4.99,20050706,97,1,1
15912,4037,5.99,20050707,97,1,1
15913,4154,3.99,20050707,97,1,1
15915,6473,6.99,20050712,97,1,1
15916,7533,8.99,20050727,97,1,1
15917,8567,1.99,20050729,97,1,1
15918,8603,2.99,20050729,97,1,1
15920,9545,7.99,20050731,97,1,1
15921,9698,3.99,20050731,97,1,1
15925,14999,4.99,20050822,97,1,1
15926,613,6.99,20050528,98,1,1
15929,3789,9.99,20050706,98,1,1
15930,4017,4.99,20050707,98,1,1
15931,4241,4.99,20050707,98,1,1
15933,5631,1.99,20050710,98,1,1
15934,5952,1.99,20050710,98,1,1
15935,6105,6.99,20050711,98,1,1
15936,6704,6.99,20050712,98,1,1
15937,7086,4.99,20050727,98,1,1
15939,7396,4.99,20050727,98,1,1
15941,9152,2.99,20050730,98,1,1
15943,9354,4.99,20050730,98,1,1
15946,9631,2.99,20050731,98,1,1
15948,10729,2.99,20050801,98,1,1
15949,10932,2.99,20050802,98,1,1
15951,12235,0.99,20050818,98,1,1
15952,14334,0.99,20050821,98,1,1
15960,914,2.99,20050530,174,1,1
15961,974,6.99,20050530,174,1,1
15962,1644,1.99,20050616,174,1,1
15963,2767,1.99,20050619,174,1,1
15965,6015,2.99,20050711,174,1,1
15966,6017,0.99,20050711,174,1,1
15967,6197,4.99,20050711,174,1,1
15969,10094,3.99,20050731,174,1,1
15971,10756,2.99,20050801,174,1,1
15975,11934,0.99,20050817,174,1,1
15977,12878,4.99,20050819,174,1,1
15978,13648,4.99,20050820,174,1,1
15979,14050,3.99,20050820,174,1,1
15980,14417,0.99,20050821,174,1,1
15981,15405,0.99,20050822,174,1,1
15982,15899,6.99,20050823,174,1,1
15983,15423,0.99,20060214,174,1,1
15986,2379,0.99,20050618,392,1,1
15987,2696,4.99,20050619,392,1,1
15988,3201,1.99,20050621,392,1,1
15989,5093,0.99,20050709,392,1,1
15990,5348,4.99,20050709,392,1,1
15992,6508,2.99,20050712,392,1,1
15996,10214,0.99,20050801,392,1,1
16000,11240,2.99,20050802,392,1,1
16001,11880,5.99,20050817,392,1,1
16002,12081,4.99,20050817,392,1,1
16003,12992,0.99,20050819,392,1,1
16005,13152,6.99,20050819,392,1,1
16007,15469,4.99,20050823,392,1,1
16008,11652,4.99,20060214,392,1,1
16009,3005,2.99,20050620,489,1,1
16010,3648,0.99,20050706,489,1,1
16012,3972,4.99,20050706,489,1,1
16013,4181,4.99,20050707,489,1,1
16015,6519,4.99,20050712,489,1,1
16021,7998,0.99,20050728,489,1,1
16023,8511,5.99,20050729,489,1,1
16024,8939,4.99,20050730,489,1,1
16025,10054,4.99,20050731,489,1,1
16030,15443,7.99,20050823,489,1,1
16032,2272,1.99,20050618,118,1,1
16035,3429,6.99,20050621,118,1,1
16036,5065,0.99,20050709,118,1,1
16037,5843,2.99,20050710,118,1,1
16040,8965,6.99,20050730,118,1,1
16044,14233,1.99,20050821,118,1,1
16045,14599,4.99,20050821,118,1,1
16046,14719,1.99,20050821,118,1,1
4,1422,0.99,20050615,298,2,2
5,1476,9.99,20050615,298,2,2
8,2363,0.99,20050618,298,2,2
10,4526,5.99,20050708,298,2,2
15,7273,2.99,20050727,298,2,2
17,8033,4.99,20050728,298,2,2
19,8116,0.99,20050728,298,2,2
20,8326,2.99,20050729,298,2,2
21,9571,2.99,20050731,298,2,2
22,10437,4.99,20050801,298,2,2
23,11299,3.99,20050802,298,2,2
25,11824,4.99,20050817,298,2,2
27,13068,0.99,20050819,298,2,2
28,13176,2.99,20050819,298,2,2
31,15298,2.99,20050822,298,2,2
37,7346,4.99,20050727,574,2,2
39,7459,5.99,20050727,574,2,2
40,8230,5.99,20050729,574,2,2
42,8705,5.99,20050729,574,2,2
44,9236,10.99,20050730,574,2,2
45,9248,0.99,20050730,574,2,2
46,9296,6.99,20050730,574,2,2
47,9465,6.99,20050730,574,2,2
53,11256,2.99,20050802,574,2,2
57,14743,5.99,20050821,574,2,2
58,15145,4.99,20050822,574,2,2
59,15907,4.99,20050823,574,2,2
64,1911,6.99,20050617,173,2,2
69,7503,10.99,20050727,173,2,2
70,7703,7.99,20050728,173,2,2
71,7724,6.99,20050728,173,2,2
73,8086,4.99,20050728,173,2,2
76,9443,3.99,20050730,173,2,2
78,9816,4.99,20050731,173,2,2
79,10597,5.99,20050801,173,2,2
80,12556,4.99,20050818,173,2,2
82,13610,2.99,20050820,173,2,2
83,14699,8.99,20050821,173,2,2
84,15038,0.99,20050822,173,2,2
88,1707,2.99,20050616,356,2,2
89,1735,0.99,20050616,356,2,2
90,2043,0.99,20050617,356,2,2
93,7718,2.99,20050728,356,2,2
97,11069,0.99,20050802,356,2,2
99,11529,4.99,20050817,356,2,2
101,12294,8.99,20050818,356,2,2
102,12856,1.99,20050819,356,2,2
105,14225,4.99,20050821,356,2,2
107,15635,1.99,20050823,356,2,2
112,1631,2.99,20050616,496,2,2
113,2063,4.99,20050617,496,2,2
114,2570,2.99,20050619,496,2,2
115,3126,4.99,20050620,496,2,2
116,3677,4.99,20050706,496,2,2
117,4889,2.99,20050708,496,2,2
119,5118,5.99,20050709,496,2,2
120,5156,1.99,20050709,496,2,2
121,5721,0.99,20050710,496,2,2
124,6685,4.99,20050712,496,2,2
125,7293,0.99,20050727,496,2,2
126,7652,0.99,20050728,496,2,2
127,7829,3.99,20050728,496,2,2
132,10609,4.99,20050801,496,2,2
134,11001,4.99,20050802,496,2,2
136,11930,3.99,20050817,496,2,2
140,13877,0.99,20050820,496,2,2
141,14053,6.99,20050820,496,2,2
143,14494,2.99,20050821,496,2,2
144,15232,0.99,20050822,496,2,2
145,13209,0.99,20060214,496,2,2
146,57,4.99,20050525,565,2,2
148,916,0.99,20050530,565,2,2
150,1841,2.99,20050616,565,2,2
153,3983,0.99,20050706,565,2,2
154,4278,2.99,20050707,565,2,2
156,6211,5.99,20050711,565,2,2
158,6686,0.99,20050712,565,2,2
159,7099,2.99,20050727,565,2,2
160,7136,2.99,20050727,565,2,2
168,12254,2.99,20050818,565,2,2
169,13451,6.99,20050820,565,2,2
173,15603,0.99,20050823,565,2,2
174,46,5.99,20050525,597,2,2
175,117,0.99,20050525,597,2,2
176,748,2.99,20050529,597,2,2
179,1810,0.99,20050616,597,2,2
184,3639,5.99,20050706,597,2,2
185,4238,2.99,20050707,597,2,2
186,4787,5.99,20050708,597,2,2
192,6761,3.99,20050712,597,2,2
193,8422,5.99,20050729,597,2,2
194,9624,7.99,20050731,597,2,2
195,10330,6.99,20050801,597,2,2
198,10644,4.99,20050801,597,2,2
199,10989,3.99,20050802,597,2,2
200,11542,7.99,20050817,597,2,2
203,13373,2.99,20050819,597,2,2
207,866,6.99,20050530,364,2,2
208,1305,2.99,20050615,364,2,2
210,3114,4.99,20050620,364,2,2
213,4175,2.99,20050707,364,2,2
214,4409,3.99,20050707,364,2,2
217,5341,2.99,20050709,364,2,2
221,9629,2.99,20050731,364,2,2
222,10141,0.99,20050731,364,2,2
223,10561,2.99,20050801,364,2,2
225,11284,2.99,20050802,364,2,2
231,350,4.99,20050527,379,2,2
232,877,0.99,20050530,379,2,2
233,1075,4.99,20050531,379,2,2
234,3142,7.99,20050620,379,2,2
235,3262,4.99,20050621,379,2,2
237,4748,0.99,20050708,379,2,2
240,6019,4.99,20050711,379,2,2
242,7616,0.99,20050728,379,2,2
247,11400,5.99,20050802,379,2,2
251,12652,4.99,20050818,379,2,2
252,14489,7.99,20050821,379,2,2
254,1140,4.99,20050531,254,2,2
257,2222,3.99,20050618,254,2,2
260,3790,3.99,20050706,254,2,2
261,4042,4.99,20050707,254,2,2
264,5068,2.99,20050709,254,2,2
268,8001,6.99,20050728,254,2,2
269,8188,4.99,20050728,254,2,2
271,10671,8.99,20050801,254,2,2
272,11289,2.99,20050802,254,2,2
274,12031,2.99,20050817,254,2,2
275,12400,2.99,20050818,254,2,2
276,13316,4.99,20050819,254,2,2
277,13917,2.99,20050820,254,2,2
283,4608,2.99,20050708,297,2,2
285,5835,5.99,20050710,297,2,2
286,6146,6.99,20050711,297,2,2
289,8100,2.99,20050728,297,2,2
290,8447,1.99,20050729,297,2,2
293,9292,6.99,20050730,297,2,2
295,11166,6.99,20050802,297,2,2
296,11502,0.99,20050816,297,2,2
297,12015,5.99,20050817,297,2,2
298,13572,0.99,20050820,297,2,2
301,15240,2.99,20050822,297,2,2
305,1752,5.99,20050616,238,2,2
306,2434,5.99,20050618,238,2,2
307,2500,5.99,20050618,238,2,2
308,2623,4.99,20050619,238,2,2
309,3135,2.99,20050620,238,2,2
314,5111,0.99,20050709,238,2,2
315,5242,3.99,20050709,238,2,2
317,7008,0.99,20050727,238,2,2
318,7279,0.99,20050727,238,2,2
319,8985,0.99,20050730,238,2,2
320,9166,4.99,20050730,238,2,2
321,9238,5.99,20050730,238,2,2
323,9708,5.99,20050731,238,2,2
324,10392,10.99,20050801,238,2,2
325,11497,0.99,20050816,238,2,2
327,13519,0.99,20050820,238,2,2
328,13895,2.99,20050820,238,2,2
329,14240,4.99,20050821,238,2,2
335,3946,2.99,20050706,517,2,2
342,8831,11.99,20050729,517,2,2
343,9260,9.99,20050730,517,2,2
344,9434,0.99,20050730,517,2,2
349,11315,0.99,20050802,517,2,2
350,11761,5.99,20050817,517,2,2
351,12918,7.99,20050819,517,2,2
352,13096,4.99,20050819,517,2,2
353,13213,0.99,20050819,517,2,2
356,14545,7.99,20050821,517,2,2
362,815,0.99,20050529,551,2,2
363,1360,4.99,20050615,551,2,2
367,5317,7.99,20050709,551,2,2
373,8836,4.99,20050729,551,2,2
374,9438,4.99,20050730,551,2,2
377,10526,6.99,20050801,551,2,2
379,11528,3.99,20050817,551,2,2
382,15015,6.99,20050822,551,2,2
388,3182,0.99,20050620,189,2,2
392,5975,2.99,20050711,189,2,2
395,8615,6.99,20050729,189,2,2
396,8927,4.99,20050730,189,2,2
400,11307,2.99,20050802,189,2,2
401,11341,2.99,20050802,189,2,2
403,12272,2.99,20050818,189,2,2
404,12551,2.99,20050818,189,2,2
406,13339,8.99,20050819,189,2,2
408,13503,5.99,20050820,189,2,2
410,13677,3.99,20050820,189,2,2
411,14569,0.99,20050821,189,2,2
412,14776,4.99,20050821,189,2,2
413,14872,8.99,20050822,189,2,2
417,13968,0.00,20060214,189,2,2
420,887,0.99,20050530,539,2,2
422,1934,6.99,20050617,539,2,2
426,3348,0.99,20050621,539,2,2
428,4219,2.99,20050707,539,2,2
429,4263,3.99,20050707,539,2,2
430,4517,4.99,20050708,539,2,2
432,7489,0.99,20050727,539,2,2
433,7552,2.99,20050727,539,2,2
434,8452,5.99,20050729,539,2,2
435,9158,0.99,20050730,539,2,2
436,9610,5.99,20050731,539,2,2
437,10687,2.99,20050801,539,2,2
438,10727,2.99,20050801,539,2,2
439,11308,0.99,20050802,539,2,2
440,12104,2.99,20050817,539,2,2
443,13151,4.99,20050819,539,2,2
447,287,2.99,20050526,429,2,2
449,884,4.99,20050530,429,2,2
450,2175,5.99,20050618,429,2,2
452,3269,5.99,20050621,429,2,2
455,6884,1.99,20050712,429,2,2
456,8076,8.99,20050728,429,2,2
458,9092,8.99,20050730,429,2,2
460,9382,8.99,20050730,429,2,2
462,11990,4.99,20050817,429,2,2
465,14326,2.99,20050821,429,2,2
467,15752,5.99,20050823,429,2,2
471,1451,5.99,20050615,371,2,2
472,1783,4.99,20050616,371,2,2
473,2112,5.99,20050617,371,2,2
475,4672,3.99,20050708,371,2,2
476,4724,3.99,20050708,371,2,2
477,4923,3.99,20050708,371,2,2
478,6128,2.99,20050711,371,2,2
480,8122,2.99,20050728,371,2,2
483,9114,4.99,20050730,371,2,2
485,10721,1.99,20050801,371,2,2
486,11094,4.99,20050802,371,2,2
487,11439,4.99,20050802,371,2,2
488,12333,0.99,20050818,371,2,2
489,13490,0.99,20050820,371,2,2
490,18,0.99,20050525,466,2,2
491,110,9.99,20050525,466,2,2
494,591,2.99,20050528,466,2,2
495,696,2.99,20050529,466,2,2
498,3423,2.99,20050621,466,2,2
499,3549,4.99,20050706,466,2,2
500,6495,4.99,20050712,466,2,2
503,10077,9.99,20050731,466,2,2
505,11508,8.99,20050816,466,2,2
508,12357,2.99,20050818,466,2,2
510,13804,8.99,20050820,466,2,2
513,15529,0.99,20050823,466,2,2
514,202,2.99,20050526,383,2,2
515,497,6.99,20050528,383,2,2
516,546,1.99,20050528,383,2,2
517,1558,0.99,20050616,383,2,2
518,2136,3.99,20050617,383,2,2
519,2343,4.99,20050618,383,2,2
521,4011,3.99,20050707,383,2,2
525,6267,6.99,20050711,383,2,2
526,7217,4.99,20050727,383,2,2
527,7864,5.99,20050728,383,2,2
528,8127,2.99,20050728,383,2,2
529,9075,4.99,20050730,383,2,2
530,9468,3.99,20050730,383,2,2
531,10284,4.99,20050801,383,2,2
536,13036,4.99,20050819,383,2,2
538,13317,2.99,20050819,383,2,2
539,14613,2.99,20050821,383,2,2
540,15057,6.99,20050822,383,2,2
542,15248,0.99,20050822,383,2,2
545,463,3.99,20050527,31,2,2
547,2235,7.99,20050618,31,2,2
550,2830,4.99,20050619,31,2,2
552,5107,4.99,20050709,31,2,2
555,6943,1.99,20050726,31,2,2
557,8196,6.99,20050728,31,2,2
558,8862,2.99,20050729,31,2,2
559,9149,0.99,20050730,31,2,2
561,10570,4.99,20050801,31,2,2
563,11072,0.99,20050802,31,2,2
564,11970,0.99,20050817,31,2,2
565,12131,2.99,20050817,31,2,2
566,12660,4.99,20050818,31,2,2
569,13399,4.99,20050819,31,2,2
574,14077,8.99,20050820,31,2,2
575,14161,2.99,20050821,31,2,2
576,14446,2.99,20050821,31,2,2
581,820,8.99,20050529,351,2,2
583,4215,2.99,20050707,351,2,2
588,9410,0.99,20050730,351,2,2
592,12809,0.99,20050819,351,2,2
593,13060,9.99,20050819,351,2,2
603,1090,0.99,20050531,310,2,2
609,3736,3.99,20050706,310,2,2
610,3781,2.99,20050706,310,2,2
611,4853,2.99,20050708,310,2,2
614,6917,5.99,20050712,310,2,2
617,8718,0.99,20050729,310,2,2
618,9209,5.99,20050730,310,2,2
619,9255,9.99,20050730,310,2,2
620,9718,3.99,20050731,310,2,2
623,11501,2.99,20050816,310,2,2
624,13290,2.99,20050819,310,2,2
625,13331,4.99,20050819,310,2,2
626,13429,6.99,20050819,310,2,2
627,13511,0.99,20050820,310,2,2
628,13557,0.99,20050820,310,2,2
629,14482,2.99,20050821,310,2,2
630,15532,2.99,20060214,310,2,2
631,1007,6.99,20050531,12,2,2
632,1077,2.99,20050531,12,2,2
635,2116,4.99,20050617,12,2,2
637,2963,7.99,20050620,12,2,2
638,3649,7.99,20050706,12,2,2
639,4378,2.99,20050707,12,2,2
641,5648,0.99,20050710,12,2,2
646,9925,0.99,20050731,12,2,2
647,10491,2.99,20050801,12,2,2
649,11546,2.99,20050817,12,2,2
650,12165,8.99,20050818,12,2,2
653,13058,4.99,20050819,12,2,2
655,15357,4.99,20050822,12,2,2
657,1033,2.99,20050531,385,2,2
660,1754,6.99,20050616,385,2,2
661,2625,8.99,20050619,385,2,2
666,4404,2.99,20050707,385,2,2
669,6905,2.99,20050712,385,2,2
670,8667,2.99,20050729,385,2,2
671,8878,0.99,20050730,385,2,2
673,9334,2.99,20050730,385,2,2
674,9922,2.99,20050731,385,2,2
675,10103,2.99,20050731,385,2,2
677,10860,2.99,20050802,385,2,2
686,1105,2.99,20050531,176,2,2
688,1706,4.99,20050616,176,2,2
690,2416,3.99,20050618,176,2,2
691,2421,6.99,20050618,176,2,2
697,4402,0.99,20050707,176,2,2
703,6243,2.99,20050711,176,2,2
704,7328,0.99,20050727,176,2,2
709,11314,2.99,20050802,176,2,2
712,13111,4.99,20050819,176,2,2
713,14183,4.99,20050821,176,2,2
714,14192,8.99,20050821,176,2,2
715,14603,1.99,20050821,176,2,2
719,787,2.99,20050529,398,2,2
721,1480,4.99,20050615,398,2,2
722,1699,2.99,20050616,398,2,2
723,1960,3.99,20050617,398,2,2
724,2512,2.99,20050618,398,2,2
727,3420,3.99,20050621,398,2,2
728,4038,0.99,20050707,398,2,2
732,6115,0.99,20050711,398,2,2
733,6562,5.99,20050712,398,2,2
734,6658,4.99,20050712,398,2,2
736,9244,0.99,20050730,398,2,2
737,9636,5.99,20050731,398,2,2
744,11740,6.99,20050817,398,2,2
745,12021,5.99,20050817,398,2,2
746,12461,0.99,20050818,398,2,2
748,13816,4.99,20050820,398,2,2
750,388,2.99,20050527,212,2,2
752,1240,2.99,20050615,212,2,2
754,2299,3.99,20050618,212,2,2
755,2604,0.99,20050619,212,2,2
758,4704,0.99,20050708,212,2,2
759,4951,4.99,20050708,212,2,2
760,5653,2.99,20050710,212,2,2
762,6032,0.99,20050711,212,2,2
763,6476,0.99,20050712,212,2,2
767,9544,2.99,20050731,212,2,2
768,9593,4.99,20050731,212,2,2
769,9705,4.99,20050731,212,2,2
770,10116,2.99,20050731,212,2,2
771,10294,6.99,20050801,212,2,2
774,12190,2.99,20050818,212,2,2
777,13783,4.99,20050820,212,2,2
778,14540,2.99,20050821,212,2,2
781,12938,2.99,20060214,212,2,2
782,194,1.99,20050526,299,2,2
787,2801,2.99,20050619,299,2,2
788,2923,2.99,20050620,299,2,2
790,4262,6.99,20050707,299,2,2
792,4535,0.99,20050708,299,2,2
793,5442,10.99,20050709,299,2,2
795,7237,3.99,20050727,299,2,2
798,8673,2.99,20050729,299,2,2
799,9392,4.99,20050730,299,2,2
802,10899,1.99,20050802,299,2,2
804,11962,2.99,20050817,299,2,2
807,12569,6.99,20050818,299,2,2
808,12615,6.99,20050818,299,2,2
809,13173,2.99,20050819,299,2,2
811,13777,2.99,20050820,299,2,2
817,15577,0.99,20060214,299,2,2
818,1874,1.99,20050617,495,2,2
819,1895,2.99,20050617,495,2,2
820,2154,4.99,20050617,495,2,2
821,2730,2.99,20050619,495,2,2
823,4471,2.99,20050708,495,2,2
824,4642,2.99,20050708,495,2,2
825,5028,5.99,20050709,495,2,2
828,5972,7.99,20050711,495,2,2
830,6359,2.99,20050711,495,2,2
831,7394,2.99,20050727,495,2,2
832,7769,4.99,20050728,495,2,2
834,8038,4.99,20050728,495,2,2
837,9309,2.99,20050730,495,2,2
838,9551,0.99,20050731,495,2,2
844,12758,0.99,20050818,495,2,2
851,15829,2.99,20050823,495,2,2
852,1656,4.99,20050616,206,2,2
855,2341,6.99,20050618,206,2,2
857,2438,0.99,20050618,206,2,2
859,2648,4.99,20050619,206,2,2
860,3117,2.99,20050620,206,2,2
861,3172,1.99,20050620,206,2,2
864,3967,4.99,20050706,206,2,2
866,4738,9.99,20050708,206,2,2
868,6580,4.99,20050712,206,2,2
870,7138,3.99,20050727,206,2,2
871,7178,2.99,20050727,206,2,2
872,7464,2.99,20050727,206,2,2
873,8997,0.99,20050730,206,2,2
874,12085,4.99,20050817,206,2,2
876,15682,6.99,20050823,206,2,2
877,15816,6.99,20050823,206,2,2
878,483,4.99,20050527,204,2,2
879,803,4.99,20050529,204,2,2
880,1067,4.99,20050531,204,2,2
881,1887,6.99,20050617,204,2,2
882,2160,0.99,20050617,204,2,2
883,2624,5.99,20050619,204,2,2
884,2891,1.99,20050620,204,2,2
887,4771,2.99,20050708,204,2,2
888,4899,0.99,20050708,204,2,2
893,6450,2.99,20050712,204,2,2
897,8390,5.99,20050729,204,2,2
898,8453,2.99,20050729,204,2,2
899,8914,2.99,20050730,204,2,2
901,11831,4.99,20050817,204,2,2
902,12414,9.99,20050818,204,2,2
906,14570,5.99,20050821,204,2,2
909,3173,8.99,20050620,266,2,2
913,6280,0.99,20050711,266,2,2
916,9085,4.99,20050730,266,2,2
918,10335,2.99,20050801,266,2,2
926,15115,2.99,20050822,266,2,2
929,2257,5.99,20050618,287,2,2
931,3508,3.99,20050706,287,2,2
934,5643,4.99,20050710,287,2,2
935,5918,5.99,20050710,287,2,2
936,7015,2.99,20050727,287,2,2
937,7124,2.99,20050727,287,2,2
942,11096,0.99,20050802,287,2,2
944,11701,4.99,20050817,287,2,2
945,12286,2.99,20050818,287,2,2
949,13949,2.99,20050820,287,2,2
951,14701,7.99,20050821,287,2,2
952,47,3.99,20050525,161,2,2
959,3112,4.99,20050620,161,2,2
960,3597,2.99,20050706,161,2,2
961,4098,4.99,20050707,161,2,2
962,4990,0.99,20050709,161,2,2
964,5323,0.99,20050709,161,2,2
974,9033,2.99,20050730,161,2,2
982,14124,2.99,20050821,161,2,2
983,14735,4.99,20050821,161,2,2
986,2741,0.99,20050619,253,2,2
987,4135,0.99,20050707,253,2,2
988,4560,4.99,20050708,253,2,2
989,4762,4.99,20050708,253,2,2
991,6030,0.99,20050711,253,2,2
994,7919,6.99,20050728,253,2,2
995,8099,0.99,20050728,253,2,2
999,9805,0.99,20050731,253,2,2
1000,10525,2.99,20050801,253,2,2
1001,10761,2.99,20050801,253,2,2
1003,10964,6.99,20050802,253,2,2
1004,11616,4.99,20050817,253,2,2
1006,13562,2.99,20050820,253,2,2
1007,13564,1.99,20050820,253,2,2
1010,15657,4.99,20050823,253,2,2
1014,1812,1.99,20050616,107,2,2
1015,1854,3.99,20050617,107,2,2
1016,3472,7.99,20050705,107,2,2
1019,7939,0.99,20050728,107,2,2
1025,13147,4.99,20050819,107,2,2
1026,13444,0.99,20050820,107,2,2
1027,13493,3.99,20050820,107,2,2
1028,14025,8.99,20050820,107,2,2
1030,14532,2.99,20050821,107,2,2
1033,16035,0.99,20050823,107,2,2
1034,1250,2.99,20050615,348,2,2
1036,2605,1.99,20050619,348,2,2
1037,3003,4.99,20050620,348,2,2
1038,3392,3.99,20050621,348,2,2
1040,4228,1.99,20050707,348,2,2
1042,4644,4.99,20050708,348,2,2
1044,5460,2.99,20050709,348,2,2
1048,7158,4.99,20050727,348,2,2
1049,7163,5.99,20050727,348,2,2
1050,7321,5.99,20050727,348,2,2
1052,8924,3.99,20050730,348,2,2
1053,9216,0.99,20050730,348,2,2
1056,10111,2.99,20050731,348,2,2
1057,10524,6.99,20050801,348,2,2
1058,11049,3.99,20050802,348,2,2
1061,12092,0.99,20050817,348,2,2
1062,12187,1.99,20050818,348,2,2
1064,14632,2.99,20050821,348,2,2
1070,2135,0.99,20050617,62,2,2
1071,2439,4.99,20050618,62,2,2
1075,4695,8.99,20050708,62,2,2
1076,4712,6.99,20050708,62,2,2
1077,4727,7.99,20050708,62,2,2
1079,5515,2.99,20050710,62,2,2
1081,8307,6.99,20050729,62,2,2
1082,8366,1.99,20050729,62,2,2
1083,8723,7.99,20050729,62,2,2
1087,10052,4.99,20050731,62,2,2
1090,10269,4.99,20050801,62,2,2
1091,10630,0.99,20050801,62,2,2
1093,12268,0.99,20050818,62,2,2
1094,12459,4.99,20050818,62,2,2
1095,13101,7.99,20050819,62,2,2
1096,15124,5.99,20050822,62,2,2
1098,2470,7.99,20050618,350,2,2
1099,2896,2.99,20050620,350,2,2
1102,5001,1.99,20050709,350,2,2
1103,5777,2.99,20050710,350,2,2
1106,7684,0.99,20050728,350,2,2
1107,8031,0.99,20050728,350,2,2
1108,8170,3.99,20050728,350,2,2
1110,9700,4.99,20050731,350,2,2
1111,9961,6.99,20050731,350,2,2
1114,11919,0.99,20050817,350,2,2
1115,11948,3.99,20050817,350,2,2
1116,12396,9.99,20050818,350,2,2
1117,12877,2.99,20050819,350,2,2
1125,3246,7.99,20050621,22,2,2
1126,3827,2.99,20050706,22,2,2
1127,4294,9.99,20050707,22,2,2
1131,7153,4.99,20050727,22,2,2
1133,8008,6.99,20050728,22,2,2
1136,8225,2.99,20050728,22,2,2
1138,9313,5.99,20050730,22,2,2
1141,10495,4.99,20050801,22,2,2
1143,12147,2.99,20050818,22,2,2
1144,12173,3.99,20050818,22,2,2
1145,12821,0.99,20050819,22,2,2
1146,14539,7.99,20050821,22,2,2
1147,15860,4.99,20050823,22,2,2
1150,1534,0.99,20050616,504,2,2
1151,2056,2.99,20050617,504,2,2
1154,4391,2.99,20050707,504,2,2
1155,5199,4.99,20050709,504,2,2
1156,5517,5.99,20050710,504,2,2
1157,5652,3.99,20050710,504,2,2
1166,8785,2.99,20050729,504,2,2
1167,8852,3.99,20050729,504,2,2
1168,8915,3.99,20050730,504,2,2
1169,10060,6.99,20050731,504,2,2
1170,10345,2.99,20050801,504,2,2
1171,10845,2.99,20050801,504,2,2
1174,12499,2.99,20050818,504,2,2
1179,123,4.99,20050525,163,2,2
1181,1544,4.99,20050616,163,2,2
1182,3683,1.99,20050706,163,2,2
1187,5941,4.99,20050710,163,2,2
1189,6680,0.99,20050712,163,2,2
1191,7868,4.99,20050728,163,2,2
1192,8376,4.99,20050729,163,2,2
1197,14837,4.99,20050822,163,2,2
1198,15155,4.99,20050822,163,2,2
1199,15800,6.99,20050823,163,2,2
1200,15945,2.99,20050823,163,2,2
1201,15644,3.98,20060214,163,2,2
1206,721,0.99,20050529,440,2,2
1211,2866,4.99,20050620,440,2,2
1212,4390,0.99,20050707,440,2,2
1213,4723,9.99,20050708,440,2,2
1216,5849,6.99,20050710,440,2,2
1217,5909,4.99,20050710,440,2,2
1219,7526,6.99,20050727,440,2,2
1220,8775,4.99,20050729,440,2,2
1223,12345,3.99,20050818,440,2,2
1226,12982,4.99,20050819,440,2,2
1227,15054,2.99,20050822,440,2,2
1228,13428,4.99,20060214,440,2,2
1229,277,2.99,20050526,77,2,2
1231,1979,2.99,20050617,77,2,2
1232,2722,4.99,20050619,77,2,2
1234,3444,0.99,20050621,77,2,2
1239,6001,0.99,20050711,77,2,2
1240,6002,2.99,20050711,77,2,2
1245,10878,6.99,20050802,77,2,2
1248,11483,2.99,20050802,77,2,2
1249,11488,3.99,20050802,77,2,2
1252,13394,4.99,20050819,77,2,2
1255,16037,7.99,20050823,77,2,2
1256,401,2.99,20050527,443,2,2
1257,432,4.99,20050527,443,2,2
1260,1214,4.99,20050615,443,2,2
1261,2144,0.99,20050617,443,2,2
1263,2965,8.99,20050620,443,2,2
1264,2975,4.99,20050620,443,2,2
1265,3439,4.99,20050621,443,2,2
1266,3855,2.99,20050706,443,2,2
1268,5698,4.99,20050710,443,2,2
1270,8152,3.99,20050728,443,2,2
1271,9045,8.99,20050730,443,2,2
1272,9806,2.99,20050731,443,2,2
1274,10428,4.99,20050801,443,2,2
1278,12095,4.99,20050817,443,2,2
1279,12238,2.99,20050818,443,2,2
1280,12280,4.99,20050818,443,2,2
1282,12455,4.99,20050818,443,2,2
1284,14144,4.99,20050821,443,2,2
1285,14528,6.99,20050821,443,2,2
1290,175,3.99,20050526,50,2,2
1291,207,4.99,20050526,50,2,2
1295,3320,5.99,20050621,50,2,2
1297,4064,5.99,20050707,50,2,2
1299,6153,9.99,20050711,50,2,2
1300,6164,0.99,20050711,50,2,2
1302,8159,4.99,20050728,50,2,2
1303,8402,6.99,20050729,50,2,2
1305,9274,4.99,20050730,50,2,2
1307,11477,5.99,20050802,50,2,2
1309,12274,7.99,20050818,50,2,2
1311,15846,2.99,20050823,50,2,2
1312,72,0.99,20050525,445,2,2
1315,1689,9.99,20050616,445,2,2
1316,2822,0.99,20050619,445,2,2
1317,3758,4.99,20050706,445,2,2
1319,5148,6.99,20050709,445,2,2
1320,6498,3.99,20050712,445,2,2
1324,9742,7.99,20050731,445,2,2
1325,10276,2.99,20050801,445,2,2
1326,14450,1.99,20050821,445,2,2
1327,14536,2.99,20050821,445,2,2
1329,96,1.99,20050525,458,2,2
1331,846,2.99,20050530,458,2,2
1332,1010,4.99,20050531,458,2,2
1334,1237,9.99,20050615,458,2,2
1335,1688,0.99,20050616,458,2,2
1336,1777,6.99,20050616,458,2,2
1337,3235,4.99,20050621,458,2,2
1338,3575,4.99,20050706,458,2,2
1339,3615,0.99,20050706,458,2,2
1344,6759,4.99,20050712,458,2,2
1345,7209,4.99,20050727,458,2,2
1346,7742,8.99,20050728,458,2,2
1347,8553,10.99,20050729,458,2,2
1348,9006,0.99,20050730,458,2,2
1354,14168,5.99,20050821,458,2,2
1361,1136,4.99,20050531,485,2,2
1364,3000,0.99,20050620,485,2,2
1365,3169,2.99,20050620,485,2,2
1366,4149,2.99,20050707,485,2,2
1367,5290,4.99,20050709,485,2,2
1368,5641,4.99,20050710,485,2,2
1369,5681,9.99,20050710,485,2,2
1371,6634,0.99,20050712,485,2,2
1377,9179,0.99,20050730,485,2,2
1379,9691,10.99,20050731,485,2,2
1380,10046,2.99,20050731,485,2,2
1381,10165,0.99,20050731,485,2,2
1382,10180,6.99,20050731,485,2,2
1383,10261,4.99,20050801,485,2,2
1384,10485,7.99,20050801,485,2,2
1385,11053,3.99,20050802,485,2,2
1387,13136,7.99,20050819,485,2,2
1389,15138,2.99,20050822,485,2,2
1390,15388,6.99,20050822,485,2,2
1392,119,4.99,20050525,557,2,2
1394,1028,4.99,20050531,557,2,2
1395,1373,1.99,20050615,557,2,2
1399,5304,5.99,20050709,557,2,2
1408,9649,0.99,20050731,557,2,2
1409,10244,4.99,20050801,557,2,2
1413,11685,4.99,20050817,557,2,2
1414,11751,6.99,20050817,557,2,2
1417,13098,2.99,20050819,557,2,2
1420,13882,2.99,20050820,557,2,2
1421,14221,6.99,20050821,557,2,2
1422,14512,4.99,20050821,557,2,2
1427,2232,0.99,20050618,478,2,2
1429,3196,4.99,20050621,478,2,2
1432,5313,3.99,20050709,478,2,2
1435,7284,0.99,20050727,478,2,2
1436,7438,5.99,20050727,478,2,2
1437,7627,4.99,20050728,478,2,2
1440,9749,3.99,20050731,478,2,2
1441,9797,4.99,20050731,478,2,2
1442,10591,0.99,20050801,478,2,2
1446,12200,2.99,20050818,478,2,2
1447,12520,0.99,20050818,478,2,2
1448,13090,5.99,20050819,478,2,2
1449,14820,2.99,20050822,478,2,2
1451,14961,6.99,20050822,478,2,2
1452,15891,5.99,20050823,478,2,2
1457,783,5.99,20050529,291,2,2
1458,856,9.99,20050530,291,2,2
1463,3140,2.99,20050620,291,2,2
1464,3244,0.99,20050621,291,2,2
1465,3591,2.99,20050706,291,2,2
1466,3898,4.99,20050706,291,2,2
1467,5185,2.99,20050709,291,2,2
1468,7466,2.99,20050727,291,2,2
1476,13789,2.99,20050820,291,2,2
1478,14091,0.99,20050821,291,2,2
1479,14119,5.99,20050821,291,2,2
1481,14811,0.99,20050822,291,2,2
1482,11657,7.98,20060214,291,2,2
1484,198,4.99,20050526,280,2,2
1485,441,4.99,20050527,280,2,2
1486,545,3.99,20050528,280,2,2
1489,2323,6.99,20050618,280,2,2
1491,4657,4.99,20050708,280,2,2
1492,5055,1.99,20050709,280,2,2
1496,6560,2.99,20050712,280,2,2
1498,8992,4.99,20050730,280,2,2
1499,10489,5.99,20050801,280,2,2
1500,10882,5.99,20050802,280,2,2
1503,11887,2.99,20050817,280,2,2
1505,12775,5.99,20050818,280,2,2
1507,12872,0.99,20050819,280,2,2
1508,13315,2.99,20050819,280,2,2
1516,1825,2.99,20050616,427,2,2
1517,2062,2.99,20050617,427,2,2
1522,6314,7.99,20050711,427,2,2
1523,7050,4.99,20050727,427,2,2
1524,8288,6.99,20050729,427,2,2
1526,9596,5.99,20050731,427,2,2
1527,9798,2.99,20050731,427,2,2
1528,11287,1.99,20050802,427,2,2
1531,12972,1.99,20050819,427,2,2
1539,1795,6.99,20050616,164,2,2
1544,3771,2.99,20050706,164,2,2
1546,4702,4.99,20050708,164,2,2
1550,7942,0.99,20050728,164,2,2
1552,10356,6.99,20050801,164,2,2
1553,10678,0.99,20050801,164,2,2
1557,12537,1.99,20050818,164,2,2
1558,12713,4.99,20050818,164,2,2
1559,13560,8.99,20050820,164,2,2
1561,14291,3.99,20050821,164,2,2
1562,14534,0.99,20050821,164,2,2
1563,15702,7.99,20050823,164,2,2
1564,15714,4.99,20060214,164,2,2
1565,152,9.99,20050526,311,2,2
1566,943,4.99,20050530,311,2,2
1570,2910,7.99,20050620,311,2,2
1573,4226,4.99,20050707,311,2,2
1576,5948,2.99,20050710,311,2,2
1577,6482,4.99,20050712,311,2,2
1579,6649,4.99,20050712,311,2,2
1580,8249,5.99,20050729,311,2,2
1582,9136,0.99,20050730,311,2,2
1585,9812,2.99,20050731,311,2,2
1586,10169,4.99,20050731,311,2,2
1587,12925,5.99,20050819,311,2,2
1588,13163,0.99,20050819,311,2,2
1589,13743,0.99,20050820,311,2,2
1590,13929,9.99,20050820,311,2,2
1591,15571,0.99,20050823,311,2,2
1592,15871,9.99,20050823,311,2,2
1594,276,7.99,20050526,316,2,2
1595,761,0.99,20050529,316,2,2
1597,2543,0.99,20050619,316,2,2
1600,4131,4.99,20050707,316,2,2
1601,5439,1.99,20050709,316,2,2
1603,7487,4.99,20050727,316,2,2
1605,9561,2.99,20050731,316,2,2
1606,10037,2.99,20050731,316,2,2
1608,10256,4.99,20050801,316,2,2
1611,12292,8.99,20050818,316,2,2
1615,13973,4.99,20050820,316,2,2
1616,14305,5.99,20050821,316,2,2
1619,15326,0.99,20060214,316,2,2
1620,212,4.99,20050526,213,2,2
1621,951,2.99,20050530,213,2,2
1626,4148,2.99,20050707,213,2,2
1630,5195,8.99,20050709,213,2,2
1634,8643,4.99,20050729,213,2,2
1636,9573,6.99,20050731,213,2,2
1637,11396,4.99,20050802,213,2,2
1639,13282,2.99,20050819,213,2,2
1641,13921,4.99,20050820,213,2,2
1644,15271,5.99,20050822,213,2,2
1645,15744,4.99,20050823,213,2,2
1646,15905,2.99,20050823,213,2,2
1648,706,1.99,20050529,203,2,2
1649,934,2.99,20050530,203,2,2
1650,1482,4.99,20050615,203,2,2
1651,2394,4.99,20050618,203,2,2
1652,3473,2.99,20050705,203,2,2
1655,7067,0.99,20050727,203,2,2
1660,10680,0.99,20050801,203,2,2
1664,12614,7.99,20050818,203,2,2
1670,12489,9.98,20060214,203,2,2
1671,14741,0.00,20060214,203,2,2
1674,7071,1.99,20050727,487,2,2
1675,8029,6.99,20050728,487,2,2
1676,8075,4.99,20050728,487,2,2
1678,9597,6.99,20050731,487,2,2
1679,10549,0.99,20050801,487,2,2
1680,11379,2.99,20050802,487,2,2
1684,15089,6.99,20050822,487,2,2
1686,885,0.99,20050530,572,2,2
1688,1241,6.99,20050615,572,2,2
1691,3021,4.99,20050620,572,2,2
1695,3843,2.99,20050706,572,2,2
1696,4159,4.99,20050707,572,2,2
1697,5292,2.99,20050709,572,2,2
1698,8360,4.99,20050729,572,2,2
1699,10080,0.99,20050731,572,2,2
1703,13512,8.99,20050820,572,2,2
1704,14574,1.99,20050821,572,2,2
1705,14594,2.99,20050821,572,2,2
1706,14821,4.99,20050822,572,2,2
1709,1818,0.99,20050616,566,2,2
1710,3923,8.99,20050706,566,2,2
1713,5788,4.99,20050710,566,2,2
1714,5832,4.99,20050710,566,2,2
1715,6769,3.99,20050712,566,2,2
1716,6847,8.99,20050712,566,2,2
1717,8311,5.99,20050729,566,2,2
1718,9007,0.99,20050730,566,2,2
1720,9549,3.99,20050731,566,2,2
1722,9938,2.99,20050731,566,2,2
1723,10148,0.99,20050731,566,2,2
1726,12342,2.99,20050818,566,2,2
1727,12515,0.99,20050818,566,2,2
1737,1335,0.99,20050615,85,2,2
1739,3982,0.99,20050706,85,2,2
1742,4819,5.99,20050708,85,2,2
1743,4971,5.99,20050708,85,2,2
1745,5279,2.99,20050709,85,2,2
1747,6372,2.99,20050711,85,2,2
1748,6457,0.99,20050712,85,2,2
1749,6698,1.99,20050712,85,2,2
1750,6744,0.99,20050712,85,2,2
1751,7045,0.99,20050727,85,2,2
1754,8602,4.99,20050729,85,2,2
1758,10185,0.99,20050801,85,2,2
1759,10714,4.99,20050801,85,2,2
1765,14316,0.99,20050821,85,2,2
1766,13333,4.99,20060214,85,2,2
1768,657,0.99,20050528,162,2,2
1773,4635,3.99,20050708,162,2,2
1775,6527,0.99,20050712,162,2,2
1777,8392,1.99,20050729,162,2,2
1778,8404,5.99,20050729,162,2,2
1780,11100,5.99,20050802,162,2,2
1782,11461,4.99,20050802,162,2,2
1783,11845,2.99,20050817,162,2,2
1786,13692,0.99,20050820,162,2,2
1787,14140,6.99,20050821,162,2,2
1789,933,4.99,20050530,486,2,2
1793,2571,2.99,20050619,486,2,2
1796,3395,6.99,20050621,486,2,2
1798,3757,2.99,20050706,486,2,2
1799,4088,2.99,20050707,486,2,2
1801,4165,6.99,20050707,486,2,2
1802,4911,5.99,20050708,486,2,2
1803,5915,0.99,20050710,486,2,2
1805,6348,5.99,20050711,486,2,2
1811,11028,5.99,20050802,486,2,2
1812,11360,2.99,20050802,486,2,2
1817,14123,2.99,20050821,486,2,2
1819,14351,2.99,20050821,486,2,2
1820,14429,0.99,20050821,486,2,2
1821,15026,4.99,20050822,486,2,2
1823,331,9.99,20050527,122,2,2
1827,2810,0.99,20050619,122,2,2
1829,4090,4.99,20050707,122,2,2
1830,5399,2.99,20050709,122,2,2
1831,5510,2.99,20050710,122,2,2
1833,7277,5.99,20050727,122,2,2
1834,7895,0.99,20050728,122,2,2
1835,8563,1.99,20050729,122,2,2
1839,13437,4.99,20050819,122,2,2
1841,13791,4.99,20050820,122,2,2
1842,13837,2.99,20050820,122,2,2
1843,14967,4.99,20050822,122,2,2
1844,15085,2.99,20050822,122,2,2
1845,1828,5.99,20050616,229,2,2
1846,1957,8.99,20050617,229,2,2
1847,2633,2.99,20050619,229,2,2
1848,2662,4.99,20050619,229,2,2
1851,3801,4.99,20050706,229,2,2
1853,4555,6.99,20050708,229,2,2
1856,9339,3.99,20050730,229,2,2
1858,9642,4.99,20050731,229,2,2
1861,12742,2.99,20050818,229,2,2
1862,13475,4.99,20050820,229,2,2
1863,14242,0.99,20050821,229,2,2
1864,14455,5.99,20050821,229,2,2
1867,584,4.99,20050528,3,2,2
1868,765,1.99,20050529,3,2,2
1874,5569,3.99,20050710,3,2,2
1875,6297,4.99,20050711,3,2,2
1877,6785,6.99,20050712,3,2,2
1878,8649,6.99,20050729,3,2,2
1879,9193,2.99,20050730,3,2,2
1881,10074,0.99,20050731,3,2,2
1887,14311,3.99,20050821,3,2,2
1888,14685,0.99,20050821,3,2,2
1889,14767,2.99,20050821,3,2,2
1891,11995,0.99,20060214,3,2,2
1892,1044,4.99,20050531,456,2,2
1896,7036,4.99,20050727,456,2,2
1897,7421,7.99,20050727,456,2,2
1899,8550,0.99,20050729,456,2,2
1904,12218,4.99,20050818,456,2,2
1907,13680,4.99,20050820,456,2,2
1908,15238,0.99,20050822,456,2,2
1912,1873,2.99,20050617,393,2,2
1914,3345,5.99,20050621,393,2,2
1915,4614,4.99,20050708,393,2,2
1916,5281,1.99,20050709,393,2,2
1917,5358,3.99,20050709,393,2,2
1920,5814,4.99,20050710,393,2,2
1921,6020,0.99,20050711,393,2,2
1923,7160,0.99,20050727,393,2,2
1925,7982,4.99,20050728,393,2,2
1926,8128,2.99,20050728,393,2,2
1936,14781,4.99,20050822,393,2,2
1937,14904,3.99,20050822,393,2,2
1940,785,4.99,20050529,407,2,2
1941,845,4.99,20050530,407,2,2
1942,1047,0.99,20050531,407,2,2
1943,2294,4.99,20050618,407,2,2
1945,5223,4.99,20050709,407,2,2
1949,6081,0.99,20050711,407,2,2
1950,8228,4.99,20050729,407,2,2
1952,9420,5.99,20050730,407,2,2
1953,9648,4.99,20050731,407,2,2
1954,10267,0.99,20050801,407,2,2
1955,11206,6.99,20050802,407,2,2
1956,11422,5.99,20050802,407,2,2
1960,12020,2.99,20050817,407,2,2
1962,12593,0.99,20050818,407,2,2
1964,13327,4.99,20050819,407,2,2
1965,13597,0.99,20050820,407,2,2
1966,13660,4.99,20050820,407,2,2
1968,15110,0.99,20050822,407,2,2
1969,15146,2.99,20050822,407,2,2
1971,1133,4.99,20050531,491,2,2
1973,2940,4.99,20050620,491,2,2
1974,4327,2.99,20050707,491,2,2
1976,5021,4.99,20050709,491,2,2
1984,10434,4.99,20050801,491,2,2
1986,11155,0.99,20050802,491,2,2
1987,11349,4.99,20050802,491,2,2
1988,11609,3.99,20050817,491,2,2
1989,12291,4.99,20050818,491,2,2
1992,16002,2.99,20050823,491,2,2
1993,13108,2.99,20060214,491,2,2
1994,1121,6.99,20050531,56,2,2
1996,2517,0.99,20050619,56,2,2
1998,3445,7.99,20050621,56,2,2
1999,3819,3.99,20050706,56,2,2
2001,5603,2.99,20050710,56,2,2
2002,5917,4.99,20050710,56,2,2
2006,8796,5.99,20050729,56,2,2
2007,9112,4.99,20050730,56,2,2
2008,10051,3.99,20050731,56,2,2
2010,12374,3.99,20050818,56,2,2
2011,12477,3.99,20050818,56,2,2
2012,13335,0.99,20050819,56,2,2
2013,13520,0.99,20050820,56,2,2
2015,13747,5.99,20050820,56,2,2
2017,15325,4.99,20050822,56,2,2
2018,15500,0.99,20050823,56,2,2
2019,15739,4.99,20050823,56,2,2
2022,268,0.99,20050526,490,2,2
2025,2738,4.99,20050619,490,2,2
2026,3062,6.99,20050620,490,2,2
2029,4179,2.99,20050707,490,2,2
2030,4511,0.99,20050708,490,2,2
2032,5260,2.99,20050709,490,2,2
2033,6052,0.99,20050711,490,2,2
2036,6530,0.99,20050712,490,2,2
2037,6852,2.99,20050712,490,2,2
2041,7897,2.99,20050728,490,2,2
2042,8202,1.99,20050728,490,2,2
2044,9168,5.99,20050730,490,2,2
2045,9442,4.99,20050730,490,2,2
2046,9501,4.99,20050730,490,2,2
2048,10653,5.99,20050801,490,2,2
2053,12239,0.99,20050818,490,2,2
2058,15928,5.99,20050823,490,2,2
2059,13534,8.97,20060214,490,2,2
2061,15191,0.00,20060214,490,2,2
2062,574,1.99,20050528,304,2,2
2064,1487,0.99,20050615,304,2,2
2066,2111,0.99,20050617,304,2,2
2067,2397,1.99,20050618,304,2,2
2069,3416,0.99,20050621,304,2,2
2070,4099,4.99,20050707,304,2,2
2071,5571,0.99,20050710,304,2,2
2072,6789,0.99,20050712,304,2,2
2073,8253,6.99,20050729,304,2,2
2074,8357,2.99,20050729,304,2,2
2075,8405,3.99,20050729,304,2,2
2077,9312,2.99,20050730,304,2,2
2078,10082,0.99,20050731,304,2,2
2079,10795,4.99,20050801,304,2,2
2080,11172,7.99,20050802,304,2,2
2081,13697,3.99,20050820,304,2,2
2083,15169,4.99,20050822,304,2,2
2085,319,2.99,20050526,40,2,2
2087,561,2.99,20050528,40,2,2
2092,2452,8.99,20050618,40,2,2
2094,3238,0.99,20050621,40,2,2
2095,4928,0.99,20050708,40,2,2
2096,6168,0.99,20050711,40,2,2
2097,6390,2.99,20050711,40,2,2
2100,8942,4.99,20050730,40,2,2
2102,10184,4.99,20050801,40,2,2
2105,10991,0.99,20050802,40,2,2
2107,11767,7.99,20050817,40,2,2
2109,12328,1.99,20050818,40,2,2
2110,13752,9.99,20050820,40,2,2
2111,14530,4.99,20050821,40,2,2
2112,15359,2.99,20050822,40,2,2
2114,2949,6.99,20050620,222,2,2
2115,3248,7.99,20050621,222,2,2
2117,4227,5.99,20050707,222,2,2
2118,4627,2.99,20050708,222,2,2
2119,4778,0.99,20050708,222,2,2
2121,5604,0.99,20050710,222,2,2
2124,7200,1.99,20050727,222,2,2
2125,7747,4.99,20050728,222,2,2
2126,7926,3.99,20050728,222,2,2
2128,8920,4.99,20050730,222,2,2
2130,10350,3.99,20050801,222,2,2
2134,12474,8.99,20050818,222,2,2
2135,12653,4.99,20050818,222,2,2
2136,13124,5.99,20050819,222,2,2
2138,13792,5.99,20050820,222,2,2
2139,14620,2.99,20050821,222,2,2
2142,14862,7.99,20050822,222,2,2
2143,16039,2.99,20050823,222,2,2
2147,3096,4.99,20050620,284,2,2
2148,3178,2.99,20050620,284,2,2
2151,4049,4.99,20050707,284,2,2
2153,4736,4.99,20050708,284,2,2
2154,5205,2.99,20050709,284,2,2
2156,6162,5.99,20050711,284,2,2
2160,9845,6.99,20050731,284,2,2
2163,11641,4.99,20050817,284,2,2
2164,13026,2.99,20050819,284,2,2
2167,2805,8.99,20050619,368,2,2
2169,3623,4.99,20050706,368,2,2
2170,4268,8.99,20050707,368,2,2
2171,4299,3.99,20050707,368,2,2
2173,5420,3.99,20050709,368,2,2
2174,5452,4.99,20050709,368,2,2
2176,6417,6.99,20050711,368,2,2
2177,6707,1.99,20050712,368,2,2
2178,7558,0.99,20050727,368,2,2
2184,11101,5.99,20050802,368,2,2
2185,11839,0.99,20050817,368,2,2
2187,12468,2.99,20050818,368,2,2
2189,13395,0.99,20050819,368,2,2
2191,13851,0.99,20050820,368,2,2
2195,12457,2.99,20060214,368,2,2
2201,4983,9.99,20050709,313,2,2
2203,7130,4.99,20050727,313,2,2
2205,9454,3.99,20050730,313,2,2
2206,10456,0.99,20050801,313,2,2
2208,12181,4.99,20050818,313,2,2
2209,13820,5.99,20050820,313,2,2
2212,14748,7.99,20050821,313,2,2
2217,15884,1.99,20050823,313,2,2
2218,145,2.99,20050525,529,2,2
2219,288,8.99,20050526,529,2,2
2221,1570,0.99,20050616,529,2,2
2224,3332,0.99,20050621,529,2,2
2227,5746,4.99,20050710,529,2,2
2228,6082,6.99,20050711,529,2,2
2229,6708,6.99,20050712,529,2,2
2230,7733,9.99,20050728,529,2,2
2231,7873,0.99,20050728,529,2,2
2233,9277,3.99,20050730,529,2,2
2237,11688,5.99,20050817,529,2,2
2240,13847,6.99,20050820,529,2,2
2241,14518,0.99,20050821,529,2,2
2242,14892,4.99,20050822,529,2,2
2243,15516,3.99,20050823,529,2,2
2244,222,0.99,20050526,472,2,2
2245,950,0.99,20050530,472,2,2
2246,989,2.99,20050530,472,2,2
2249,1617,3.99,20050616,472,2,2
2250,3230,4.99,20050621,472,2,2
2251,3722,6.99,20050706,472,2,2
2254,5394,6.99,20050709,472,2,2
2255,6194,2.99,20050711,472,2,2
2256,6861,2.99,20050712,472,2,2
2257,7721,0.99,20050728,472,2,2
2258,8729,4.99,20050729,472,2,2
2262,11777,4.99,20050817,472,2,2
2264,12985,5.99,20050819,472,2,2
2266,15498,4.99,20050823,472,2,2
2267,15737,5.99,20050823,472,2,2
2268,11563,4.99,20060214,472,2,2
2269,408,0.99,20050527,320,2,2
2272,1195,0.99,20050615,320,2,2
2273,1320,4.99,20050615,320,2,2
2274,1815,0.99,20050616,320,2,2
2276,2042,0.99,20050617,320,2,2
2277,2409,0.99,20050618,320,2,2
2278,4079,6.99,20050707,320,2,2
2279,4838,6.99,20050708,320,2,2
2283,6259,2.99,20050711,320,2,2
2284,6415,9.99,20050711,320,2,2
2286,8019,4.99,20050728,320,2,2
2288,9074,2.99,20050730,320,2,2
2289,9680,4.99,20050731,320,2,2
2290,10540,0.99,20050801,320,2,2
2292,11220,4.99,20050802,320,2,2
2293,11424,3.99,20050802,320,2,2
2294,11453,7.99,20050802,320,2,2
2295,11899,0.99,20050817,320,2,2
2296,11960,4.99,20050817,320,2,2
2297,12364,4.99,20050818,320,2,2
2298,13115,2.99,20050819,320,2,2
2303,908,4.99,20050530,534,2,2
2306,2794,0.99,20050619,534,2,2
2309,3418,3.99,20050621,534,2,2
2310,4451,0.99,20050707,534,2,2
2314,7906,0.99,20050728,534,2,2
2315,9427,7.99,20050730,534,2,2
2316,9957,4.99,20050731,534,2,2
2320,11067,8.99,20050802,534,2,2
2321,12036,0.99,20050817,534,2,2
2324,13733,0.99,20050820,534,2,2
2326,1640,4.99,20050616,505,2,2
2327,1822,0.99,20050616,505,2,2
2328,1924,2.99,20050617,505,2,2
2332,3270,4.99,20050621,505,2,2
2334,3945,4.99,20050706,505,2,2
2337,5295,0.99,20050709,505,2,2
2339,6872,7.99,20050712,505,2,2
2342,8803,5.99,20050729,505,2,2
2344,9376,4.99,20050730,505,2,2
2345,10252,8.99,20050801,505,2,2
2346,10536,4.99,20050801,505,2,2
2347,10584,6.99,20050801,505,2,2
2348,11916,0.99,20050817,505,2,2
2350,12870,3.99,20050819,505,2,2
2351,13338,4.99,20050819,505,2,2
2354,14122,1.99,20050821,505,2,2
2355,15099,4.99,20050822,505,2,2
2357,15940,5.99,20050823,505,2,2
2358,451,4.99,20050527,137,2,2
2360,1580,4.99,20050616,137,2,2
2362,2408,2.99,20050618,137,2,2
2364,3122,9.99,20050620,137,2,2
2367,5700,4.99,20050710,137,2,2
2369,7599,2.99,20050727,137,2,2
2370,8187,7.99,20050728,137,2,2
2372,8323,4.99,20050729,137,2,2
2373,9060,0.99,20050730,137,2,2
2375,9364,8.99,20050730,137,2,2
2376,10205,4.99,20050801,137,2,2
2383,14024,10.99,20050820,137,2,2
2386,15890,4.99,20050823,137,2,2
2387,12719,4.99,20060214,137,2,2
2388,36,2.99,20050525,473,2,2
2392,3524,0.99,20050706,473,2,2
2393,3620,0.99,20050706,473,2,2
2394,3673,5.99,20050706,473,2,2
2401,8526,2.99,20050729,473,2,2
2405,14097,2.99,20050821,473,2,2
2406,14827,5.99,20050822,473,2,2
2407,15098,3.99,20050822,473,2,2
2409,141,2.99,20050525,15,2,2
2410,588,0.99,20050528,15,2,2
2413,1407,7.99,20050615,15,2,2
2417,4152,4.99,20050707,15,2,2
2420,5144,7.99,20050709,15,2,2
2421,5436,2.99,20050709,15,2,2
2424,7370,7.99,20050727,15,2,2
2425,7729,4.99,20050728,15,2,2
2426,7995,4.99,20050728,15,2,2
2428,8070,2.99,20050728,15,2,2
2429,8972,0.99,20050730,15,2,2
2431,9646,2.99,20050731,15,2,2
2432,9767,0.99,20050731,15,2,2
2433,10164,4.99,20050731,15,2,2
2434,10806,4.99,20050801,15,2,2
2437,12431,2.99,20050818,15,2,2
2441,2033,0.99,20050617,106,2,2
2442,2584,6.99,20050619,106,2,2
2443,3132,0.99,20050620,106,2,2
2444,3729,3.99,20050706,106,2,2
2445,4371,4.99,20050707,106,2,2
2446,5272,0.99,20050709,106,2,2
2447,5539,3.99,20050710,106,2,2
2448,7035,5.99,20050727,106,2,2
2449,7058,1.99,20050727,106,2,2
2454,8870,9.99,20050730,106,2,2
2455,9337,2.99,20050730,106,2,2
2456,10206,7.99,20050801,106,2,2
2459,11231,4.99,20050802,106,2,2
2461,12019,0.99,20050817,106,2,2
2466,15061,0.99,20050822,106,2,2
2467,15217,0.99,20050822,106,2,2
2469,216,5.99,20050526,64,2,2
2473,3384,2.99,20050621,64,2,2
2474,3802,0.99,20050706,64,2,2
2475,4103,2.99,20050707,64,2,2
2479,5025,4.99,20050709,64,2,2
2480,5187,1.99,20050709,64,2,2
2481,5701,0.99,20050710,64,2,2
2484,6860,2.99,20050712,64,2,2
2485,7143,0.99,20050727,64,2,2
2486,7637,0.99,20050728,64,2,2
2489,8873,0.99,20050730,64,2,2
2490,9228,2.99,20050730,64,2,2
2491,9396,4.99,20050730,64,2,2
2492,10008,4.99,20050731,64,2,2
2493,11418,0.99,20050802,64,2,2
2495,13222,4.99,20050819,64,2,2
2496,13309,4.99,20050819,64,2,2
2498,14888,2.99,20050822,64,2,2
2502,15886,4.99,20050823,64,2,2
2506,2084,4.99,20050617,46,2,2
2509,3595,8.99,20050706,46,2,2
2510,3716,7.99,20050706,46,2,2
2512,4828,4.99,20050708,46,2,2
2513,5497,5.99,20050710,46,2,2
2514,5620,7.99,20050710,46,2,2
2516,5919,2.99,20050710,46,2,2
2518,6277,6.99,20050711,46,2,2
2524,11203,4.99,20050802,46,2,2
2525,11245,2.99,20050802,46,2,2
2527,13020,5.99,20050819,46,2,2
2531,14998,4.99,20050822,46,2,2
2532,113,2.99,20050525,130,2,2
2533,420,6.99,20050527,130,2,2
2535,2256,4.99,20050618,130,2,2
2538,5130,4.99,20050709,130,2,2
2539,6287,4.99,20050711,130,2,2
2543,11271,5.99,20050802,130,2,2
2546,13904,2.99,20050820,130,2,2
2550,14333,4.99,20050821,130,2,2
2551,15324,5.99,20050822,130,2,2
2552,15631,2.99,20050823,130,2,2
2554,15913,1.99,20050823,130,2,2
2556,629,4.99,20050528,395,2,2
2557,1213,2.99,20050615,395,2,2
2559,1734,3.99,20050616,395,2,2
2560,2620,4.99,20050619,395,2,2
2562,4044,0.99,20050707,395,2,2
2564,5719,4.99,20050710,395,2,2
2565,5970,4.99,20050711,395,2,2
2566,7809,2.99,20050728,395,2,2
2567,7979,0.99,20050728,395,2,2
2571,14804,1.99,20050822,395,2,2
2577,1174,2.99,20050615,217,2,2
2578,1261,1.99,20050615,217,2,2
2579,3056,2.99,20050620,217,2,2
2580,3426,0.99,20050621,217,2,2
2582,4000,4.99,20050706,217,2,2
2584,7245,5.99,20050727,217,2,2
2590,10446,0.99,20050801,217,2,2
2591,12351,5.99,20050818,217,2,2
2592,13516,7.99,20050820,217,2,2
2593,14203,4.99,20050821,217,2,2
2595,1413,7.99,20050615,545,2,2
2596,1437,0.99,20050615,545,2,2
2598,2973,5.99,20050620,545,2,2
2600,3463,0.99,20050621,545,2,2
2602,3742,2.99,20050706,545,2,2
2607,8125,4.99,20050728,545,2,2
2609,9093,3.99,20050730,545,2,2
2612,10031,4.99,20050731,545,2,2
2613,11864,4.99,20050817,545,2,2
2616,12525,4.99,20050818,545,2,2
2620,15989,4.99,20050823,545,2,2
2621,2083,2.99,20050617,354,2,2
2622,2790,4.99,20050619,354,2,2
2625,3565,0.99,20050706,354,2,2
2626,3818,4.99,20050706,354,2,2
2627,4312,4.99,20050707,354,2,2
2629,5454,4.99,20050709,354,2,2
2632,7182,5.99,20050727,354,2,2
2633,7924,0.99,20050728,354,2,2
2634,8438,2.99,20050729,354,2,2
2637,14323,4.99,20050821,354,2,2
2639,214,3.99,20050526,532,2,2
2641,1590,5.99,20050616,532,2,2
2644,2601,4.99,20050619,532,2,2
2645,3399,4.99,20050621,532,2,2
2646,3682,7.99,20050706,532,2,2
2648,6951,2.99,20050726,532,2,2
2649,7120,3.99,20050727,532,2,2
2652,8622,4.99,20050729,532,2,2
2653,8818,5.99,20050729,532,2,2
2655,10694,3.99,20050801,532,2,2
2657,11007,0.99,20050802,532,2,2
2658,11200,2.99,20050802,532,2,2
2661,12221,5.99,20050818,532,2,2
2662,14459,1.99,20050821,532,2,2
2664,867,0.99,20050530,474,2,2
2667,3780,6.99,20050706,474,2,2
2668,4170,2.99,20050707,474,2,2
2669,4344,4.99,20050707,474,2,2
2671,4800,4.99,20050708,474,2,2
2672,4954,2.99,20050708,474,2,2
2673,5035,2.99,20050709,474,2,2
2677,6662,4.99,20050712,474,2,2
2680,8242,7.99,20050729,474,2,2
2681,8514,0.99,20050729,474,2,2
2682,10388,7.99,20050801,474,2,2
2684,11266,4.99,20050802,474,2,2
2685,12379,0.99,20050818,474,2,2
2686,12869,8.99,20050819,474,2,2
2689,1216,4.99,20050615,432,2,2
2692,3468,6.99,20050621,432,2,2
2693,3602,5.99,20050706,432,2,2
2697,4980,6.99,20050709,432,2,2
2698,5238,4.99,20050709,432,2,2
2699,5355,6.99,20050709,432,2,2
2701,7819,4.99,20050728,432,2,2
2703,8203,0.99,20050728,432,2,2
2704,9048,5.99,20050730,432,2,2
2707,11346,4.99,20050802,432,2,2
2710,15246,3.99,20050822,432,2,2
2711,15021,0.99,20060214,432,2,2
2714,5100,2.99,20050709,455,2,2
2716,5198,2.99,20050709,455,2,2
2718,6433,5.99,20050712,455,2,2
2719,7112,5.99,20050727,455,2,2
2720,7866,8.99,20050728,455,2,2
2722,8825,1.99,20050729,455,2,2
2723,8833,4.99,20050729,455,2,2
2724,9965,6.99,20050731,455,2,2
2725,10218,0.99,20050801,455,2,2
2728,11959,4.99,20050817,455,2,2
2729,12174,2.99,20050818,455,2,2
2731,13370,1.99,20050819,455,2,2
2733,14542,3.99,20050821,455,2,2
2734,15103,2.99,20050822,455,2,2
2735,12141,0.99,20060214,455,2,2
2738,562,1.99,20050528,262,2,2
2739,1215,2.99,20050615,262,2,2
2740,2419,8.99,20050618,262,2,2
2741,3520,1.99,20050706,262,2,2
2742,3630,1.99,20050706,262,2,2
2743,3665,4.99,20050706,262,2,2
2745,4777,3.99,20050708,262,2,2
2749,5509,5.99,20050710,262,2,2
2751,6434,5.99,20050712,262,2,2
2752,7119,0.99,20050727,262,2,2
2753,7247,0.99,20050727,262,2,2
2754,7439,6.99,20050727,262,2,2
2757,9151,3.99,20050730,262,2,2
2759,9295,0.99,20050730,262,2,2
2760,9617,2.99,20050731,262,2,2
2762,10841,1.99,20050801,262,2,2
2763,11099,4.99,20050802,262,2,2
2765,12495,4.99,20050818,262,2,2
2768,16031,3.99,20050823,262,2,2
2771,1396,4.99,20050615,370,2,2
2775,3750,6.99,20050706,370,2,2
2777,4040,6.99,20050707,370,2,2
2780,4872,4.99,20050708,370,2,2
2781,5163,4.99,20050709,370,2,2
2783,6697,6.99,20050712,370,2,2
2784,6949,2.99,20050726,370,2,2
2786,7472,6.99,20050727,370,2,2
2789,9390,4.99,20050730,370,2,2
2790,12942,7.99,20050819,370,2,2
2792,14064,2.99,20050820,370,2,2
2793,14289,4.99,20050821,370,2,2
2794,15401,8.99,20050822,370,2,2
2798,15679,0.99,20050823,370,2,2
2799,16048,8.99,20050823,370,2,2
2801,808,3.99,20050529,160,2,2
2802,1287,3.99,20050615,160,2,2
2804,2928,0.99,20050620,160,2,2
2805,3273,2.99,20050621,160,2,2
2806,4012,4.99,20050707,160,2,2
2807,4438,6.99,20050707,160,2,2
2808,4520,4.99,20050708,160,2,2
2812,7107,2.99,20050727,160,2,2
2815,9996,5.99,20050731,160,2,2
2823,15186,0.99,20050822,160,2,2
2825,473,7.99,20050527,524,2,2
2828,1789,3.99,20050616,524,2,2
2829,1991,3.99,20050617,524,2,2
2830,2635,3.99,20050619,524,2,2
2831,5261,4.99,20050709,524,2,2
2833,5542,2.99,20050710,524,2,2
2834,5677,4.99,20050710,524,2,2
2835,6546,4.99,20050712,524,2,2
2837,8980,2.99,20050730,524,2,2
2838,9124,3.99,20050730,524,2,2
2839,9198,5.99,20050730,524,2,2
2840,9210,9.99,20050730,524,2,2
2843,12899,2.99,20050819,524,2,2
2846,14048,0.99,20050820,524,2,2
2847,15624,4.99,20050823,524,2,2
2848,15688,4.99,20050823,524,2,2
2849,15803,2.99,20050823,524,2,2
2850,552,3.99,20050528,430,2,2
2851,1156,0.99,20050531,430,2,2
2855,4277,2.99,20050707,430,2,2
2857,5453,3.99,20050709,430,2,2
2858,6992,0.99,20050727,430,2,2
2862,9072,2.99,20050730,430,2,2
2863,9747,7.99,20050731,430,2,2
2864,10213,8.99,20050801,430,2,2
2867,11436,0.99,20050802,430,2,2
2870,14431,2.99,20050821,430,2,2
2875,1243,2.99,20050615,16,2,2
2876,2693,6.99,20050619,16,2,2
2877,2860,4.99,20050619,16,2,2
2878,2897,3.99,20050620,16,2,2
2880,3120,0.99,20050620,16,2,2
2881,3174,0.99,20050620,16,2,2
2882,3824,6.99,20050706,16,2,2
2883,5311,4.99,20050709,16,2,2
2884,5575,2.99,20050710,16,2,2
2885,5798,3.99,20050710,16,2,2
2886,6131,2.99,20050711,16,2,2
2887,6133,0.99,20050711,16,2,2
2889,6934,6.99,20050726,16,2,2
2890,7447,4.99,20050727,16,2,2
2893,8704,1.99,20050729,16,2,2
2895,9351,2.99,20050730,16,2,2
2897,13361,4.99,20050819,16,2,2
2904,1055,0.99,20050531,332,2,2
2905,1372,4.99,20050615,332,2,2
2909,3116,4.99,20050620,332,2,2
2911,4082,2.99,20050707,332,2,2
2915,5274,6.99,20050709,332,2,2
2917,5806,4.99,20050710,332,2,2
2919,8329,5.99,20050729,332,2,2
2920,8587,4.99,20050729,332,2,2
2922,9755,4.99,20050731,332,2,2
2924,11445,6.99,20050802,332,2,2
2925,11759,2.99,20050817,332,2,2
2927,12625,6.99,20050818,332,2,2
2928,13754,2.99,20050820,332,2,2
2929,14635,3.99,20050821,332,2,2
2930,15556,8.99,20050823,332,2,2
2935,622,3.99,20050528,467,2,2
2940,1581,2.99,20050616,467,2,2
2941,1891,3.99,20050617,467,2,2
2942,2198,6.99,20050618,467,2,2
2943,2679,5.99,20050619,467,2,2
2944,3076,5.99,20050620,467,2,2
2947,5296,2.99,20050709,467,2,2
2948,6920,6.99,20050712,467,2,2
2949,7145,0.99,20050727,467,2,2
2953,10240,0.99,20050801,467,2,2
2954,10892,3.99,20050802,467,2,2
2955,12137,6.99,20050817,467,2,2
2957,15398,7.99,20050822,467,2,2
2958,15677,2.99,20050823,467,2,2
2960,538,1.99,20050528,88,2,2
2961,1528,8.99,20050616,88,2,2
2964,4827,4.99,20050708,88,2,2
2967,7542,0.99,20050727,88,2,2
2970,12585,3.99,20050818,88,2,2
2972,15381,2.99,20050822,88,2,2
2973,505,2.99,20050528,580,2,2
2975,1974,2.99,20050617,580,2,2
2976,1999,1.99,20050617,580,2,2
2977,2297,4.99,20050618,580,2,2
2978,3087,2.99,20050620,580,2,2
2979,3333,2.99,20050621,580,2,2
2980,3485,1.99,20050705,580,2,2
2982,3963,9.99,20050706,580,2,2
2984,4286,0.99,20050707,580,2,2
2986,8525,0.99,20050729,580,2,2
2987,9933,0.99,20050731,580,2,2
2988,10039,2.99,20050731,580,2,2
2989,10602,4.99,20050801,580,2,2
2991,10990,4.99,20050802,580,2,2
2992,11239,2.99,20050802,580,2,2
2993,12196,3.99,20050818,580,2,2
2994,13251,2.99,20050819,580,2,2
2995,13525,5.99,20050820,580,2,2
2997,15174,6.99,20050822,580,2,2
2998,15542,2.99,20060214,580,2,2
3000,701,2.99,20050529,564,2,2
3002,1930,2.99,20050617,564,2,2
3004,3018,2.99,20050620,564,2,2
3007,6550,2.99,20050712,564,2,2
3008,7691,4.99,20050728,564,2,2
3009,7761,4.99,20050728,564,2,2
3011,9321,6.99,20050730,564,2,2
3012,9609,4.99,20050731,564,2,2
3014,9911,3.99,20050731,564,2,2
3016,10596,5.99,20050801,564,2,2
3019,11659,4.99,20050817,564,2,2
3020,11863,3.99,20050817,564,2,2
3021,13611,8.99,20050820,564,2,2
3022,13879,2.99,20050820,564,2,2
3023,14049,5.99,20050820,564,2,2
3025,15304,4.99,20050822,564,2,2
3030,776,0.99,20050529,581,2,2
3031,2077,4.99,20050617,581,2,2
3034,3004,0.99,20050620,581,2,2
3037,3657,5.99,20050706,581,2,2
3039,5189,2.99,20050709,581,2,2
3040,5324,2.99,20050709,581,2,2
3041,5655,4.99,20050710,581,2,2
3045,7468,5.99,20050727,581,2,2
3046,7587,2.99,20050727,581,2,2
3047,9221,6.99,20050730,581,2,2
3048,10181,4.99,20050801,581,2,2
3050,10578,1.99,20050801,581,2,2
3051,11655,7.99,20050817,581,2,2
3054,12817,3.99,20050819,581,2,2
3055,13406,2.99,20050819,581,2,2
3060,889,2.99,20050530,166,2,2
3062,2680,7.99,20050619,166,2,2
3064,3144,5.99,20050620,166,2,2
3069,5624,4.99,20050710,166,2,2
3073,7316,2.99,20050727,166,2,2
3074,7462,2.99,20050727,166,2,2
3075,7565,2.99,20050727,166,2,2
3076,7938,5.99,20050728,166,2,2
3077,8496,4.99,20050729,166,2,2
3081,12326,0.99,20050818,166,2,2
3083,13459,6.99,20050820,166,2,2
3084,14158,5.99,20050821,166,2,2
3088,15646,3.99,20050823,166,2,2
3090,12506,4.99,20060214,166,2,2
3094,1361,0.99,20050615,339,2,2
3095,1515,2.99,20050615,339,2,2
3097,3544,0.99,20050706,339,2,2
3102,6113,2.99,20050711,339,2,2
3106,7355,1.99,20050727,339,2,2
3107,7465,4.99,20050727,339,2,2
3110,9578,0.99,20050731,339,2,2
3111,10022,3.99,20050731,339,2,2
3112,10475,4.99,20050801,339,2,2
3113,10647,2.99,20050801,339,2,2
3114,10919,0.99,20050802,339,2,2
3116,12366,0.99,20050818,339,2,2
3117,13977,0.99,20050820,339,2,2
3119,15452,0.99,20050823,339,2,2
3120,13056,2.99,20060214,339,2,2
3122,1332,0.99,20050615,247,2,2
3123,1533,0.99,20050616,247,2,2
3124,1762,4.99,20050616,247,2,2
3125,1913,4.99,20050617,247,2,2
3128,3908,6.99,20050706,247,2,2
3129,3940,2.99,20050706,247,2,2
3131,4737,4.99,20050708,247,2,2
3132,5169,2.99,20050709,247,2,2
3135,7763,5.99,20050728,247,2,2
3136,9245,6.99,20050730,247,2,2
3138,10250,1.99,20050801,247,2,2
3140,11016,4.99,20050802,247,2,2
3141,12376,2.99,20050818,247,2,2
3142,13146,7.99,20050819,247,2,2
3146,14763,11.99,20050821,247,2,2
3149,1114,0.99,20050531,197,2,2
3151,3218,2.99,20050621,197,2,2
3152,5506,5.99,20050710,197,2,2
3157,10556,2.99,20050801,197,2,2
3159,11467,3.99,20050802,197,2,2
3165,14854,2.99,20050822,197,2,2
3167,351,5.99,20050527,560,2,2
3168,1766,4.99,20050616,560,2,2
3169,2217,0.99,20050618,560,2,2
3177,7956,4.99,20050728,560,2,2
3179,8760,7.99,20050729,560,2,2
3181,10045,1.99,20050731,560,2,2
3182,12538,2.99,20050818,560,2,2
3183,13193,6.99,20050819,560,2,2
3184,14394,5.99,20050821,560,2,2
3185,14595,7.99,20050821,560,2,2
3188,67,0.99,20050525,153,2,2
3190,540,6.99,20050528,153,2,2
3192,2009,2.99,20050617,153,2,2
3193,3388,5.99,20050621,153,2,2
3194,4840,8.99,20050708,153,2,2
3198,6330,0.99,20050711,153,2,2
3199,8140,4.99,20050728,153,2,2
3202,9028,2.99,20050730,153,2,2
3205,10552,2.99,20050801,153,2,2
3207,11377,2.99,20050802,153,2,2
3209,12576,2.99,20050818,153,2,2
3210,12603,3.99,20050818,153,2,2
3211,12842,6.99,20050819,153,2,2
3213,14349,3.99,20050821,153,2,2
3214,14382,2.99,20050821,153,2,2
3215,14643,6.99,20050821,153,2,2
3216,14659,0.99,20050821,153,2,2
3218,15131,3.99,20050822,153,2,2
3219,15171,6.99,20050822,153,2,2
3221,16028,3.99,20050823,153,2,2
3222,68,7.99,20050525,134,2,2
3223,532,0.99,20050528,134,2,2
3226,1932,2.99,20050617,134,2,2
3231,4272,3.99,20050707,134,2,2
3232,4342,0.99,20050707,134,2,2
3233,4666,9.99,20050708,134,2,2
3235,5288,1.99,20050709,134,2,2
3236,6503,0.99,20050712,134,2,2
3238,8046,0.99,20050728,134,2,2
3239,8756,1.99,20050729,134,2,2
3241,9907,6.99,20050731,134,2,2
3242,10161,0.99,20050731,134,2,2
3243,10696,4.99,20050801,134,2,2
3245,11133,0.99,20050802,134,2,2
3246,13167,2.99,20050819,134,2,2
3247,13375,7.99,20050819,134,2,2
3251,14460,9.99,20050821,134,2,2
3252,14969,6.99,20050822,134,2,2
3257,5670,0.99,20050710,195,2,2
3258,6780,4.99,20050712,195,2,2
3259,7114,0.99,20050727,195,2,2
3261,7298,2.99,20050727,195,2,2
3263,8788,1.99,20050729,195,2,2
3264,8875,2.99,20050730,195,2,2
3265,8969,8.99,20050730,195,2,2
3266,10457,5.99,20050801,195,2,2
3267,11720,8.99,20050817,195,2,2
3268,12242,1.99,20050818,195,2,2
3269,12428,3.99,20050818,195,2,2
3270,12734,1.99,20050818,195,2,2
3272,12892,0.99,20050819,195,2,2
3275,14412,9.99,20050821,195,2,2
3277,15114,7.99,20050822,195,2,2
3280,853,0.99,20050530,391,2,2
3281,1135,4.99,20050531,391,2,2
3283,1442,7.99,20050615,391,2,2
3284,2240,3.99,20050618,391,2,2
3287,2595,4.99,20050619,391,2,2
3288,2834,1.99,20050619,391,2,2
3290,3986,4.99,20050706,391,2,2
3293,5235,6.99,20050709,391,2,2
3294,6231,0.99,20050711,391,2,2
3297,6974,7.99,20050727,391,2,2
3299,7950,4.99,20050728,391,2,2
3301,8177,0.99,20050728,391,2,2
3303,9910,4.99,20050731,391,2,2
3305,11044,3.99,20050802,391,2,2
3306,11197,2.99,20050802,391,2,2
3307,12476,4.99,20050818,391,2,2
3308,12711,4.99,20050818,391,2,2
3311,14666,5.99,20050821,391,2,2
3313,1490,4.99,20050615,236,2,2
3315,1775,4.99,20050616,236,2,2
3316,1951,0.99,20050617,236,2,2
3320,7535,4.99,20050727,236,2,2
3322,7768,0.99,20050728,236,2,2
3325,8699,4.99,20050729,236,2,2
3326,9529,4.99,20050731,236,2,2
3328,10295,8.99,20050801,236,2,2
3332,15152,7.99,20050822,236,2,2
3333,15525,4.99,20050823,236,2,2
3335,15787,2.99,20050823,236,2,2
3337,1039,4.99,20050531,516,2,2
3338,1057,3.99,20050531,516,2,2
3339,1130,5.99,20050531,516,2,2
3340,2336,1.99,20050618,516,2,2
3342,4709,2.99,20050708,516,2,2
3346,7700,8.99,20050728,516,2,2
3347,8524,0.99,20050729,516,2,2
3349,11493,5.99,20050802,516,2,2
3351,14737,0.99,20050821,516,2,2
3352,15266,4.99,20050822,516,2,2
3353,16023,0.99,20050823,516,2,2
3354,185,3.99,20050526,462,2,2
3361,5523,7.99,20050710,462,2,2
3363,6268,6.99,20050711,462,2,2
3365,7879,0.99,20050728,462,2,2
3366,7922,0.99,20050728,462,2,2
3367,8375,2.99,20050729,462,2,2
3372,9504,0.99,20050731,462,2,2
3374,9734,2.99,20050731,462,2,2
3377,11279,7.99,20050802,462,2,2
3382,12262,2.99,20050818,462,2,2
3383,13441,6.99,20050819,462,2,2
3384,14456,2.99,20050821,462,2,2
3388,1054,4.99,20050531,54,2,2
3390,3502,5.99,20050706,54,2,2
3394,4730,2.99,20050708,54,2,2
3395,5137,0.99,20050709,54,2,2
3398,6755,6.99,20050712,54,2,2
3402,10032,4.99,20050731,54,2,2
3404,11613,4.99,20050817,54,2,2
3407,12991,2.99,20050819,54,2,2
3408,13015,7.99,20050819,54,2,2
3409,13177,0.99,20050819,54,2,2
3410,14477,2.99,20050821,54,2,2
3411,14577,2.99,20050821,54,2,2
3412,15741,4.99,20050823,54,2,2
3417,1803,2.99,20050616,449,2,2
3418,2412,3.99,20050618,449,2,2
3420,4811,5.99,20050708,449,2,2
3421,5499,2.99,20050710,449,2,2
3422,5983,2.99,20050711,449,2,2
3424,8209,6.99,20050728,449,2,2
3430,12060,4.99,20050817,449,2,2
3431,12820,2.99,20050819,449,2,2
3432,13043,4.99,20050819,449,2,2
3434,14030,2.99,20050820,449,2,2
3437,15736,5.99,20050823,449,2,2
3438,888,5.99,20050530,415,2,2
3439,1131,2.99,20050531,415,2,2
3440,2519,7.99,20050619,415,2,2
3443,3995,5.99,20050706,415,2,2
3446,5997,4.99,20050711,415,2,2
3447,6186,2.99,20050711,415,2,2
3448,6481,6.99,20050712,415,2,2
3449,6687,2.99,20050712,415,2,2
3450,7582,4.99,20050727,415,2,2
3451,8415,2.99,20050729,415,2,2
3452,9215,5.99,20050730,415,2,2
3453,9234,2.99,20050730,415,2,2
3455,9858,2.99,20050731,415,2,2
3459,12731,2.99,20050818,415,2,2
3460,12843,2.99,20050819,415,2,2
3461,12910,0.99,20050819,415,2,2
3462,13027,0.99,20050819,415,2,2
3463,13181,5.99,20050819,415,2,2
3465,13964,2.99,20050820,415,2,2
3466,14157,0.99,20050821,415,2,2
3470,1732,0.99,20050616,105,2,2
3472,2768,0.99,20050619,105,2,2
3473,2795,4.99,20050619,105,2,2
3477,3900,4.99,20050706,105,2,2
3478,3936,0.99,20050706,105,2,2
3479,4256,2.99,20050707,105,2,2
3484,5350,4.99,20050709,105,2,2
3487,9823,4.99,20050731,105,2,2
3490,10167,5.99,20050731,105,2,2
3491,10395,2.99,20050801,105,2,2
3494,10550,2.99,20050801,105,2,2
3495,10816,4.99,20050801,105,2,2
3496,12612,3.99,20050818,105,2,2
3497,12728,4.99,20050818,105,2,2
3498,13653,10.99,20050820,105,2,2
3503,14968,1.99,20050822,105,2,2
3507,1864,2.99,20050617,48,2,2
3508,2163,2.99,20050617,48,2,2
3509,2292,2.99,20050618,48,2,2
3512,4339,4.99,20050707,48,2,2
3513,4485,4.99,20050708,48,2,2
3518,9637,4.99,20050731,48,2,2
3519,9724,5.99,20050731,48,2,2
3520,10568,2.99,20050801,48,2,2
3521,10645,5.99,20050801,48,2,2
3525,14111,0.99,20050821,48,2,2
3526,15574,5.99,20050823,48,2,2
3528,55,2.99,20050525,527,2,2
3530,944,7.99,20050530,527,2,2
3532,1768,4.99,20050616,527,2,2
3537,5726,2.99,20050710,527,2,2
3540,8071,0.99,20050728,527,2,2
3547,11971,0.99,20050817,527,2,2
3550,12263,0.99,20050818,527,2,2
3552,13050,6.99,20050819,527,2,2
3553,13346,7.99,20050819,527,2,2
3554,13353,2.99,20050819,527,2,2
3556,15659,2.99,20050823,527,2,2
3561,2608,2.99,20050619,463,2,2
3562,2924,4.99,20050620,463,2,2
3565,3825,2.99,20050706,463,2,2
3569,4903,0.99,20050708,463,2,2
3571,5684,5.99,20050710,463,2,2
3573,5715,1.99,20050710,463,2,2
3576,7432,0.99,20050727,463,2,2
3578,10243,4.99,20050801,463,2,2
3580,10619,3.99,20050801,463,2,2
3582,11140,0.99,20050802,463,2,2
3583,11812,0.99,20050817,463,2,2
3584,12133,0.99,20050817,463,2,2
3587,447,2.99,20050527,344,2,2
3588,1522,3.99,20050616,344,2,2
3589,2665,7.99,20050619,344,2,2
3591,3365,0.99,20050621,344,2,2
3592,4506,6.99,20050708,344,2,2
3593,4566,2.99,20050708,344,2,2
3595,4829,2.99,20050708,344,2,2
3596,5063,2.99,20050709,344,2,2
3601,8389,6.99,20050729,344,2,2
3602,9139,2.99,20050730,344,2,2
3604,9671,0.99,20050731,344,2,2
3608,13323,2.99,20050819,344,2,2
3610,13910,2.99,20050820,344,2,2
3611,15080,0.99,20050822,344,2,2
3614,798,0.99,20050529,151,2,2
3616,1124,4.99,20050531,151,2,2
3618,1784,0.99,20050616,151,2,2
3619,1881,0.99,20050617,151,2,2
3622,6226,2.99,20050711,151,2,2
3624,7516,2.99,20050727,151,2,2
3625,7965,4.99,20050728,151,2,2
3626,8650,1.99,20050729,151,2,2
3630,11482,4.99,20050802,151,2,2
3632,12987,2.99,20050819,151,2,2
3633,13006,2.99,20050819,151,2,2
3634,14265,2.99,20050821,151,2,2
3635,15963,2.99,20050823,151,2,2
3637,753,3.99,20050529,220,2,2
3638,1272,0.99,20050615,220,2,2
3639,1671,1.99,20050616,220,2,2
3640,2941,2.99,20050620,220,2,2
3642,5054,7.99,20050709,220,2,2
3647,7297,4.99,20050727,220,2,2
3652,8885,7.99,20050730,220,2,2
3654,10091,4.99,20050731,220,2,2
3655,10471,0.99,20050801,220,2,2
3658,11194,5.99,20050802,220,2,2
3663,14136,5.99,20050821,220,2,2
3664,15908,2.99,20050823,220,2,2
3666,1150,2.99,20050531,202,2,2
3667,2104,2.99,20050617,202,2,2
3670,6142,3.99,20050711,202,2,2
3672,9319,0.99,20050730,202,2,2
3673,9764,5.99,20050731,202,2,2
3674,11992,10.99,20050817,202,2,2
3676,12539,0.99,20050818,202,2,2
3677,13992,4.99,20050820,202,2,2
3678,14379,0.99,20050821,202,2,2
3684,3058,3.99,20050620,360,2,2
3686,3589,4.99,20050706,360,2,2
3687,3676,5.99,20050706,360,2,2
3688,3874,6.99,20050706,360,2,2
3690,4474,3.99,20050708,360,2,2
3695,6200,0.99,20050711,360,2,2
3698,8954,2.99,20050730,360,2,2
3700,9200,4.99,20050730,360,2,2
3701,9466,7.99,20050730,360,2,2
3705,10595,4.99,20050801,360,2,2
3706,10842,5.99,20050801,360,2,2
3707,11057,4.99,20050802,360,2,2
3709,11732,3.99,20050817,360,2,2
3715,15082,7.99,20050822,360,2,2
3717,15537,2.99,20050823,360,2,2
3718,15889,4.99,20050823,360,2,2
3722,1316,0.99,20050615,94,2,2
3723,2038,0.99,20050617,94,2,2
3725,3481,2.99,20050705,94,2,2
3733,8123,4.99,20050728,94,2,2
3734,8160,3.99,20050728,94,2,2
3736,9259,1.99,20050730,94,2,2
3740,10190,4.99,20050801,94,2,2
3746,12550,2.99,20050818,94,2,2
3747,12873,2.99,20050819,94,2,2
3749,14432,4.99,20050821,94,2,2
3750,14486,4.99,20050821,94,2,2
3754,1169,2.99,20050614,498,2,2
3757,2718,7.99,20050619,498,2,2
3758,4660,0.99,20050708,498,2,2
3759,4663,2.99,20050708,498,2,2
3760,5092,2.99,20050709,498,2,2
3761,5265,7.99,20050709,498,2,2
3765,6740,0.99,20050712,498,2,2
3767,7767,5.99,20050728,498,2,2
3768,9415,2.99,20050730,498,2,2
3769,9920,4.99,20050731,498,2,2
3772,13401,3.99,20050819,498,2,2
3773,14736,5.99,20050821,498,2,2
3776,15029,2.99,20050822,498,2,2
3783,2332,6.99,20050618,552,2,2
3784,3171,0.99,20050620,552,2,2
3787,6571,0.99,20050712,552,2,2
3793,11430,3.99,20050802,552,2,2
3796,13053,10.99,20050819,552,2,2
3799,930,2.99,20050530,274,2,2
3800,1242,7.99,20050615,274,2,2
3801,2895,7.99,20050620,274,2,2
3804,4297,0.99,20050707,274,2,2
3806,5062,2.99,20050709,274,2,2
3808,6979,4.99,20050727,274,2,2
3809,7878,2.99,20050728,274,2,2
3811,9073,7.99,20050730,274,2,2
3813,9683,2.99,20050731,274,2,2
3821,12107,3.99,20050817,274,2,2
3822,12353,2.99,20050818,274,2,2
3824,13169,2.99,20050819,274,2,2
3825,13470,4.99,20050820,274,2,2
3826,14059,7.99,20050820,274,2,2
3831,11,8.99,20050525,535,2,2
3836,3492,2.99,20050705,535,2,2
3837,4497,4.99,20050708,535,2,2
3841,8513,2.99,20050729,535,2,2
3842,8623,4.99,20050729,535,2,2
3846,10934,5.99,20050802,535,2,2
3847,11244,5.99,20050802,535,2,2
3850,13745,0.99,20050820,535,2,2
3852,14116,4.99,20050821,535,2,2
3853,14813,0.99,20050822,535,2,2
3854,15333,2.99,20050822,535,2,2
3859,1898,1.99,20050617,515,2,2
3861,2251,3.99,20050618,515,2,2
3865,4221,0.99,20050707,515,2,2
3867,6076,6.99,20050711,515,2,2
3868,6207,4.99,20050711,515,2,2
3871,9889,1.99,20050731,515,2,2
3874,11651,6.99,20050817,515,2,2
3876,13835,4.99,20050820,515,2,2
3880,345,2.99,20050527,33,2,2
3884,3019,4.99,20050620,33,2,2
3888,4818,3.99,20050708,33,2,2
3889,5049,0.99,20050709,33,2,2
3890,5374,8.99,20050709,33,2,2
3891,5408,7.99,20050709,33,2,2
3892,5526,7.99,20050710,33,2,2
3893,6614,7.99,20050712,33,2,2
3894,6791,9.99,20050712,33,2,2
3895,7378,5.99,20050727,33,2,2
3896,7566,2.99,20050727,33,2,2
3899,8459,5.99,20050729,33,2,2
3903,9174,4.99,20050730,33,2,2
3904,9714,0.99,20050731,33,2,2
3910,11476,6.99,20050802,33,2,2
3913,12087,2.99,20050817,33,2,2
3914,12733,2.99,20050818,33,2,2
3916,12980,6.99,20050819,33,2,2
3917,13881,2.99,20050820,33,2,2
3918,14159,2.99,20050821,33,2,2
3922,2271,4.99,20050618,471,2,2
3923,2614,0.99,20050619,471,2,2
3925,4201,8.99,20050707,471,2,2
3927,4405,6.99,20050707,471,2,2
3929,4817,2.99,20050708,471,2,2
3930,6056,2.99,20050711,471,2,2
3932,6378,0.99,20050711,471,2,2
3933,7061,2.99,20050727,471,2,2
3935,7954,0.99,20050728,471,2,2
3938,9576,0.99,20050731,471,2,2
3939,10799,4.99,20050801,471,2,2
3940,11904,5.99,20050817,471,2,2
3941,11954,2.99,20050817,471,2,2
3943,12785,2.99,20050819,471,2,2
3944,13012,7.99,20050819,471,2,2
3946,13272,0.99,20050819,471,2,2
3947,14044,5.99,20050820,471,2,2
3948,14389,6.99,20050821,471,2,2
3949,762,7.99,20050529,575,2,2
3951,1209,7.99,20050615,575,2,2
3952,1724,1.99,20050616,575,2,2
3953,2099,2.99,20050617,575,2,2
3959,5000,4.99,20050709,575,2,2
3961,6184,6.99,20050711,575,2,2
3964,8246,3.99,20050729,575,2,2
3965,11173,7.99,20050802,575,2,2
3967,11370,0.99,20050802,575,2,2
3968,11392,5.99,20050802,575,2,2
3975,13829,4.99,20050820,575,2,2
3976,14143,2.99,20050821,575,2,2
3982,2859,2.99,20050619,303,2,2
3983,3011,5.99,20050620,303,2,2
3984,3919,7.99,20050706,303,2,2
3985,3956,2.99,20050706,303,2,2
3986,4792,0.99,20050708,303,2,2
3987,5044,0.99,20050709,303,2,2
3990,6343,0.99,20050711,303,2,2
3991,6469,4.99,20050712,303,2,2
3992,6753,2.99,20050712,303,2,2
3993,7044,0.99,20050727,303,2,2
3996,9772,0.99,20050731,303,2,2
3998,10752,8.99,20050801,303,2,2
4001,13542,4.99,20050820,303,2,2
4002,13670,3.99,20050820,303,2,2
4003,14021,4.99,20050820,303,2,2
4005,14641,0.99,20050821,303,2,2
4006,14960,4.99,20050822,303,2,2
4008,15331,4.99,20050822,303,2,2
4009,15513,4.99,20050823,303,2,2
4011,16004,6.99,20050823,303,2,2
4014,1517,6.99,20050615,425,2,2
4015,2751,3.99,20050619,425,2,2
4016,2843,3.99,20050619,425,2,2
4017,2847,5.99,20050619,425,2,2
4026,6793,10.99,20050712,425,2,2
4028,7693,4.99,20050728,425,2,2
4030,8111,4.99,20050728,425,2,2
4031,8331,3.99,20050729,425,2,2
4033,8578,4.99,20050729,425,2,2
4034,8626,4.99,20050729,425,2,2
4039,10067,4.99,20050731,425,2,2
4040,10830,6.99,20050801,425,2,2
4043,12038,0.99,20050817,425,2,2
4044,12512,3.99,20050818,425,2,2
4049,14184,6.99,20050821,425,2,2
4050,14629,2.99,20050821,425,2,2
4051,14713,0.99,20050821,425,2,2
4052,14879,5.99,20050822,425,2,2
4053,14965,2.99,20050822,425,2,2
4054,15237,4.99,20050822,425,2,2
4055,15379,8.99,20050822,425,2,2
4057,15586,3.99,20050823,425,2,2
4059,1521,2.99,20050615,549,2,2
4061,1996,6.99,20050617,549,2,2
4062,2194,4.99,20050618,549,2,2
4064,2383,7.99,20050618,549,2,2
4073,6940,5.99,20050726,549,2,2
4074,7559,4.99,20050727,549,2,2
4076,10154,2.99,20050731,549,2,2
4077,10737,7.99,20050801,549,2,2
4078,10967,0.99,20050802,549,2,2
4082,15479,4.99,20050823,549,2,2
4083,15562,2.99,20050823,549,2,2
4087,3187,1.99,20050620,330,2,2
4091,7690,4.99,20050728,330,2,2
4094,11123,2.99,20050802,330,2,2
4095,11789,6.99,20050817,330,2,2
4096,12260,6.99,20050818,330,2,2
4097,12335,2.99,20050818,330,2,2
4098,12627,2.99,20050818,330,2,2
4100,12890,0.99,20050819,330,2,2
4102,13255,8.99,20050819,330,2,2
4104,13599,5.99,20050820,330,2,2
4105,14165,0.99,20050821,330,2,2
4106,14454,2.99,20050821,330,2,2
4107,14520,9.99,20050821,330,2,2
4109,164,4.99,20050526,101,2,2
4110,418,5.99,20050527,101,2,2
4111,2474,2.99,20050618,101,2,2
4112,2947,2.99,20050620,101,2,2
4114,3089,0.99,20050620,101,2,2
4115,3390,2.99,20050621,101,2,2
4117,6720,0.99,20050712,101,2,2
4118,6768,3.99,20050712,101,2,2
4119,6854,0.99,20050712,101,2,2
4121,7332,3.99,20050727,101,2,2
4128,11714,2.99,20050817,101,2,2
4129,13230,0.99,20050819,101,2,2
4132,14922,3.99,20050822,101,2,2
4135,15996,2.99,20050823,101,2,2
4136,359,4.99,20050527,214,2,2
4139,3577,2.99,20050706,214,2,2
4146,11638,6.99,20050817,214,2,2
4147,11783,0.99,20050817,214,2,2
4150,12960,1.99,20050819,214,2,2
4152,13484,0.99,20050820,214,2,2
4155,14668,4.99,20050821,214,2,2
4156,11848,4.99,20060214,214,2,2
4164,4670,5.99,20050708,243,2,2
4165,5676,0.99,20050710,243,2,2
4166,5771,0.99,20050710,243,2,2
4167,6818,9.99,20050712,243,2,2
4168,7824,7.99,20050728,243,2,2
4169,9936,0.99,20050731,243,2,2
4170,10015,4.99,20050731,243,2,2
4171,11368,4.99,20050802,243,2,2
4178,15267,0.99,20050822,243,2,2
4179,15444,7.99,20050823,243,2,2
4182,865,7.99,20050530,128,2,2
4183,978,5.99,20050530,128,2,2
4187,3806,7.99,20050706,128,2,2
4188,3912,0.99,20050706,128,2,2
4189,4132,4.99,20050707,128,2,2
4193,5760,2.99,20050710,128,2,2
4195,6993,4.99,20050727,128,2,2
4198,7900,1.99,20050728,128,2,2
4199,8334,7.99,20050729,128,2,2
4200,9286,2.99,20050730,128,2,2
4205,13861,4.99,20050820,128,2,2
4206,14731,2.99,20050821,128,2,2
4207,14793,7.99,20050822,128,2,2
4212,1519,1.99,20050615,488,2,2
4216,3405,4.99,20050621,488,2,2
4220,6087,4.99,20050711,488,2,2
4224,7730,5.99,20050728,488,2,2
4225,9781,7.99,20050731,488,2,2
4228,11951,5.99,20050817,488,2,2
4230,14549,2.99,20050821,488,2,2
4232,14909,0.99,20050822,488,2,2
4234,11496,7.98,20060214,488,2,2
4236,899,6.99,20050530,373,2,2
4238,2089,9.99,20050617,373,2,2
4239,2221,0.99,20050618,373,2,2
4242,4394,2.99,20050707,373,2,2
4243,5534,4.99,20050710,373,2,2
4245,5908,0.99,20050710,373,2,2
4246,6540,6.99,20050712,373,2,2
4247,7389,2.99,20050727,373,2,2
4248,7822,4.99,20050728,373,2,2
4251,10309,6.99,20050801,373,2,2
4252,11490,2.99,20050802,373,2,2
4254,13530,0.99,20050820,373,2,2
4255,13531,2.99,20050820,373,2,2
4256,13802,2.99,20050820,373,2,2
4258,14831,4.99,20050822,373,2,2
4261,352,0.99,20050527,378,2,2
4263,2340,0.99,20050618,378,2,2
4266,4435,3.99,20050707,378,2,2
4270,7195,2.99,20050727,378,2,2
4271,7499,4.99,20050727,378,2,2
4272,8163,0.99,20050728,378,2,2
4273,8337,0.99,20050729,378,2,2
4274,8347,0.99,20050729,378,2,2
4275,8576,4.99,20050729,378,2,2
4278,9237,2.99,20050730,378,2,2
4279,9264,4.99,20050730,378,2,2
4282,11249,4.99,20050802,378,2,2
4283,11335,4.99,20050802,378,2,2
4291,14974,4.99,20050822,378,2,2
4292,245,4.99,20050526,561,2,2
4295,1790,4.99,20050616,561,2,2
4296,2035,6.99,20050617,561,2,2
4297,3203,8.99,20050621,561,2,2
4302,6901,5.99,20050712,561,2,2
4303,7159,2.99,20050727,561,2,2
4305,7952,2.99,20050728,561,2,2
4311,11077,4.99,20050802,561,2,2
4315,12070,1.99,20050817,561,2,2
4316,12421,5.99,20050818,561,2,2
4317,13212,1.99,20050819,561,2,2
4318,13854,2.99,20050820,561,2,2
4320,14028,0.99,20050820,561,2,2
4324,475,2.99,20050527,24,2,2
4325,549,1.99,20050528,24,2,2
4330,3914,5.99,20050706,24,2,2
4331,4273,4.99,20050707,24,2,2
4332,5656,0.99,20050710,24,2,2
4333,6885,4.99,20050712,24,2,2
4334,8212,2.99,20050728,24,2,2
4336,9022,3.99,20050730,24,2,2
4337,9132,0.99,20050730,24,2,2
4340,11225,4.99,20050802,24,2,2
4341,13270,1.99,20050819,24,2,2
4343,14575,8.99,20050821,24,2,2
4345,2314,4.99,20050618,441,2,2
4347,2873,2.99,20050620,441,2,2
4350,6364,6.99,20050711,441,2,2
4351,6448,1.99,20050712,441,2,2
4352,7500,0.99,20050727,441,2,2
4355,9758,2.99,20050731,441,2,2
4356,10089,2.99,20050731,441,2,2
4358,10788,0.99,20050801,441,2,2
4359,10958,4.99,20050802,441,2,2
4360,10979,5.99,20050802,441,2,2
4361,11154,2.99,20050802,441,2,2
4364,12334,2.99,20050818,441,2,2
4366,13093,6.99,20050819,441,2,2
4369,15642,2.99,20050823,441,2,2
4372,428,2.99,20050527,265,2,2
4373,477,3.99,20050527,265,2,2
4375,539,0.99,20050528,265,2,2
4381,4187,0.99,20050707,265,2,2
4382,4248,6.99,20050707,265,2,2
4384,5349,6.99,20050709,265,2,2
4385,6873,4.99,20050712,265,2,2
4387,8774,4.99,20050729,265,2,2
4389,9421,0.99,20050730,265,2,2
4394,10939,0.99,20050802,265,2,2
4396,14150,0.99,20050821,265,2,2
4399,15045,5.99,20050822,265,2,2
4400,15150,2.99,20050822,265,2,2
4405,1339,4.99,20050615,159,2,2
4409,3180,0.99,20050620,159,2,2
4410,4982,2.99,20050709,159,2,2
4411,8478,4.99,20050729,159,2,2
4413,9167,4.99,20050730,159,2,2
4416,10093,5.99,20050731,159,2,2
4417,11012,0.99,20050802,159,2,2
4419,14301,1.99,20050821,159,2,2
4422,1265,4.99,20050615,283,2,2
4423,2000,2.99,20050617,283,2,2
4424,2110,7.99,20050617,283,2,2
4425,2536,5.99,20050619,283,2,2
4428,3915,3.99,20050706,283,2,2
4430,5549,4.99,20050710,283,2,2
4436,8040,0.99,20050728,283,2,2
4437,8063,4.99,20050728,283,2,2
4438,8403,4.99,20050729,283,2,2
4439,10245,0.99,20050801,283,2,2
4440,11623,2.99,20050817,283,2,2
4441,11940,4.99,20050817,283,2,2
4443,12973,2.99,20050819,283,2,2
4444,13543,7.99,20050820,283,2,2
4445,14275,4.99,20050821,283,2,2
4446,14427,5.99,20050821,283,2,2
4449,11754,7.98,20060214,283,2,2
4451,1011,1.99,20050531,520,2,2
4452,1713,4.99,20050616,520,2,2
4453,2589,2.99,20050619,520,2,2
4455,4548,4.99,20050708,520,2,2
4458,6558,2.99,20050712,520,2,2
4460,6702,0.99,20050712,520,2,2
4463,8135,3.99,20050728,520,2,2
4464,8824,4.99,20050729,520,2,2
4465,11175,2.99,20050802,520,2,2
4466,13453,5.99,20050820,520,2,2
4467,338,4.99,20050527,93,2,2
4469,3195,2.99,20050621,93,2,2
4470,3531,4.99,20050706,93,2,2
4472,4304,0.99,20050707,93,2,2
4473,4945,2.99,20050708,93,2,2
4475,5658,4.99,20050710,93,2,2
4476,5901,6.99,20050710,93,2,2
4480,9182,7.99,20050730,93,2,2
4481,9685,4.99,20050731,93,2,2
4484,12643,4.99,20050818,93,2,2
4485,15007,1.99,20050822,93,2,2
4487,15834,5.99,20050823,93,2,2
4489,1412,2.99,20050615,314,2,2
4493,3606,2.99,20050706,314,2,2
4495,4389,6.99,20050707,314,2,2
4498,5380,4.99,20050709,314,2,2
4501,6237,0.99,20050711,314,2,2
4502,6882,2.99,20050712,314,2,2
4506,10422,7.99,20050801,314,2,2
4507,12683,4.99,20050818,314,2,2
4509,13582,4.99,20050820,314,2,2
4510,13901,7.99,20050820,314,2,2
4511,14261,5.99,20050821,314,2,2
4512,14281,2.99,20050821,314,2,2
4514,15216,2.99,20050822,314,2,2
4515,15806,1.99,20050823,314,2,2
4521,2381,5.99,20050618,192,2,2
4522,3518,4.99,20050706,192,2,2
4523,4493,0.99,20050708,192,2,2
4524,5131,0.99,20050709,192,2,2
4529,6269,4.99,20050711,192,2,2
4532,8227,4.99,20050729,192,2,2
4535,8864,0.99,20050729,192,2,2
4536,9563,4.99,20050731,192,2,2
4537,10285,3.99,20050801,192,2,2
4539,12717,4.99,20050818,192,2,2
4545,15478,0.99,20050823,192,2,2
4546,15530,4.99,20050823,192,2,2
4547,15915,4.99,20050823,192,2,2
4548,404,0.99,20050527,96,2,2
4550,1222,4.99,20050615,96,2,2
4553,4363,5.99,20050707,96,2,2
4554,4953,2.99,20050708,96,2,2
4558,6444,0.99,20050712,96,2,2
4559,6809,3.99,20050712,96,2,2
4560,8352,1.99,20050729,96,2,2
4562,8659,6.99,20050729,96,2,2
4563,8883,1.99,20050730,96,2,2
4564,9197,4.99,20050730,96,2,2
4566,9857,6.99,20050731,96,2,2
4567,9899,4.99,20050731,96,2,2
4568,10270,0.99,20050801,96,2,2
4575,13532,4.99,20050820,96,2,2
4576,13811,0.99,20050820,96,2,2
4580,15683,2.99,20050823,96,2,2
4582,527,3.99,20050528,108,2,2
4590,6453,4.99,20050712,108,2,2
4591,6488,9.99,20050712,108,2,2
4592,7187,6.99,20050727,108,2,2
4594,8558,4.99,20050729,108,2,2
4595,9203,0.99,20050730,108,2,2
4596,11687,5.99,20050817,108,2,2
4598,13198,2.99,20050819,108,2,2
4599,13237,1.99,20050819,108,2,2
4600,14435,0.99,20050821,108,2,2
4601,14805,4.99,20050822,108,2,2
4602,15534,0.99,20050823,108,2,2
4603,15680,4.99,20050823,108,2,2
4606,504,0.99,20050528,232,2,2
4607,2117,0.99,20050617,232,2,2
4608,2413,8.99,20050618,232,2,2
4609,3651,4.99,20050706,232,2,2
4611,4113,4.99,20050707,232,2,2
4612,4468,0.99,20050708,232,2,2
4613,5075,0.99,20050709,232,2,2
4615,5685,7.99,20050710,232,2,2
4616,5808,2.99,20050710,232,2,2
4618,9517,2.99,20050731,232,2,2
4621,10481,5.99,20050801,232,2,2
4623,12706,3.99,20050818,232,2,2
4626,13862,6.99,20050820,232,2,2
4627,14022,8.99,20050820,232,2,2
4628,14675,2.99,20050821,232,2,2
4630,804,9.99,20050529,315,2,2
4631,1676,0.99,20050616,315,2,2
4632,2004,4.99,20050617,315,2,2
4633,2199,5.99,20050618,315,2,2
4635,2599,5.99,20050619,315,2,2
4636,2788,2.99,20050619,315,2,2
4637,3338,6.99,20050621,315,2,2
4639,3745,2.99,20050706,315,2,2
4643,6774,0.99,20050712,315,2,2
4645,9066,4.99,20050730,315,2,2
4646,9084,5.99,20050730,315,2,2
4647,10622,4.99,20050801,315,2,2
4650,13087,6.99,20050819,315,2,2
4651,13292,0.99,20050819,315,2,2
4652,13433,0.99,20050819,315,2,2
4654,14615,9.99,20050821,315,2,2
4655,15810,0.99,20050823,315,2,2
4656,449,3.99,20050527,510,2,2
4659,1507,0.99,20050615,510,2,2
4661,3032,1.99,20050620,510,2,2
4664,4878,6.99,20050708,510,2,2
4665,6246,7.99,20050711,510,2,2
4671,7261,2.99,20050727,510,2,2
4673,8944,6.99,20050730,510,2,2
4675,9218,5.99,20050730,510,2,2
4677,10621,0.99,20050801,510,2,2
4678,11499,6.99,20050816,510,2,2
4679,12350,4.99,20050818,510,2,2
4680,12638,8.99,20050818,510,2,2
4681,13067,5.99,20050819,510,2,2
4682,13320,4.99,20050819,510,2,2
4684,13937,4.99,20050820,510,2,2
4686,15637,2.99,20050823,510,2,2
4688,16038,3.99,20050823,510,2,2
4689,578,2.99,20050528,23,2,2
4691,1188,2.99,20050615,23,2,2
4692,2435,4.99,20050618,23,2,2
4694,3224,0.99,20050621,23,2,2
4696,3717,0.99,20050706,23,2,2
4698,5430,2.99,20050709,23,2,2
4699,5485,4.99,20050709,23,2,2
4701,5531,2.99,20050710,23,2,2
4703,6021,4.99,20050711,23,2,2
4705,8299,2.99,20050729,23,2,2
4706,8808,4.99,20050729,23,2,2
4707,8829,8.99,20050729,23,2,2
4709,9512,2.99,20050731,23,2,2
4711,12073,2.99,20050817,23,2,2
4713,12501,4.99,20050818,23,2,2
4715,15483,0.99,20050823,23,2,2
4719,1071,4.99,20050531,583,2,2
4720,1566,7.99,20050616,583,2,2
4723,3446,1.99,20050621,583,2,2
4724,4803,1.99,20050708,583,2,2
4725,5414,4.99,20050709,583,2,2
4727,8348,7.99,20050729,583,2,2
4732,10398,4.99,20050801,583,2,2
4735,12886,5.99,20050819,583,2,2
4739,1495,0.99,20050615,181,2,2
4740,3266,4.99,20050621,181,2,2
4742,4167,5.99,20050707,181,2,2
4744,6865,7.99,20050712,181,2,2
4751,9941,4.99,20050731,181,2,2
4752,10229,7.99,20050801,181,2,2
4754,11618,4.99,20050817,181,2,2
4757,13833,6.99,20050820,181,2,2
4758,13997,6.99,20050820,181,2,2
4759,14507,4.99,20050821,181,2,2
4760,14897,2.99,20050822,181,2,2
4761,14060,3.98,20060214,181,2,2
4762,13161,0.00,20060214,181,2,2
4764,380,6.99,20050527,4,2,2
4773,2427,2.99,20050618,4,2,2
4774,2503,1.99,20050618,4,2,2
4777,3931,6.99,20050706,4,2,2
4778,4121,3.99,20050707,4,2,2
4784,7521,2.99,20050727,4,2,2
4787,9145,6.99,20050730,4,2,2
4789,10441,0.99,20050801,4,2,2
4795,13186,5.99,20050819,4,2,2
4797,14232,1.99,20050821,4,2,2
4798,15311,4.99,20050822,4,2,2
4802,1621,4.99,20050616,336,2,2
4804,2467,2.99,20050618,336,2,2
4806,6217,9.99,20050711,336,2,2
4809,7674,1.99,20050728,336,2,2
4811,9190,1.99,20050730,336,2,2
4812,10321,4.99,20050801,336,2,2
4817,11662,6.99,20050817,336,2,2
4819,14093,0.99,20050821,336,2,2
4820,14310,0.99,20050821,336,2,2
4821,14849,2.99,20050822,336,2,2
4822,14883,0.99,20050822,336,2,2
4824,1458,6.99,20050615,57,2,2
4825,1568,2.99,20050616,57,2,2
4826,1745,3.99,20050616,57,2,2
4827,2124,1.99,20050617,57,2,2
4829,2844,6.99,20050619,57,2,2
4836,6347,4.99,20050711,57,2,2
4839,6606,2.99,20050712,57,2,2
4841,8069,0.99,20050728,57,2,2
4843,8388,5.99,20050729,57,2,2
4844,8696,4.99,20050729,57,2,2
4845,9004,4.99,20050730,57,2,2
4847,9879,4.99,20050731,57,2,2
4848,10125,0.99,20050731,57,2,2
4849,10562,0.99,20050801,57,2,2
4851,11319,6.99,20050802,57,2,2
4852,11884,6.99,20050817,57,2,2
4853,11927,3.99,20050817,57,2,2
4854,12049,6.99,20050817,57,2,2
4855,12727,2.99,20050818,57,2,2
4859,14314,2.99,20050821,57,2,2
4865,1286,7.99,20050615,435,2,2
4870,6071,6.99,20050711,435,2,2
4878,9491,4.99,20050730,435,2,2
4879,9893,0.99,20050731,435,2,2
4882,10569,3.99,20050801,435,2,2
4884,13240,0.99,20050819,435,2,2
4886,13844,7.99,20050820,435,2,2
4887,13957,0.99,20050820,435,2,2
4888,14082,7.99,20050820,435,2,2
4892,2700,2.99,20050619,136,2,2
4894,4826,7.99,20050708,136,2,2
4896,5384,0.99,20050709,136,2,2
4897,5773,0.99,20050710,136,2,2
4900,8540,2.99,20050729,136,2,2
4901,8720,5.99,20050729,136,2,2
4903,9995,3.99,20050731,136,2,2
4908,13842,4.99,20050820,136,2,2
4914,579,6.99,20050528,568,2,2
4917,3449,5.99,20050621,568,2,2
4918,3469,4.99,20050621,568,2,2
4920,4428,4.99,20050707,568,2,2
4921,6477,4.99,20050712,568,2,2
4927,9214,4.99,20050730,568,2,2
4928,9235,5.99,20050730,568,2,2
4931,10262,4.99,20050801,568,2,2
4932,10362,6.99,20050801,568,2,2
4933,10703,2.99,20050801,568,2,2
4936,11224,4.99,20050802,568,2,2
4940,12939,2.99,20050819,568,2,2
4941,13118,4.99,20050819,568,2,2
4942,13405,4.99,20050819,568,2,2
4943,13415,2.99,20050819,568,2,2
4944,14406,3.99,20050821,568,2,2
4945,15196,2.99,20050822,568,2,2
4946,15482,4.99,20050823,568,2,2
4947,13008,2.99,20060214,568,2,2
4948,161,0.99,20050526,553,2,2
4949,425,3.99,20050527,553,2,2
4950,1542,3.99,20050616,553,2,2
4952,2120,5.99,20050617,553,2,2
4958,4513,1.99,20050708,553,2,2
4959,4591,3.99,20050708,553,2,2
4960,4784,0.99,20050708,553,2,2
4962,7229,0.99,20050727,553,2,2
4963,7863,0.99,20050728,553,2,2
4964,7880,4.99,20050728,553,2,2
4965,8048,8.99,20050728,553,2,2
4967,11785,3.99,20050817,553,2,2
4976,2188,1.99,20050618,52,2,2
4977,2471,5.99,20050618,52,2,2
4980,4134,0.99,20050707,52,2,2
4981,4157,2.99,20050707,52,2,2
4983,5756,0.99,20050710,52,2,2
4986,7359,0.99,20050727,52,2,2
4987,9672,5.99,20050731,52,2,2
4989,9931,2.99,20050731,52,2,2
4990,10620,5.99,20050801,52,2,2
4991,11386,2.99,20050802,52,2,2
4992,12451,0.99,20050818,52,2,2
4993,12764,3.99,20050818,52,2,2
4994,12831,3.99,20050819,52,2,2
4998,534,4.99,20050528,363,2,2
5000,1976,2.99,20050617,363,2,2
5003,4882,6.99,20050708,363,2,2
5005,6493,2.99,20050712,363,2,2
5006,6700,6.99,20050712,363,2,2
5007,7051,4.99,20050727,363,2,2
5008,7686,6.99,20050728,363,2,2
5011,12166,9.99,20050818,363,2,2
5012,12454,2.99,20050818,363,2,2
5017,14472,4.99,20050821,363,2,2
5019,15611,0.99,20050823,363,2,2
5020,20,2.99,20050525,258,2,2
5021,154,0.99,20050526,258,2,2
5028,4822,7.99,20050708,258,2,2
5029,6106,2.99,20050711,258,2,2
5034,8442,0.99,20050729,258,2,2
5036,9246,0.99,20050730,258,2,2
5037,9473,2.99,20050730,258,2,2
5038,11355,0.99,20050802,258,2,2
5042,14513,2.99,20050821,258,2,2
5044,958,0.99,20050530,199,2,2
5048,2132,4.99,20050617,199,2,2
5049,2875,4.99,20050620,199,2,2
5051,6067,4.99,20050711,199,2,2
5052,7739,0.99,20050728,199,2,2
5055,8872,0.99,20050730,199,2,2
5056,9303,2.99,20050730,199,2,2
5057,9360,5.99,20050730,199,2,2
5064,13517,4.99,20050820,199,2,2
5067,14229,4.99,20050821,199,2,2
5068,14646,4.99,20050821,199,2,2
5069,14988,3.99,20050822,199,2,2
5070,15001,0.99,20050822,199,2,2
5071,15295,3.99,20050822,199,2,2
5075,1323,6.99,20050615,530,2,2
5076,1462,4.99,20050615,530,2,2
5077,1592,0.99,20050616,530,2,2
5078,2127,0.99,20050617,530,2,2
5079,2533,0.99,20050619,530,2,2
5082,3709,10.99,20050706,530,2,2
5084,5366,0.99,20050709,530,2,2
5086,5833,6.99,20050710,530,2,2
5088,6428,2.99,20050712,530,2,2
5089,7289,4.99,20050727,530,2,2
5090,7844,7.99,20050728,530,2,2
5091,7967,7.99,20050728,530,2,2
5094,12307,8.99,20050818,530,2,2
5095,12490,9.99,20050818,530,2,2
5097,13940,8.99,20050820,530,2,2
5098,14855,8.99,20050822,530,2,2
5099,15231,4.99,20050822,530,2,2
5100,15517,2.99,20050823,530,2,2
5101,15971,7.99,20050823,530,2,2
5102,1527,2.99,20050616,394,2,2
5103,1927,0.99,20050617,394,2,2
5105,2733,4.99,20050619,394,2,2
5106,3848,3.99,20050706,394,2,2
5107,4150,2.99,20050707,394,2,2
5108,5356,2.99,20050709,394,2,2
5109,5729,5.99,20050710,394,2,2
5110,6555,4.99,20050712,394,2,2
5111,7042,0.99,20050727,394,2,2
5113,9613,4.99,20050731,394,2,2
5114,10453,5.99,20050801,394,2,2
5116,10719,4.99,20050801,394,2,2
5117,10757,4.99,20050801,394,2,2
5118,11378,2.99,20050802,394,2,2
5122,14809,2.99,20050822,394,2,2
5123,15319,2.99,20050822,394,2,2
5124,15409,0.99,20050822,394,2,2
5125,15474,4.99,20050823,394,2,2
5127,1117,5.99,20050531,73,2,2
5130,2905,1.99,20050620,73,2,2
5134,3813,4.99,20050706,73,2,2
5135,4203,0.99,20050707,73,2,2
5139,7790,2.99,20050728,73,2,2
5140,9171,5.99,20050730,73,2,2
5141,9386,0.99,20050730,73,2,2
5144,11059,6.99,20050802,73,2,2
5145,13601,6.99,20050820,73,2,2
5149,430,4.99,20050527,501,2,2
5156,4005,5.99,20050707,501,2,2
5158,6867,3.99,20050712,501,2,2
5161,7404,2.99,20050727,501,2,2
5164,11158,6.99,20050802,501,2,2
5165,11276,4.99,20050802,501,2,2
5166,11312,6.99,20050802,501,2,2
5167,11750,0.99,20050817,501,2,2
5168,11950,9.99,20050817,501,2,2
5170,12381,0.99,20050818,501,2,2
5171,14065,0.99,20050820,501,2,2
5172,14141,4.99,20050821,501,2,2
5173,14166,2.99,20050821,501,2,2
5174,14650,0.99,20050821,501,2,2
5175,15167,4.99,20060214,501,2,2
5177,1152,4.99,20050531,446,2,2
5178,1173,2.99,20050614,446,2,2
5181,1870,2.99,20050617,446,2,2
5183,2555,2.99,20050619,446,2,2
5185,5397,5.99,20050709,446,2,2
5190,8583,0.99,20050729,446,2,2
5193,10532,2.99,20050801,446,2,2
5194,15375,4.99,20050822,446,2,2
5201,6223,0.99,20050711,196,2,2
5202,6691,0.99,20050712,196,2,2
5203,7147,2.99,20050727,196,2,2
5204,8051,0.99,20050728,196,2,2
5205,8292,7.99,20050729,196,2,2
5208,10238,0.99,20050801,196,2,2
5213,14146,4.99,20050821,196,2,2
5214,14238,7.99,20050821,196,2,2
5216,14692,6.99,20050821,196,2,2
5217,15855,2.99,20050823,196,2,2
5219,273,2.99,20050526,306,2,2
5220,464,0.99,20050527,306,2,2
5222,2377,6.99,20050618,306,2,2
5223,2841,6.99,20050619,306,2,2
5224,2846,4.99,20050619,306,2,2
5225,2880,2.99,20050620,306,2,2
5233,10462,2.99,20050801,306,2,2
5234,12384,0.99,20050818,306,2,2
5235,12658,4.99,20050818,306,2,2
5240,15164,4.99,20050822,306,2,2
5241,15344,6.99,20050822,306,2,2
5242,15495,5.99,20050823,306,2,2
5243,15729,2.99,20060214,306,2,2
5244,334,4.99,20050527,276,2,2
5245,677,7.99,20050528,276,2,2
5251,4231,7.99,20050707,276,2,2
5252,5146,2.99,20050709,276,2,2
5254,5894,3.99,20050710,276,2,2
5256,11475,5.99,20050802,276,2,2
5257,12851,3.99,20050819,276,2,2
5259,13616,7.99,20050820,276,2,2
5261,15937,4.99,20050823,276,2,2
5266,6175,4.99,20050711,171,2,2
5268,8280,4.99,20050729,171,2,2
5269,8479,0.99,20050729,171,2,2
5270,9188,6.99,20050730,171,2,2
5273,10911,4.99,20050802,171,2,2
5275,11787,2.99,20050817,171,2,2
5276,12099,0.99,20050817,171,2,2
5277,12941,0.99,20050819,171,2,2
5278,13741,0.99,20050820,171,2,2
5279,14751,7.99,20050821,171,2,2
5280,16040,11.99,20050823,171,2,2
5281,106,11.99,20050525,169,2,2
5282,178,5.99,20050526,169,2,2
5283,491,2.99,20050528,169,2,2
5287,1600,0.99,20050616,169,2,2
5289,2912,4.99,20050620,169,2,2
5291,3271,5.99,20050621,169,2,2
5292,3342,4.99,20050621,169,2,2
5294,4999,4.99,20050709,169,2,2
5295,5143,4.99,20050709,169,2,2
5296,5353,3.99,20050709,169,2,2
5297,5768,4.99,20050710,169,2,2
5298,6857,4.99,20050712,169,2,2
5299,7666,3.99,20050728,169,2,2
5300,8266,0.99,20050729,169,2,2
5301,8472,1.99,20050729,169,2,2
5302,8700,0.99,20050729,169,2,2
5306,10122,10.99,20050731,169,2,2
5309,12430,0.99,20050818,169,2,2
5310,12684,0.99,20050818,169,2,2
5311,12836,0.99,20050819,169,2,2
5313,14410,5.99,20050821,169,2,2
5315,15980,0.99,20050823,169,2,2
5316,94,2.99,20050525,83,2,2
5319,649,1.99,20050528,83,2,2
5321,730,3.99,20050529,83,2,2
5324,1175,2.99,20050615,83,2,2
5327,1605,8.99,20050616,83,2,2
5328,1919,4.99,20050617,83,2,2
5331,2781,2.99,20050619,83,2,2
5333,4739,4.99,20050708,83,2,2
5334,5182,6.99,20050709,83,2,2
5335,5344,0.99,20050709,83,2,2
5337,9378,4.99,20050730,83,2,2
5339,9585,4.99,20050731,83,2,2
5340,10460,3.99,20050801,83,2,2
5341,10666,0.99,20050801,83,2,2
5342,10739,4.99,20050801,83,2,2
5350,13913,3.99,20050820,83,2,2
5352,14951,4.99,20050822,83,2,2
5354,15233,0.99,20050822,83,2,2
5358,639,2.99,20050528,369,2,2
5360,1132,4.99,20050531,369,2,2
5361,2185,0.99,20050618,369,2,2
5362,3770,2.99,20050706,369,2,2
5363,4588,2.99,20050708,369,2,2
5364,4750,0.99,20050708,369,2,2
5365,5794,4.99,20050710,369,2,2
5366,6567,4.99,20050712,369,2,2
5368,6889,4.99,20050712,369,2,2
5372,7622,0.99,20050728,369,2,2
5374,9389,0.99,20050730,369,2,2
5382,11949,2.99,20050817,369,2,2
5384,11985,2.99,20050817,369,2,2
5385,12594,4.99,20050818,369,2,2
5389,14380,2.99,20050821,369,2,2
5390,14990,4.99,20050822,369,2,2
5398,4580,8.99,20050708,587,2,2
5400,5398,2.99,20050709,587,2,2
5401,5680,5.99,20050710,587,2,2
5402,6668,2.99,20050712,587,2,2
5403,6782,4.99,20050712,587,2,2
5407,9894,4.99,20050731,587,2,2
5410,10517,4.99,20050801,587,2,2
5414,14320,4.99,20050821,587,2,2
5415,15412,0.99,20050822,587,2,2
5416,15751,3.99,20050823,587,2,2
5417,13952,2.99,20060214,587,2,2
5418,270,9.99,20050526,523,2,2
5419,1296,1.99,20050615,523,2,2
5420,1309,4.99,20050615,523,2,2
5421,1899,6.99,20050617,523,2,2
5423,2667,3.99,20050619,523,2,2
5424,2717,4.99,20050619,523,2,2
5429,6167,2.99,20050711,523,2,2
5433,8368,3.99,20050729,523,2,2
5434,8462,2.99,20050729,523,2,2
5440,14521,6.99,20050821,523,2,2
5441,15691,4.99,20050823,523,2,2
5442,15742,5.99,20050823,523,2,2
5444,11866,2.99,20060214,523,2,2
5447,756,5.99,20050529,172,2,2
5450,2359,6.99,20050618,172,2,2
5453,3528,4.99,20050706,172,2,2
5454,3708,6.99,20050706,172,2,2
5456,7606,2.99,20050728,172,2,2
5457,9355,0.99,20050730,172,2,2
5458,10750,5.99,20050801,172,2,2
5459,10865,3.99,20050802,172,2,2
5461,11807,0.99,20050817,172,2,2
5462,13076,4.99,20050819,172,2,2
5463,13613,9.99,20050820,172,2,2
5464,13671,3.99,20050820,172,2,2
5465,13672,2.99,20050820,172,2,2
5466,14656,2.99,20050821,172,2,2
5469,15974,5.99,20050823,172,2,2
5473,3148,0.99,20050620,190,2,2
5475,4567,4.99,20050708,190,2,2
5476,5194,2.99,20050709,190,2,2
5478,5838,2.99,20050710,190,2,2
5483,8930,0.99,20050730,190,2,2
5484,9057,2.99,20050730,190,2,2
5485,9467,8.99,20050730,190,2,2
5486,9751,4.99,20050731,190,2,2
5489,11924,4.99,20050817,190,2,2
5490,12801,8.99,20050819,190,2,2
5495,15772,4.99,20050823,190,2,2
5499,2939,7.99,20050620,242,2,2
5500,3406,2.99,20050621,242,2,2
5501,4136,2.99,20050707,242,2,2
5502,5579,5.99,20050710,242,2,2
5503,7787,6.99,20050728,242,2,2
5507,9015,10.99,20050730,242,2,2
5508,10700,3.99,20050801,242,2,2
5509,10805,2.99,20050801,242,2,2
5512,13841,4.99,20050820,242,2,2
5513,14505,5.99,20050821,242,2,2
5514,15798,2.99,20050823,242,2,2
5515,15991,2.99,20050823,242,2,2
5516,251,0.99,20050526,522,2,2
5517,399,4.99,20050527,522,2,2
5518,857,4.99,20050530,522,2,2
5523,1894,7.99,20050617,522,2,2
5524,2186,2.99,20050618,522,2,2
5525,2734,4.99,20050619,522,2,2
5528,5145,0.99,20050709,522,2,2
5530,6004,4.99,20050711,522,2,2
5531,6225,2.99,20050711,522,2,2
5532,6631,0.99,20050712,522,2,2
5534,6871,2.99,20050712,522,2,2
5536,9005,0.99,20050730,522,2,2
5538,9906,4.99,20050731,522,2,2
5539,10042,2.99,20050731,522,2,2
5540,10399,5.99,20050801,522,2,2
5542,11886,0.99,20050817,522,2,2
5546,13899,2.99,20050820,522,2,2
5547,14163,4.99,20050821,522,2,2
5550,15415,11.99,20050822,522,2,2
5554,2237,5.99,20050618,387,2,2
5556,4230,3.99,20050707,387,2,2
5557,4377,7.99,20050707,387,2,2
5560,7976,7.99,20050728,387,2,2
5561,8896,4.99,20050730,387,2,2
5562,10086,4.99,20050731,387,2,2
5565,14391,4.99,20050821,387,2,2
5567,14490,6.99,20050821,387,2,2
5568,15418,0.99,20050822,387,2,2
5569,1872,0.99,20050617,43,2,2
5570,2477,5.99,20050618,43,2,2
5571,3012,4.99,20050620,43,2,2
5573,3831,0.99,20050706,43,2,2
5575,4068,4.99,20050707,43,2,2
5576,4107,4.99,20050707,43,2,2
5577,4823,4.99,20050708,43,2,2
5581,7541,4.99,20050727,43,2,2
5584,9474,2.99,20050730,43,2,2
5585,10930,3.99,20050802,43,2,2
5587,11634,2.99,20050817,43,2,2
5589,13232,2.99,20050819,43,2,2
5590,13263,10.99,20050819,43,2,2
5591,13550,9.99,20050820,43,2,2
5592,13696,0.99,20050820,43,2,2
5593,14695,0.99,20050821,43,2,2
5594,15686,7.99,20050823,43,2,2
5599,826,6.99,20050529,175,2,2
5600,896,3.99,20050530,175,2,2
5601,1144,3.99,20050531,175,2,2
5602,1945,3.99,20050617,175,2,2
5603,3584,2.99,20050706,175,2,2
5604,3687,9.99,20050706,175,2,2
5606,4713,5.99,20050708,175,2,2
5608,5007,0.99,20050709,175,2,2
5611,5939,0.99,20050710,175,2,2
5612,6465,5.99,20050712,175,2,2
5614,7306,5.99,20050727,175,2,2
5617,9652,2.99,20050731,175,2,2
5618,10234,3.99,20050801,175,2,2
5619,10300,0.99,20050801,175,2,2
5621,11260,0.99,20050802,175,2,2
5622,11286,5.99,20050802,175,2,2
5624,12108,6.99,20050817,175,2,2
5625,13655,2.99,20050820,175,2,2
5626,13809,8.99,20050820,175,2,2
5627,13912,9.99,20050820,175,2,2
5628,13954,3.99,20050820,175,2,2
5633,2592,0.99,20050619,184,2,2
5635,2907,0.99,20050620,184,2,2
5636,3811,2.99,20050706,184,2,2
5638,4985,4.99,20050709,184,2,2
5640,5693,2.99,20050710,184,2,2
5641,6306,6.99,20050711,184,2,2
5645,7984,2.99,20050728,184,2,2
5647,9298,3.99,20050730,184,2,2
5649,10762,4.99,20050801,184,2,2
5650,10784,5.99,20050801,184,2,2
5651,11442,2.99,20050802,184,2,2
5652,11805,6.99,20050817,184,2,2
5653,11819,0.99,20050817,184,2,2
5656,340,9.99,20050527,187,2,2
5658,1143,2.99,20050531,187,2,2
5659,1201,4.99,20050615,187,2,2
5663,3504,2.99,20050706,187,2,2
5664,4071,5.99,20050707,187,2,2
5666,4810,4.99,20050708,187,2,2
5668,5170,3.99,20050709,187,2,2
5669,5219,5.99,20050709,187,2,2
5674,7752,5.99,20050728,187,2,2
5676,8759,8.99,20050729,187,2,2
5677,8816,2.99,20050729,187,2,2
5678,9054,6.99,20050730,187,2,2
5680,10554,2.99,20050801,187,2,2
5682,10811,6.99,20050801,187,2,2
5685,14631,6.99,20050821,187,2,2
5687,15510,9.99,20050823,187,2,2
5689,1177,2.99,20050615,593,2,2
5690,2856,0.99,20050619,593,2,2
5691,3563,4.99,20050706,593,2,2
5692,3884,4.99,20050706,593,2,2
5693,4270,0.99,20050707,593,2,2
5696,4388,7.99,20050707,593,2,2
5701,5957,0.99,20050710,593,2,2
5702,6227,4.99,20050711,593,2,2
5705,7909,0.99,20050728,593,2,2
5706,8336,8.99,20050729,593,2,2
5707,8678,3.99,20050729,593,2,2
5708,8738,0.99,20050729,593,2,2
5709,10890,4.99,20050802,593,2,2
5710,12410,8.99,20050818,593,2,2
5712,12909,2.99,20050819,593,2,2
5713,12986,4.99,20050819,593,2,2
5715,14639,6.99,20050821,593,2,2
5716,14876,4.99,20050822,593,2,2
5717,15672,0.99,20050823,593,2,2
5718,15942,8.99,20050823,593,2,2
5720,2812,8.99,20050619,90,2,2
5721,3437,6.99,20050621,90,2,2
5722,3937,8.99,20050706,90,2,2
5723,4060,2.99,20050707,90,2,2
5724,4441,5.99,20050707,90,2,2
5725,4479,2.99,20050708,90,2,2
5728,5699,3.99,20050710,90,2,2
5729,5785,4.99,20050710,90,2,2
5730,6438,0.99,20050712,90,2,2
5733,7484,0.99,20050727,90,2,2
5735,8961,6.99,20050730,90,2,2
5739,10928,4.99,20050802,90,2,2
5740,11076,8.99,20050802,90,2,2
5741,11963,3.99,20050817,90,2,2
5742,12311,0.99,20050818,90,2,2
5743,12565,4.99,20050818,90,2,2
5744,12570,5.99,20050818,90,2,2
5745,13942,2.99,20050820,90,2,2
5747,14782,0.99,20050822,90,2,2
5748,14812,1.99,20050822,90,2,2
5750,15538,6.99,20050823,90,2,2
5751,15670,5.99,20050823,90,2,2
5752,12746,4.99,20060214,90,2,2
5754,1379,0.99,20050615,548,2,2
5756,2739,9.99,20050619,548,2,2
5757,4708,10.99,20050708,548,2,2
5758,4798,3.99,20050708,548,2,2
5759,4916,6.99,20050708,548,2,2
5761,7828,2.99,20050728,548,2,2
5762,8000,4.99,20050728,548,2,2
5764,10273,4.99,20050801,548,2,2
5765,10567,0.99,20050801,548,2,2
5767,12467,0.99,20050818,548,2,2
5768,12562,3.99,20050818,548,2,2
5770,14681,5.99,20050821,548,2,2
5772,15920,2.99,20050823,548,2,2
5773,385,0.99,20050527,596,2,2
5775,1936,4.99,20050617,596,2,2
5778,2569,6.99,20050619,596,2,2
5780,2946,4.99,20050620,596,2,2
5783,3989,4.99,20050706,596,2,2
5784,4236,4.99,20050707,596,2,2
5786,5159,4.99,20050709,596,2,2
5788,6725,2.99,20050712,596,2,2
5789,7528,0.99,20050727,596,2,2
5790,8444,2.99,20050729,596,2,2
5791,8542,4.99,20050729,596,2,2
5792,9150,6.99,20050730,596,2,2
5793,9340,2.99,20050730,596,2,2
5796,11778,3.99,20050817,596,2,2
5798,13426,0.99,20050819,596,2,2
5800,14374,2.99,20060214,596,2,2
5804,1093,2.99,20050531,576,2,2
5805,1112,0.99,20050531,576,2,2
5806,1275,4.99,20050615,576,2,2
5807,2085,2.99,20050617,576,2,2
5808,2868,2.99,20050620,576,2,2
5809,4211,0.99,20050707,576,2,2
5811,4984,3.99,20050709,576,2,2
5812,5172,2.99,20050709,576,2,2
5814,7417,4.99,20050727,576,2,2
5815,7826,5.99,20050728,576,2,2
5818,10749,4.99,20050801,576,2,2
5819,11450,2.99,20050802,576,2,2
5820,11474,4.99,20050802,576,2,2
5821,12463,4.99,20050818,576,2,2
5822,13138,2.99,20050819,576,2,2
5823,13350,9.99,20050819,576,2,2
5828,14347,4.99,20050821,576,2,2
5830,15639,2.99,20050823,576,2,2
5831,15645,2.99,20060214,576,2,2
5833,1080,4.99,20050531,66,2,2
5834,1376,4.99,20050615,66,2,2
5835,1599,4.99,20050616,66,2,2
5836,1845,4.99,20050616,66,2,2
5837,2006,2.99,20050617,66,2,2
5838,2918,2.99,20050620,66,2,2
5840,4940,8.99,20050708,66,2,2
5842,5967,8.99,20050711,66,2,2
5844,9046,2.99,20050730,66,2,2
5846,9611,4.99,20050731,66,2,2
5848,12285,2.99,20050818,66,2,2
5850,13085,0.99,20050819,66,2,2
5851,14126,0.99,20050821,66,2,2
5852,14817,4.99,20050822,66,2,2
5854,15610,2.99,20050823,66,2,2
5855,15799,2.99,20050823,66,2,2
5857,15862,0.99,20060214,66,2,2
5859,1461,6.99,20050615,39,2,2
5862,2351,0.99,20050618,39,2,2
5864,4161,2.99,20050707,39,2,2
5866,6349,7.99,20050711,39,2,2
5868,8859,8.99,20050729,39,2,2
5872,11621,7.99,20050817,39,2,2
5873,13424,0.99,20050819,39,2,2
5874,14638,2.99,20050821,39,2,2
5875,14726,4.99,20050821,39,2,2
5877,15199,2.99,20050822,39,2,2
5878,15934,4.99,20050823,39,2,2
5881,828,2.99,20050529,226,2,2
5882,1141,8.99,20050531,226,2,2
5886,5576,2.99,20050710,226,2,2
5887,5762,3.99,20050710,226,2,2
5888,6570,4.99,20050712,226,2,2
5889,7104,2.99,20050727,226,2,2
5890,8332,4.99,20050729,226,2,2
5892,9317,2.99,20050730,226,2,2
5893,9632,6.99,20050731,226,2,2
5894,9745,2.99,20050731,226,2,2
5900,12210,4.99,20050818,226,2,2
5902,15116,0.99,20050822,226,2,2
5903,15277,2.99,20050822,226,2,2
5909,5737,0.99,20050710,1,2,2
5910,7090,4.99,20050727,1,2,2
5912,9018,6.99,20050730,1,2,2
5913,9902,6.99,20050731,1,2,2
5916,12481,2.99,20050818,1,2,2
5918,13708,5.99,20050820,1,2,2
5919,13947,5.99,20050820,1,2,2
5920,14848,4.99,20050822,1,2,2
5921,15575,0.99,20050823,1,2,2
5923,2417,3.99,20050618,21,2,2
5924,2580,0.99,20050619,21,2,2
5925,4678,0.99,20050708,21,2,2
5926,4910,7.99,20050708,21,2,2
5927,5123,0.99,20050709,21,2,2
5928,5416,4.99,20050709,21,2,2
5929,5475,4.99,20050709,21,2,2
5930,5739,7.99,20050710,21,2,2
5931,6172,4.99,20050711,21,2,2
5933,6501,1.99,20050712,21,2,2
5934,7335,2.99,20050727,21,2,2
5937,8536,4.99,20050729,21,2,2
5941,11791,0.99,20050817,21,2,2
5943,14029,0.99,20050820,21,2,2
5948,409,0.99,20050527,502,2,2
5951,4918,2.99,20050708,502,2,2
5952,5613,2.99,20050710,502,2,2
5953,5847,2.99,20050710,502,2,2
5954,5859,0.99,20050710,502,2,2
5955,6412,0.99,20050711,502,2,2
5956,6832,8.99,20050712,502,2,2
5957,7750,9.99,20050728,502,2,2
5960,9384,7.99,20050730,502,2,2
5961,9455,10.99,20050730,502,2,2
5963,10778,4.99,20050801,502,2,2
5968,11947,2.99,20050817,502,2,2
5971,13123,2.99,20050819,502,2,2
5973,14016,4.99,20050820,502,2,2
5974,15706,4.99,20050823,502,2,2
5975,226,4.99,20050526,271,2,2
5978,2473,2.99,20050618,271,2,2
5982,4649,4.99,20050708,271,2,2
5985,5920,5.99,20050710,271,2,2
5988,7531,8.99,20050727,271,2,2
5989,8486,0.99,20050729,271,2,2
5992,9853,0.99,20050731,271,2,2
5993,11680,4.99,20050817,271,2,2
5997,12620,3.99,20050818,271,2,2
5998,13434,2.99,20050819,271,2,2
5999,14322,5.99,20050821,271,2,2
6000,14371,0.99,20050821,271,2,2
6005,416,0.99,20050527,431,2,2
6006,809,3.99,20050529,431,2,2
6007,1006,2.99,20050531,431,2,2
6009,2603,6.99,20050619,431,2,2
6010,5209,8.99,20050709,431,2,2
6012,5592,6.99,20050710,431,2,2
6013,5635,5.99,20050710,431,2,2
6014,6129,2.99,20050711,431,2,2
6016,7786,0.99,20050728,431,2,2
6018,8597,6.99,20050729,431,2,2
6020,10043,1.99,20050731,431,2,2
6021,12179,2.99,20050818,431,2,2
6023,14350,2.99,20050821,431,2,2
6024,524,2.99,20050528,382,2,2
6025,1839,5.99,20050616,382,2,2
6030,5996,2.99,20050711,382,2,2
6031,7085,5.99,20050727,382,2,2
6032,8362,3.99,20050729,382,2,2
6033,10053,7.99,20050731,382,2,2
6034,11040,4.99,20050802,382,2,2
6037,14496,4.99,20050821,382,2,2
6039,15546,5.99,20050823,382,2,2
6043,3282,4.99,20050621,205,2,2
6045,4411,3.99,20050707,205,2,2
6048,6999,2.99,20050727,205,2,2
6049,8255,0.99,20050729,205,2,2
6050,8439,2.99,20050729,205,2,2
6056,13075,4.99,20050819,205,2,2
6057,14099,0.99,20050821,205,2,2
6058,14271,5.99,20050821,205,2,2
6059,14468,5.99,20050821,205,2,2
6060,14880,2.99,20050822,205,2,2
6065,2226,7.99,20050618,182,2,2
6066,3574,4.99,20050706,182,2,2
6069,4955,2.99,20050708,182,2,2
6073,6350,2.99,20050711,182,2,2
6075,6532,2.99,20050712,182,2,2
6076,7347,4.99,20050727,182,2,2
6079,8110,4.99,20050728,182,2,2
6081,9993,2.99,20050731,182,2,2
6082,10138,2.99,20050731,182,2,2
6084,11333,1.99,20050802,182,2,2
6085,11384,0.99,20050802,182,2,2
6086,11395,5.99,20050802,182,2,2
6087,11437,4.99,20050802,182,2,2
6088,14444,5.99,20050821,182,2,2
6089,3414,2.99,20050621,386,2,2
6096,7288,5.99,20050727,386,2,2
6098,8600,2.99,20050729,386,2,2
6104,14739,0.99,20050821,386,2,2
6105,14934,4.99,20050822,386,2,2
6106,15472,2.99,20050823,386,2,2
6113,2155,1.99,20050617,170,2,2
6115,3065,0.99,20050620,170,2,2
6117,4340,2.99,20050707,170,2,2
6118,4459,4.99,20050707,170,2,2
6125,8417,4.99,20050729,170,2,2
6127,9521,2.99,20050731,170,2,2
6128,10999,3.99,20050802,170,2,2
6129,11892,0.99,20050817,170,2,2
6130,13379,4.99,20050819,170,2,2
6131,15406,0.99,20050822,170,2,2
6132,15976,4.99,20050823,170,2,2
6133,13374,4.99,20060214,170,2,2
6134,492,4.99,20050528,68,2,2
6135,1070,0.99,20050531,68,2,2
6136,2284,3.99,20050618,68,2,2
6137,2863,2.99,20050619,68,2,2
6138,2934,2.99,20050620,68,2,2
6139,3433,3.99,20050621,68,2,2
6140,3538,0.99,20050706,68,2,2
6141,3710,8.99,20050706,68,2,2
6143,3796,0.99,20050706,68,2,2
6149,5902,0.99,20050710,68,2,2
6150,6141,1.99,20050711,68,2,2
6152,7509,8.99,20050727,68,2,2
6157,12952,2.99,20050819,68,2,2
6158,13458,4.99,20050820,68,2,2
6159,12672,3.98,20060214,68,2,2
6164,3280,0.99,20050621,38,2,2
6165,3933,4.99,20050706,38,2,2
6166,4458,2.99,20050707,38,2,2
6168,4694,0.99,20050708,38,2,2
6170,6155,4.99,20050711,38,2,2
6171,6578,4.99,20050712,38,2,2
6173,7305,0.99,20050727,38,2,2
6174,7308,5.99,20050727,38,2,2
6175,7629,0.99,20050728,38,2,2
6176,7640,7.99,20050728,38,2,2
6177,9913,3.99,20050731,38,2,2
6180,13306,0.99,20050819,38,2,2
6181,13431,4.99,20050819,38,2,2
6184,15912,2.99,20050823,38,2,2
6185,13295,0.99,20060214,38,2,2
6188,1468,3.99,20050615,423,2,2
6190,1793,0.99,20050616,423,2,2
6191,2450,8.99,20050618,423,2,2
6192,2675,0.99,20050619,423,2,2
6198,5269,2.99,20050709,423,2,2
6199,6126,4.99,20050711,423,2,2
6201,7333,4.99,20050727,423,2,2
6202,7390,4.99,20050727,423,2,2
6203,8032,4.99,20050728,423,2,2
6204,8653,0.99,20050729,423,2,2
6206,9778,3.99,20050731,423,2,2
6207,10050,3.99,20050731,423,2,2
6209,10874,2.99,20050802,423,2,2
6210,11148,5.99,20050802,423,2,2
6212,11914,2.99,20050817,423,2,2
6214,12523,7.99,20050818,423,2,2
6215,12542,0.99,20050818,423,2,2
6216,14017,0.99,20050820,423,2,2
6222,2423,0.99,20050618,234,2,2
6223,3561,9.99,20050706,234,2,2
6225,4289,0.99,20050707,234,2,2
6226,4969,0.99,20050708,234,2,2
6232,8949,5.99,20050730,234,2,2
6233,9711,2.99,20050731,234,2,2
6234,11113,2.99,20050802,234,2,2
6238,12230,8.99,20050818,234,2,2
6240,13983,6.99,20050820,234,2,2
6243,14806,2.99,20050822,234,2,2
6247,1619,0.99,20050616,377,2,2
6249,6234,5.99,20050711,377,2,2
6252,7653,4.99,20050728,377,2,2
6253,7707,0.99,20050728,377,2,2
6257,8401,4.99,20050729,377,2,2
6258,8655,4.99,20050729,377,2,2
6259,9270,0.99,20050730,377,2,2
6260,9330,10.99,20050730,377,2,2
6261,9365,2.99,20050730,377,2,2
6262,10157,2.99,20050731,377,2,2
6264,11861,0.99,20050817,377,2,2
6265,12853,2.99,20050819,377,2,2
6266,13707,2.99,20050820,377,2,2
6267,14527,0.99,20050821,377,2,2
6268,14857,0.99,20050822,377,2,2
6269,15553,2.99,20050823,377,2,2
6270,1992,2.99,20050617,149,2,2
6271,2244,2.99,20050618,149,2,2
6273,2443,4.99,20050618,149,2,2
6277,5267,5.99,20050709,149,2,2
6282,7387,4.99,20050727,149,2,2
6283,8385,5.99,20050729,149,2,2
6284,8530,2.99,20050729,149,2,2
6285,8596,0.99,20050729,149,2,2
6289,14357,2.99,20050821,149,2,2
6290,15285,2.99,20050822,149,2,2
6292,15821,0.99,20050823,149,2,2
6293,1125,4.99,20050531,308,2,2
6294,1245,3.99,20050615,308,2,2
6295,1645,0.99,20050616,308,2,2
6297,1993,5.99,20050617,308,2,2
6299,2511,5.99,20050618,308,2,2
6300,3185,6.99,20050620,308,2,2
6301,3199,4.99,20050621,308,2,2
6302,4686,0.99,20050708,308,2,2
6304,10133,5.99,20050731,308,2,2
6305,10541,0.99,20050801,308,2,2
6306,10580,6.99,20050801,308,2,2
6307,10968,7.99,20050802,308,2,2
6313,12863,4.99,20050819,308,2,2
6315,13349,2.99,20050819,308,2,2
6316,15037,5.99,20050822,308,2,2
6319,807,2.99,20050529,133,2,2
6322,1811,0.99,20050616,133,2,2
6323,3581,2.99,20050706,133,2,2
6326,4592,2.99,20050708,133,2,2
6329,6352,4.99,20050711,133,2,2
6330,6466,4.99,20050712,133,2,2
6332,8446,6.99,20050729,133,2,2
6333,8781,0.99,20050729,133,2,2
6335,9519,6.99,20050731,133,2,2
6337,10155,0.99,20050731,133,2,2
6338,12332,2.99,20050818,133,2,2
6340,13070,0.99,20050819,133,2,2
6342,14749,3.99,20050821,133,2,2
6344,262,2.99,20050526,410,2,2
6345,344,2.99,20050527,410,2,2
6348,1308,5.99,20050615,410,2,2
6349,2139,8.99,20050617,410,2,2
6350,2311,6.99,20050618,410,2,2
6352,2840,3.99,20050619,410,2,2
6354,3460,2.99,20050621,410,2,2
6356,3857,4.99,20050706,410,2,2
6357,4749,4.99,20050708,410,2,2
6361,5938,3.99,20050710,410,2,2
6362,6049,0.99,20050711,410,2,2
6363,6281,4.99,20050711,410,2,2
6365,6996,4.99,20050727,410,2,2
6366,7047,4.99,20050727,410,2,2
6367,7253,0.99,20050727,410,2,2
6370,7798,2.99,20050728,410,2,2
6374,10137,4.99,20050731,410,2,2
6375,11139,6.99,20050802,410,2,2
6376,11486,3.99,20050802,410,2,2
6377,11507,5.99,20050816,410,2,2
6382,14321,4.99,20050821,410,2,2
6384,14722,4.99,20050821,410,2,2
6386,133,0.99,20050525,475,2,2
6389,1518,0.99,20050615,475,2,2
6392,3069,2.99,20050620,475,2,2
6394,6053,4.99,20050711,475,2,2
6396,7330,3.99,20050727,475,2,2
6398,7951,8.99,20050728,475,2,2
6399,8102,2.99,20050728,475,2,2
6400,8748,2.99,20050729,475,2,2
6401,8799,6.99,20050729,475,2,2
6405,9715,1.99,20050731,475,2,2
6406,10056,0.99,20050731,475,2,2
6407,10058,2.99,20050731,475,2,2
6408,11125,4.99,20050802,475,2,2
6409,11479,11.99,20050802,475,2,2
6410,11772,5.99,20050817,475,2,2
6412,13914,6.99,20050820,475,2,2
6413,13922,6.99,20050820,475,2,2
6414,13969,6.99,20050820,475,2,2
6415,14453,3.99,20050821,475,2,2
6416,15139,8.99,20050822,475,2,2
6418,15931,1.99,20050823,475,2,2
6419,315,4.99,20050526,228,2,2
6426,6403,0.99,20050711,228,2,2
6427,7243,4.99,20050727,228,2,2
6432,9841,7.99,20050731,228,2,2
6434,11543,5.99,20050817,228,2,2
6435,11632,2.99,20050817,228,2,2
6440,8,4.99,20050524,240,2,2
6445,1082,5.99,20050531,240,2,2
6447,1560,4.99,20050616,240,2,2
6448,2215,2.99,20050618,240,2,2
6451,3547,0.99,20050706,240,2,2
6453,4920,7.99,20050708,240,2,2
6454,5651,4.99,20050710,240,2,2
6457,7012,8.99,20050727,240,2,2
6459,7491,2.99,20050727,240,2,2
6461,9676,0.99,20050731,240,2,2
6464,10923,2.99,20050802,240,2,2
6466,11900,4.99,20050817,240,2,2
6471,13427,4.99,20050819,240,2,2
6472,13999,3.99,20050820,240,2,2
6473,14062,1.99,20050820,240,2,2
6477,2196,3.99,20050618,279,2,2
6479,2872,5.99,20050620,279,2,2
6480,4305,4.99,20050707,279,2,2
6481,5262,4.99,20050709,279,2,2
6484,6470,0.99,20050712,279,2,2
6488,7481,4.99,20050727,279,2,2
6490,8503,3.99,20050729,279,2,2
6491,8905,5.99,20050730,279,2,2
6494,12283,6.99,20050818,279,2,2
6495,13030,2.99,20050819,279,2,2
6496,13119,4.99,20050819,279,2,2
6498,14573,2.99,20050821,279,2,2
6499,15641,0.99,20050823,279,2,2
6502,2428,0.99,20050618,121,2,2
6504,2478,5.99,20050618,121,2,2
6505,2683,2.99,20050619,121,2,2
6506,3258,0.99,20050621,121,2,2
6507,3822,0.99,20050706,121,2,2
6509,5017,2.99,20050709,121,2,2
6512,5525,3.99,20050710,121,2,2
6514,6090,6.99,20050711,121,2,2
6515,6245,2.99,20050711,121,2,2
6522,10447,3.99,20050801,121,2,2
6525,12418,4.99,20050818,121,2,2
6527,13077,2.99,20050819,121,2,2
6528,14269,7.99,20050821,121,2,2
6529,14485,2.99,20050821,121,2,2
6531,15137,2.99,20050822,121,2,2
6535,283,3.99,20050526,109,2,2
6536,881,4.99,20050530,109,2,2
6537,1304,4.99,20050615,109,2,2
6540,1702,4.99,20050616,109,2,2
6542,2942,4.99,20050620,109,2,2
6544,3604,0.99,20050706,109,2,2
6546,4895,1.99,20050708,109,2,2
6547,5666,5.99,20050710,109,2,2
6548,7149,3.99,20050727,109,2,2
6552,10367,0.99,20050801,109,2,2
6553,10382,4.99,20050801,109,2,2
6554,10650,9.99,20050801,109,2,2
6555,11020,0.99,20050802,109,2,2
6557,11607,0.99,20050817,109,2,2
6559,12724,7.99,20050818,109,2,2
6562,13567,0.99,20050820,109,2,2
6563,13646,5.99,20050820,109,2,2
6569,2757,5.99,20050619,18,2,2
6570,3854,5.99,20050706,18,2,2
6574,6038,3.99,20050711,18,2,2
6575,6820,2.99,20050712,18,2,2
6576,7022,2.99,20050727,18,2,2
6577,7165,0.99,20050727,18,2,2
6579,9035,2.99,20050730,18,2,2
6580,9514,4.99,20050731,18,2,2
6581,9675,2.99,20050731,18,2,2
6582,9988,5.99,20050731,18,2,2
6588,14581,1.99,20050821,18,2,2
6589,14705,2.99,20050821,18,2,2
6590,592,4.99,20050528,403,2,2
6592,1189,6.99,20050615,403,2,2
6594,2955,3.99,20050620,403,2,2
6596,5387,4.99,20050709,403,2,2
6597,5461,0.99,20050709,403,2,2
6598,5692,0.99,20050710,403,2,2
6601,6374,4.99,20050711,403,2,2
6602,6608,2.99,20050712,403,2,2
6603,6683,2.99,20050712,403,2,2
6604,8454,0.99,20050729,403,2,2
6605,8844,5.99,20050729,403,2,2
6607,10047,4.99,20050731,403,2,2
6609,10684,6.99,20050801,403,2,2
6610,10969,2.99,20050802,403,2,2
6611,11157,0.99,20050802,403,2,2
6615,13774,0.99,20050820,403,2,2
6618,14657,0.99,20050821,403,2,2
6621,12736,4.99,20060214,403,2,2
6622,79,4.99,20050525,477,2,2
6626,725,2.99,20050529,477,2,2
6627,948,8.99,20050530,477,2,2
6632,5321,2.99,20050709,477,2,2
6634,6242,2.99,20050711,477,2,2
6636,6962,0.99,20050727,477,2,2
6638,7233,5.99,20050727,477,2,2
6640,7397,4.99,20050727,477,2,2
6641,8701,6.99,20050729,477,2,2
6643,9088,0.99,20050730,477,2,2
6644,9169,4.99,20050730,477,2,2
6647,11061,0.99,20050802,477,2,2
6653,12682,2.99,20060214,477,2,2
6655,421,8.99,20050527,53,2,2
6656,434,5.99,20050527,53,2,2
6659,1448,1.99,20050615,53,2,2
6661,2704,1.99,20050619,53,2,2
6665,4905,4.99,20050708,53,2,2
6666,4994,2.99,20050709,53,2,2
6667,5347,0.99,20050709,53,2,2
6669,9525,5.99,20050731,53,2,2
6670,10208,4.99,20050801,53,2,2
6671,10683,2.99,20050801,53,2,2
6672,13418,5.99,20050819,53,2,2
6678,448,3.99,20050527,323,2,2
6681,3955,2.99,20050706,323,2,2
6682,4198,6.99,20050707,323,2,2
6684,4995,2.99,20050709,323,2,2
6690,11204,2.99,20050802,323,2,2
6691,11306,2.99,20050802,323,2,2
6693,12265,4.99,20050818,323,2,2
6699,330,7.99,20050527,577,2,2
6702,2371,0.99,20050618,577,2,2
6704,4541,4.99,20050708,577,2,2
6707,6617,2.99,20050712,577,2,2
6708,7778,5.99,20050728,577,2,2
6709,10418,4.99,20050801,577,2,2
6712,14704,0.99,20050821,577,2,2
6713,14885,5.99,20050822,577,2,2
6714,316,4.99,20050526,116,2,2
6715,400,2.99,20050527,116,2,2
6720,1753,2.99,20050616,116,2,2
6721,2129,1.99,20050617,116,2,2
6722,3175,7.99,20050620,116,2,2
6726,5639,3.99,20050710,116,2,2
6727,6670,7.99,20050712,116,2,2
6730,7881,4.99,20050728,116,2,2
6733,11668,0.99,20050817,116,2,2
6734,13981,4.99,20050820,116,2,2
6735,14285,0.99,20050821,116,2,2
6740,687,0.99,20050529,375,2,2
6749,9099,0.99,20050730,375,2,2
6750,10604,4.99,20050801,375,2,2
6753,14565,4.99,20050821,375,2,2
6755,14814,4.99,20050822,375,2,2
6756,15247,6.99,20050822,375,2,2
6759,393,2.99,20050527,168,2,2
6760,1069,3.99,20050531,168,2,2
6762,1155,2.99,20050531,168,2,2
6764,3422,7.99,20050621,168,2,2
6767,4026,3.99,20050707,168,2,2
6768,4848,2.99,20050708,168,2,2
6769,5012,2.99,20050709,168,2,2
6770,5979,2.99,20050711,168,2,2
6771,6413,6.99,20050711,168,2,2
6772,7338,8.99,20050727,168,2,2
6773,8443,2.99,20050729,168,2,2
6774,8982,0.99,20050730,168,2,2
6779,12047,3.99,20050817,168,2,2
6780,12666,4.99,20050818,168,2,2
6781,13121,2.99,20050819,168,2,2
6783,13260,6.99,20050819,168,2,2
6785,15647,2.99,20050823,168,2,2
6786,15870,4.99,20050823,168,2,2
6791,2716,4.99,20050619,536,2,2
6793,4372,0.99,20050707,536,2,2
6794,5554,2.99,20050710,536,2,2
6796,6369,0.99,20050711,536,2,2
6798,7121,0.99,20050727,536,2,2
6799,7168,0.99,20050727,536,2,2
6803,10314,0.99,20050801,536,2,2
6804,10834,2.99,20050801,536,2,2
6805,11764,0.99,20050817,536,2,2
6807,13989,5.99,20050820,536,2,2
6809,13756,4.99,20060214,536,2,2
6813,1378,1.99,20050615,290,2,2
6814,1606,6.99,20050616,290,2,2
6815,2081,5.99,20050617,290,2,2
6818,2636,4.99,20050619,290,2,2
6822,7689,2.99,20050728,290,2,2
6823,7851,0.99,20050728,290,2,2
6824,7887,2.99,20050728,290,2,2
6825,8752,2.99,20050729,290,2,2
6826,9606,0.99,20050731,290,2,2
6827,9618,6.99,20050731,290,2,2
6828,10404,4.99,20050801,290,2,2
6830,10881,6.99,20050802,290,2,2
6832,12827,5.99,20050819,290,2,2
6834,14086,3.99,20050820,290,2,2
6835,14283,4.99,20050821,290,2,2
6837,14655,4.99,20050821,290,2,2
6838,15221,2.99,20050822,290,2,2
6842,1390,0.99,20050615,55,2,2
6845,2687,3.99,20050619,55,2,2
6847,5042,2.99,20050709,55,2,2
6849,5080,2.99,20050709,55,2,2
6853,5930,4.99,20050710,55,2,2
6854,7011,0.99,20050727,55,2,2
6856,8216,7.99,20050728,55,2,2
6857,8581,4.99,20050729,55,2,2
6858,9494,1.99,20050730,55,2,2
6862,12148,0.99,20050818,55,2,2
6866,13001,4.99,20050819,55,2,2
6868,13130,2.99,20050819,55,2,2
6869,14497,4.99,20050821,55,2,2
6873,1681,2.99,20050616,400,2,2
6874,3442,2.99,20050621,400,2,2
6878,7475,8.99,20050727,400,2,2
6882,11979,4.99,20050817,400,2,2
6883,12176,7.99,20050818,400,2,2
6884,13154,2.99,20050819,400,2,2
6886,13683,0.99,20050820,400,2,2
6888,14600,3.99,20050821,400,2,2
6891,738,4.99,20050529,355,2,2
6895,1965,0.99,20050617,355,2,2
6896,1973,4.99,20050617,355,2,2
6897,2230,4.99,20050618,355,2,2
6899,2561,4.99,20050619,355,2,2
6902,4182,0.99,20050707,355,2,2
6906,9424,2.99,20050730,355,2,2
6907,10759,4.99,20050801,355,2,2
6908,11011,2.99,20050802,355,2,2
6909,11628,8.99,20050817,355,2,2
6910,13457,0.99,20050820,355,2,2
6913,14036,4.99,20050820,355,2,2
6914,14445,2.99,20050821,355,2,2
6915,14458,3.99,20050821,355,2,2
6916,15609,2.99,20050823,355,2,2
6917,15861,4.99,20050823,355,2,2
6919,139,2.99,20050525,352,2,2
6920,244,2.99,20050526,352,2,2
6921,705,2.99,20050529,352,2,2
6923,3083,4.99,20050620,352,2,2
6924,4462,6.99,20050708,352,2,2
6925,4574,4.99,20050708,352,2,2
6929,6711,5.99,20050712,352,2,2
6930,7007,4.99,20050727,352,2,2
6933,7510,2.99,20050727,352,2,2
6934,7518,5.99,20050727,352,2,2
6935,8156,3.99,20050728,352,2,2
6936,8252,2.99,20050729,352,2,2
6939,8946,6.99,20050730,352,2,2
6941,10142,4.99,20050731,352,2,2
6944,11545,6.99,20050817,352,2,2
6945,11860,1.99,20050817,352,2,2
6946,12841,2.99,20050819,352,2,2
6948,13203,7.99,20050819,352,2,2
6949,13218,0.99,20050819,352,2,2
6951,13846,5.99,20050820,352,2,2
6952,14115,0.99,20050821,352,2,2
6955,15968,0.99,20050823,352,2,2
6957,2678,0.99,20050619,144,2,2
6958,2931,8.99,20050620,144,2,2
6959,4408,2.99,20050707,144,2,2
6961,4897,0.99,20050708,144,2,2
6962,5312,5.99,20050709,144,2,2
6965,6012,4.99,20050711,144,2,2
6968,9069,4.99,20050730,144,2,2
6969,10293,1.99,20050801,144,2,2
6970,10315,4.99,20050801,144,2,2
6972,10332,6.99,20050801,144,2,2
6975,12296,3.99,20050818,144,2,2
6978,13897,2.99,20050820,144,2,2
6979,14901,6.99,20050822,144,2,2
6980,722,6.99,20050529,200,2,2
6981,901,2.99,20050530,200,2,2
6984,1723,7.99,20050616,200,2,2
6985,1813,2.99,20050616,200,2,2
6986,2375,5.99,20050618,200,2,2
6987,4199,5.99,20050707,200,2,2
6988,4489,4.99,20050708,200,2,2
6990,6539,3.99,20050712,200,2,2
6991,7188,2.99,20050727,200,2,2
6992,7774,7.99,20050728,200,2,2
6994,9205,6.99,20050730,200,2,2
7000,12680,6.99,20050818,200,2,2
7002,13112,2.99,20050819,200,2,2
7003,13366,4.99,20050819,200,2,2
7005,13649,4.99,20050820,200,2,2
7006,14067,6.99,20050820,200,2,2
7007,14170,4.99,20050821,200,2,2
7008,14966,2.99,20050822,200,2,2
7015,2001,2.99,20050617,84,2,2
7016,2040,2.99,20050617,84,2,2
7020,2958,3.99,20050620,84,2,2
7022,4054,0.99,20050707,84,2,2
7023,4741,6.99,20050708,84,2,2
7025,6328,2.99,20050711,84,2,2
7026,7072,0.99,20050727,84,2,2
7033,9176,4.99,20050730,84,2,2
7034,10970,8.99,20050802,84,2,2
7036,13440,2.99,20050819,84,2,2
7039,13978,0.99,20050820,84,2,2
7040,14035,2.99,20050820,84,2,2
7041,14441,2.99,20050821,84,2,2
7045,465,3.99,20050527,412,2,2
7046,542,6.99,20050528,412,2,2
7050,1988,8.99,20050617,412,2,2
7051,2072,3.99,20050617,412,2,2
7052,2392,0.99,20050618,412,2,2
7056,6515,2.99,20050712,412,2,2
7058,9552,4.99,20050731,412,2,2
7061,10246,1.99,20050801,412,2,2
7063,11928,2.99,20050817,412,2,2
7065,13245,4.99,20050819,412,2,2
7066,13506,5.99,20050820,412,2,2
7069,15397,4.99,20050822,412,2,2
7070,984,4.99,20050530,146,2,2
7073,2850,8.99,20050619,146,2,2
7078,5503,0.99,20050710,146,2,2
7080,6547,7.99,20050712,146,2,2
7082,6762,7.99,20050712,146,2,2
7086,10421,0.99,20050801,146,2,2
7087,10770,0.99,20050801,146,2,2
7088,13466,2.99,20050820,146,2,2
7091,14465,3.99,20050821,146,2,2
7092,14834,6.99,20050822,146,2,2
7093,15270,3.99,20050822,146,2,2
7096,15771,4.99,20050823,146,2,2
7100,2126,8.99,20050617,404,2,2
7101,3257,1.99,20050621,404,2,2
7103,3773,2.99,20050706,404,2,2
7104,4637,0.99,20050708,404,2,2
7105,4682,2.99,20050708,404,2,2
7106,5125,2.99,20050709,404,2,2
7107,5254,1.99,20050709,404,2,2
7108,6376,4.99,20050711,404,2,2
7111,7291,4.99,20050727,404,2,2
7114,7833,1.99,20050728,404,2,2
7119,12057,9.99,20050817,404,2,2
7120,12432,5.99,20050818,404,2,2
7121,12919,6.99,20050819,404,2,2
7123,14448,6.99,20050821,404,2,2
7125,15922,7.99,20050823,404,2,2
7127,1165,3.99,20050614,275,2,2
7135,6391,0.99,20050711,275,2,2
7139,9380,2.99,20050730,275,2,2
7140,9515,0.99,20050731,275,2,2
7143,10792,2.99,20050801,275,2,2
7145,11533,0.99,20050817,275,2,2
7148,13590,2.99,20050820,275,2,2
7151,14243,2.99,20060214,275,2,2
7152,74,0.99,20050525,141,2,2
7153,2027,7.99,20050617,141,2,2
7154,2562,4.99,20050619,141,2,2
7159,5029,7.99,20050709,141,2,2
7163,6371,4.99,20050711,141,2,2
7164,6553,5.99,20050712,141,2,2
7165,6921,6.99,20050712,141,2,2
7166,7414,1.99,20050727,141,2,2
7169,8489,2.99,20050729,141,2,2
7170,8665,0.99,20050729,141,2,2
7172,10592,3.99,20050801,141,2,2
7173,11000,3.99,20050802,141,2,2
7175,12346,4.99,20050818,141,2,2
7176,13700,8.99,20050820,141,2,2
7177,14125,4.99,20050821,141,2,2
7179,14556,6.99,20050821,141,2,2
7182,651,2.99,20050528,25,2,2
7183,1280,5.99,20050615,25,2,2
7184,2065,4.99,20050617,25,2,2
7185,3002,4.99,20050620,25,2,2
7187,3585,0.99,20050706,25,2,2
7188,5362,5.99,20050709,25,2,2
7191,9109,5.99,20050730,25,2,2
7192,10747,4.99,20050801,25,2,2
7193,10910,5.99,20050802,25,2,2
7194,11233,5.99,20050802,25,2,2
7196,11626,0.99,20050817,25,2,2
7199,12378,0.99,20050818,25,2,2
7209,91,6.99,20050525,103,2,2
7211,1030,4.99,20050531,103,2,2
7212,1257,4.99,20050615,103,2,2
7213,1349,4.99,20050615,103,2,2
7214,2265,2.99,20050618,103,2,2
7215,2578,7.99,20050619,103,2,2
7217,2699,2.99,20050619,103,2,2
7218,2754,4.99,20050619,103,2,2
7220,3090,0.99,20050620,103,2,2
7227,9059,3.99,20050730,103,2,2
7229,9403,4.99,20050730,103,2,2
7230,9807,2.99,20050731,103,2,2
7231,10048,4.99,20050731,103,2,2
7233,11373,0.99,20050802,103,2,2
7237,13236,9.99,20050819,103,2,2
7239,15020,3.99,20050822,103,2,2
7243,12066,7.98,20060214,103,2,2
7244,13713,0.00,20060214,103,2,2
7246,1450,4.99,20050615,215,2,2
7247,1551,3.99,20050616,215,2,2
7249,2324,4.99,20050618,215,2,2
7250,2858,2.99,20050619,215,2,2
7253,3670,4.99,20050706,215,2,2
7254,4626,4.99,20050708,215,2,2
7256,5671,2.99,20050710,215,2,2
7257,5793,2.99,20050710,215,2,2
7258,5888,6.99,20050710,215,2,2
7260,6489,1.99,20050712,215,2,2
7262,9436,7.99,20050730,215,2,2
7263,9531,3.99,20050731,215,2,2
7265,11462,7.99,20050802,215,2,2
7266,11828,6.99,20050817,215,2,2
7267,12007,2.99,20050817,215,2,2
7268,12694,4.99,20050818,215,2,2
7269,13880,5.99,20050820,215,2,2
7270,14249,4.99,20050821,215,2,2
7271,14373,4.99,20050821,215,2,2
7273,15183,2.99,20050822,215,2,2
7274,7,1.99,20050524,573,2,2
7276,678,6.99,20050528,573,2,2
7277,703,0.99,20050529,573,2,2
7279,1099,2.99,20050531,573,2,2
7281,1909,2.99,20050617,573,2,2
7282,2493,6.99,20050618,573,2,2
7284,4804,0.99,20050708,573,2,2
7285,4880,6.99,20050708,573,2,2
7288,6804,4.99,20050712,573,2,2
7292,10566,2.99,20050801,573,2,2
7297,13142,5.99,20050819,573,2,2
7298,13759,2.99,20050820,573,2,2
7300,14693,6.99,20050821,573,2,2
7301,15788,2.99,20050823,573,2,2
7303,12610,0.00,20060214,573,2,2
7309,3164,5.99,20050620,416,2,2
7312,5533,0.99,20050710,416,2,2
7313,6520,4.99,20050712,416,2,2
7315,8618,3.99,20050729,416,2,2
7318,10579,5.99,20050801,416,2,2
7319,10648,4.99,20050801,416,2,2
7322,11841,2.99,20050817,416,2,2
7326,13945,1.99,20050820,416,2,2
7328,15620,6.99,20050823,416,2,2
7330,1852,2.99,20050617,210,2,2
7332,4545,2.99,20050708,210,2,2
7333,5878,1.99,20050710,210,2,2
7339,10143,7.99,20050731,210,2,2
7340,10310,4.99,20050801,210,2,2
7344,14234,0.99,20050821,210,2,2
7345,14355,4.99,20050821,210,2,2
7351,1604,4.99,20050616,125,2,2
7352,2546,5.99,20050619,125,2,2
7354,5047,3.99,20050709,125,2,2
7355,5158,2.99,20050709,125,2,2
7356,7300,7.99,20050727,125,2,2
7357,7658,2.99,20050728,125,2,2
7359,9787,10.99,20050731,125,2,2
7361,11003,2.99,20050802,125,2,2
7362,11597,8.99,20050817,125,2,2
7364,12006,6.99,20050817,125,2,2
7365,13274,2.99,20050819,125,2,2
7367,122,3.99,20050525,341,2,2
7368,980,0.99,20050530,341,2,2
7369,1391,6.99,20050615,341,2,2
7370,1747,6.99,20050616,341,2,2
7371,1765,4.99,20050616,341,2,2
7374,3556,2.99,20050706,341,2,2
7377,5435,7.99,20050709,341,2,2
7381,6696,2.99,20050712,341,2,2
7385,9285,5.99,20050730,341,2,2
7386,9391,0.99,20050730,341,2,2
7387,9693,3.99,20050731,341,2,2
7388,9729,0.99,20050731,341,2,2
7393,11509,4.99,20050816,341,2,2
7395,13738,4.99,20050820,341,2,2
7397,14092,4.99,20050821,341,2,2
7398,14558,2.99,20050821,341,2,2
7399,14911,2.99,20050822,341,2,2
7400,15372,2.99,20050822,341,2,2
7404,301,2.99,20050526,208,2,2
7406,474,2.99,20050527,208,2,2
7409,3291,9.99,20050621,208,2,2
7410,3532,5.99,20050706,208,2,2
7412,4582,2.99,20050708,208,2,2
7413,6389,3.99,20050711,208,2,2
7414,8259,0.99,20050729,208,2,2
7415,8406,5.99,20050729,208,2,2
7416,8517,7.99,20050729,208,2,2
7419,10059,4.99,20050731,208,2,2
7421,10855,0.99,20050802,208,2,2
7423,11363,2.99,20050802,208,2,2
7426,13129,8.99,20050819,208,2,2
7430,14164,7.99,20050821,208,2,2
7432,15143,2.99,20050822,208,2,2
7434,15328,2.99,20050822,208,2,2
7435,15819,3.99,20050823,208,2,2
7437,336,2.99,20050527,569,2,2
7438,1797,3.99,20050616,569,2,2
7439,2414,0.99,20050618,569,2,2
7442,4396,0.99,20050707,569,2,2
7444,4912,9.99,20050708,569,2,2
7445,6301,5.99,20050711,569,2,2
7446,6856,0.99,20050712,569,2,2
7448,7596,4.99,20050727,569,2,2
7450,9258,2.99,20050730,569,2,2
7452,11309,1.99,20050802,569,2,2
7454,12589,5.99,20050818,569,2,2
7457,13860,2.99,20050820,569,2,2
7458,13865,1.99,20050820,569,2,2
7459,13902,0.99,20050820,569,2,2
7460,14063,0.99,20050820,569,2,2
7463,14483,5.99,20050821,569,2,2
7464,14727,4.99,20050821,569,2,2
7465,15269,2.99,20050822,569,2,2
7466,15496,3.99,20050823,569,2,2
7470,2763,4.99,20050619,578,2,2
7471,3064,6.99,20050620,578,2,2
7472,3714,2.99,20050706,578,2,2
7474,5186,4.99,20050709,578,2,2
7475,5246,4.99,20050709,578,2,2
7476,7282,5.99,20050727,578,2,2
7477,7842,2.99,20050728,578,2,2
7482,10149,5.99,20050731,578,2,2
7483,10691,0.99,20050801,578,2,2
7485,11085,2.99,20050802,578,2,2
7487,11961,3.99,20050817,578,2,2
7488,12178,5.99,20050818,578,2,2
7489,12251,4.99,20050818,578,2,2
7492,15718,2.99,20050823,578,2,2
7494,15923,4.99,20050823,578,2,2
7495,308,6.99,20050526,372,2,2
7497,1717,2.99,20050616,372,2,2
7498,2162,3.99,20050617,372,2,2
7499,2723,4.99,20050619,372,2,2
7501,3274,4.99,20050621,372,2,2
7503,3740,5.99,20050706,372,2,2
7504,3897,2.99,20050706,372,2,2
7506,4987,5.99,20050709,372,2,2
7509,6455,2.99,20050712,372,2,2
7511,7423,4.99,20050727,372,2,2
7512,8410,2.99,20050729,372,2,2
7513,9669,4.99,20050731,372,2,2
7515,11074,3.99,20050802,372,2,2
7516,11162,4.99,20050802,372,2,2
7517,11574,0.99,20050817,372,2,2
7518,12149,3.99,20050818,372,2,2
7521,13526,4.99,20050820,372,2,2
7523,14227,4.99,20050821,372,2,2
7524,14745,4.99,20050821,372,2,2
7528,1387,0.99,20050615,514,2,2
7530,2078,4.99,20050617,514,2,2
7534,4866,8.99,20050708,514,2,2
7535,6869,4.99,20050712,514,2,2
7537,7834,0.99,20050728,514,2,2
7538,8222,5.99,20050728,514,2,2
7540,9448,2.99,20050730,514,2,2
7543,10849,3.99,20050801,514,2,2
7545,11531,0.99,20050817,514,2,2
7548,13976,0.99,20050820,514,2,2
7550,14803,0.99,20050822,514,2,2
7554,1019,0.99,20050531,260,2,2
7562,5248,2.99,20050709,260,2,2
7566,8559,3.99,20050729,260,2,2
7567,9820,5.99,20050731,260,2,2
7568,10177,2.99,20050731,260,2,2
7569,11250,6.99,20050802,260,2,2
7572,12935,2.99,20050819,260,2,2
7576,13588,4.99,20050820,260,2,2
7577,14206,2.99,20050821,260,2,2
7581,15580,6.99,20050823,260,2,2
7583,13538,4.99,20060214,260,2,2
7586,3009,4.99,20050620,374,2,2
7587,3097,0.99,20050620,374,2,2
7589,6851,0.99,20050712,374,2,2
7591,7901,0.99,20050728,374,2,2
7592,8319,0.99,20050729,374,2,2
7595,8695,6.99,20050729,374,2,2
7596,8744,3.99,20050729,374,2,2
7598,9103,0.99,20050730,374,2,2
7604,13231,9.99,20050819,374,2,2
7607,15036,2.99,20050822,374,2,2
7609,15554,5.99,20050823,374,2,2
7610,15950,5.99,20050823,374,2,2
7611,650,2.99,20050528,91,2,2
7612,754,2.99,20050529,91,2,2
7613,1485,5.99,20050615,91,2,2
7616,4864,6.99,20050708,91,2,2
7617,5410,5.99,20050709,91,2,2
7618,6825,0.99,20050712,91,2,2
7619,7034,2.99,20050727,91,2,2
7621,8131,0.99,20050728,91,2,2
7622,8180,4.99,20050728,91,2,2
7625,48,1.99,20050525,422,2,2
7626,282,6.99,20050526,422,2,2
7627,564,0.99,20050528,422,2,2
7629,2176,2.99,20050618,422,2,2
7630,3408,4.99,20050621,422,2,2
7632,3675,2.99,20050706,422,2,2
7635,4412,4.99,20050707,422,2,2
7637,5319,8.99,20050709,422,2,2
7640,7534,3.99,20050727,422,2,2
7642,8270,4.99,20050729,422,2,2
7643,8468,1.99,20050729,422,2,2
7644,8743,0.99,20050729,422,2,2
7645,8973,1.99,20050730,422,2,2
7646,9658,9.99,20050731,422,2,2
7647,11226,2.99,20050802,422,2,2
7649,13749,2.99,20050820,422,2,2
7650,15543,4.99,20050823,422,2,2
7651,15430,0.99,20060214,422,2,2
7653,1796,2.99,20050616,100,2,2
7654,2333,2.99,20050618,100,2,2
7656,2849,7.99,20050619,100,2,2
7659,3590,4.99,20050706,100,2,2
7660,3672,0.99,20050706,100,2,2
7661,4683,2.99,20050708,100,2,2
7662,4876,1.99,20050708,100,2,2
7663,5989,2.99,20050711,100,2,2
7666,6313,0.99,20050711,100,2,2
7670,9353,4.99,20050730,100,2,2
7671,9478,2.99,20050730,100,2,2
7672,9572,2.99,20050731,100,2,2
7673,9918,2.99,20050731,100,2,2
7675,11846,2.99,20050817,100,2,2
7676,11966,0.99,20050817,100,2,2
7680,423,0.99,20050527,365,2,2
7681,791,0.99,20050529,365,2,2
7684,2813,6.99,20050619,365,2,2
7685,3296,0.99,20050621,365,2,2
7687,4081,2.99,20050707,365,2,2
7689,4931,7.99,20050708,365,2,2
7692,6982,2.99,20050727,365,2,2
7695,7716,8.99,20050728,365,2,2
7700,12162,3.99,20050818,365,2,2
7703,14746,4.99,20050821,365,2,2
7705,15135,3.99,20050822,365,2,2
7707,12959,0.00,20060214,365,2,2
7708,1161,7.99,20050614,296,2,2
7709,1302,3.99,20050615,296,2,2
7711,4007,6.99,20050707,296,2,2
7712,5112,2.99,20050709,296,2,2
7715,6083,3.99,20050711,296,2,2
7717,6333,4.99,20050711,296,2,2
7718,6644,0.99,20050712,296,2,2
7723,8466,0.99,20050729,296,2,2
7725,10628,2.99,20050801,296,2,2
7730,12687,9.99,20050818,296,2,2
7731,13102,7.99,20050819,296,2,2
7732,15251,0.99,20050822,296,2,2
7734,81,6.99,20050525,367,2,2
7737,3592,4.99,20050706,367,2,2
7738,3692,3.99,20050706,367,2,2
7739,4242,6.99,20050707,367,2,2
7740,4461,9.99,20050707,367,2,2
7744,6611,2.99,20050712,367,2,2
7750,8399,0.99,20050729,367,2,2
7751,9280,6.99,20050730,367,2,2
7753,10105,5.99,20050731,367,2,2
7754,11670,0.99,20050817,367,2,2
7755,12595,0.99,20050818,367,2,2
7757,13635,5.99,20050820,367,2,2
7760,15629,4.99,20050823,367,2,2
7761,498,0.99,20050528,231,2,2
7763,964,2.99,20050530,231,2,2
7765,1642,2.99,20050616,231,2,2
7766,2286,9.99,20050618,231,2,2
7767,2612,6.99,20050619,231,2,2
7768,4877,4.99,20050708,231,2,2
7769,5346,1.99,20050709,231,2,2
7771,5761,0.99,20050710,231,2,2
7772,6379,3.99,20050711,231,2,2
7774,7402,2.99,20050727,231,2,2
7775,7777,2.99,20050728,231,2,2
7776,8994,6.99,20050730,231,2,2
7777,9716,1.99,20050731,231,2,2
7779,10574,2.99,20050801,231,2,2
7780,10807,4.99,20050801,231,2,2
7781,11106,4.99,20050802,231,2,2
7783,12861,2.99,20050819,231,2,2
7784,14715,6.99,20050821,231,2,2
7785,15076,1.99,20050822,231,2,2
7787,15127,0.99,20050822,231,2,2
7789,14204,0.99,20060214,231,2,2
7790,93,3.99,20050525,346,2,2
7791,427,6.99,20050527,346,2,2
7793,565,5.99,20050528,346,2,2
7797,4758,0.99,20050708,346,2,2
7799,6518,3.99,20050712,346,2,2
7800,7744,0.99,20050728,346,2,2
7801,7855,2.99,20050728,346,2,2
7802,9429,2.99,20050730,346,2,2
7805,11952,2.99,20050817,346,2,2
7809,13363,2.99,20050819,346,2,2
7810,14113,0.99,20050821,346,2,2
7811,14756,0.99,20050821,346,2,2
7812,15058,2.99,20050822,346,2,2
7814,1880,4.99,20050617,177,2,2
7815,2316,0.99,20050618,177,2,2
7818,2948,6.99,20050620,177,2,2
7819,3123,6.99,20050620,177,2,2
7821,4622,0.99,20050708,177,2,2
7823,5342,8.99,20050709,177,2,2
7824,5584,4.99,20050710,177,2,2
7825,5724,0.99,20050710,177,2,2
7826,6007,3.99,20050711,177,2,2
7827,6536,7.99,20050712,177,2,2
7830,7325,0.99,20050727,177,2,2
7832,10297,7.99,20050801,177,2,2
7835,12558,7.99,20050818,177,2,2
7836,13165,0.99,20050819,177,2,2
7837,13211,0.99,20050819,177,2,2
7838,13256,9.99,20050819,177,2,2
7839,13336,5.99,20050819,177,2,2
7840,13891,6.99,20050820,177,2,2
7842,14729,4.99,20050821,177,2,2
7843,14917,4.99,20050822,177,2,2
7846,1336,8.99,20050615,585,2,2
7847,1496,4.99,20050615,585,2,2
7848,1532,0.99,20050616,585,2,2
7850,4039,4.99,20050707,585,2,2
7852,4416,0.99,20050707,585,2,2
7854,5214,5.99,20050709,585,2,2
7855,5827,2.99,20050710,585,2,2
7856,6816,4.99,20050712,585,2,2
7858,7265,2.99,20050727,585,2,2
7863,10096,3.99,20050731,585,2,2
7867,12193,3.99,20050818,585,2,2
7868,12778,4.99,20050818,585,2,2
7869,13190,1.99,20050819,585,2,2
7871,13687,2.99,20050820,585,2,2
7873,747,4.99,20050529,570,2,2
7877,3042,2.99,20050620,570,2,2
7878,3512,4.99,20050706,570,2,2
7879,4862,3.99,20050708,570,2,2
7880,5754,2.99,20050710,570,2,2
7881,6516,4.99,20050712,570,2,2
7884,7564,0.99,20050727,570,2,2
7886,8697,4.99,20050729,570,2,2
7888,9201,5.99,20050730,570,2,2
7889,9919,7.99,20050731,570,2,2
7891,11145,0.99,20050802,570,2,2
7893,14241,4.99,20050821,570,2,2
7894,15663,3.99,20050823,570,2,2
7897,2258,3.99,20050618,533,2,2
7899,3328,2.99,20050621,533,2,2
7900,3557,0.99,20050706,533,2,2
7902,5095,4.99,20050709,533,2,2
7903,5257,0.99,20050709,533,2,2
7907,7199,5.99,20050727,533,2,2
7912,8842,4.99,20050729,533,2,2
7915,9819,1.99,20050731,533,2,2
7920,14845,4.99,20050822,533,2,2
7922,445,0.99,20050527,479,2,2
7924,1034,8.99,20050531,479,2,2
7927,1860,4.99,20050617,479,2,2
7929,3025,2.99,20050620,479,2,2
7931,3452,4.99,20050621,479,2,2
7933,4343,0.99,20050707,479,2,2
7934,4542,4.99,20050708,479,2,2
7935,4944,6.99,20050708,479,2,2
7936,5765,3.99,20050710,479,2,2
7938,7607,4.99,20050728,479,2,2
7941,9123,2.99,20050730,479,2,2
7942,11131,1.99,20050802,479,2,2
7944,13013,6.99,20050819,479,2,2
7946,13504,5.99,20050820,479,2,2
7952,15675,5.99,20050823,479,2,2
7955,3330,2.99,20050621,555,2,2
7957,4019,4.99,20050707,555,2,2
7959,6185,5.99,20050711,555,2,2
7960,7415,6.99,20050727,555,2,2
7962,8843,4.99,20050729,555,2,2
7963,9194,2.99,20050730,555,2,2
7965,9607,0.99,20050731,555,2,2
7966,10186,0.99,20050801,555,2,2
7967,10220,4.99,20050801,555,2,2
7969,10600,2.99,20050801,555,2,2
7970,10642,4.99,20050801,555,2,2
7971,11071,2.99,20050802,555,2,2
7973,11875,4.99,20050817,555,2,2
7974,11981,2.99,20050817,555,2,2
7977,14630,7.99,20050821,555,2,2
7979,371,3.99,20050527,436,2,2
7982,1935,2.99,20050617,436,2,2
7988,3394,8.99,20050621,436,2,2
7989,3496,1.99,20050705,436,2,2
7994,5053,4.99,20050709,436,2,2
7995,5283,2.99,20050709,436,2,2
7996,5994,4.99,20050711,436,2,2
7998,6331,3.99,20050711,436,2,2
7999,8087,0.99,20050728,436,2,2
8002,8932,2.99,20050730,436,2,2
8004,9692,8.99,20050731,436,2,2
8005,9793,4.99,20050731,436,2,2
8006,10160,4.99,20050731,436,2,2
8007,10222,0.99,20050801,436,2,2
8009,11083,4.99,20050802,436,2,2
8010,11913,5.99,20050817,436,2,2
8011,12041,4.99,20050817,436,2,2
8016,15735,0.99,20060214,436,2,2
8017,162,4.99,20050526,218,2,2
8020,956,2.99,20050530,218,2,2
8021,1659,4.99,20050616,218,2,2
8023,3119,0.99,20050620,218,2,2
8024,3486,7.99,20050705,218,2,2
8027,5090,0.99,20050709,218,2,2
8029,6016,4.99,20050711,218,2,2
8032,7568,4.99,20050727,218,2,2
8033,8171,0.99,20050728,218,2,2
8036,11571,4.99,20050817,218,2,2
8037,11825,4.99,20050817,218,2,2
8038,12689,3.99,20050818,218,2,2
8039,13471,2.99,20050820,218,2,2
8043,14571,7.99,20050821,218,2,2
8044,15023,2.99,20050822,218,2,2
8045,15866,7.99,20050823,218,2,2
8047,143,0.99,20050525,180,2,2
8053,2339,4.99,20050618,180,2,2
8055,4621,2.99,20050708,180,2,2
8058,6036,2.99,20050711,180,2,2
8062,7867,0.99,20050728,180,2,2
8064,9014,2.99,20050730,180,2,2
8065,9674,5.99,20050731,180,2,2
8067,10264,4.99,20050801,180,2,2
8068,11269,0.99,20050802,180,2,2
8069,11413,0.99,20050802,180,2,2
8070,11585,4.99,20050817,180,2,2
8075,13721,4.99,20050820,180,2,2
8078,15582,2.99,20050823,180,2,2
8081,1454,4.99,20050615,157,2,2
8082,2385,3.99,20050618,157,2,2
8083,3095,4.99,20050620,157,2,2
8084,3400,4.99,20050621,157,2,2
8085,3479,0.99,20050705,157,2,2
8087,4291,2.99,20050707,157,2,2
8089,5166,2.99,20050709,157,2,2
8091,6802,0.99,20050712,157,2,2
8092,7802,0.99,20050728,157,2,2
8094,8737,5.99,20050729,157,2,2
8095,10248,6.99,20050801,157,2,2
8097,11288,6.99,20050802,157,2,2
8098,12076,0.99,20050817,157,2,2
8102,14473,0.99,20050821,157,2,2
8104,15262,4.99,20050822,157,2,2
8107,606,8.99,20050528,277,2,2
8109,2664,4.99,20050619,277,2,2
8111,2791,4.99,20050619,277,2,2
8113,3223,2.99,20050621,277,2,2
8115,3497,0.99,20050706,277,2,2
8116,4153,5.99,20050707,277,2,2
8118,5033,1.99,20050709,277,2,2
8120,6732,0.99,20050712,277,2,2
8124,7862,9.99,20050728,277,2,2
8127,10440,2.99,20050801,277,2,2
8132,14208,0.99,20050821,277,2,2
8134,14889,4.99,20050822,277,2,2
8135,14898,6.99,20050822,277,2,2
8136,457,0.99,20050527,216,2,2
8139,1381,0.99,20050615,216,2,2
8143,5562,2.99,20050710,216,2,2
8145,6111,4.99,20050711,216,2,2
8153,9127,2.99,20050730,216,2,2
8154,9791,0.99,20050731,216,2,2
8156,12484,2.99,20050818,216,2,2
8157,12644,5.99,20050818,216,2,2
8158,13257,3.99,20050819,216,2,2
8160,13499,6.99,20050820,216,2,2
8164,15051,2.99,20050822,216,2,2
8165,15811,5.99,20050823,216,2,2
8167,27,4.99,20050525,433,2,2
8168,227,5.99,20050526,433,2,2
8172,2925,2.99,20050620,433,2,2
8173,4316,4.99,20050707,433,2,2
8174,4834,3.99,20050708,433,2,2
8176,5511,4.99,20050710,433,2,2
8177,5730,2.99,20050710,433,2,2
8178,5807,2.99,20050710,433,2,2
8179,6833,6.99,20050712,433,2,2
8180,7318,4.99,20050727,433,2,2
8181,7818,4.99,20050728,433,2,2
8182,9435,4.99,20050730,433,2,2
8184,13183,5.99,20050819,433,2,2
8185,13633,2.99,20050820,433,2,2
8188,38,4.99,20050525,117,2,2
8189,92,5.99,20050525,117,2,2
8191,4676,4.99,20050708,117,2,2
8192,5498,0.99,20050710,117,2,2
8193,5682,2.99,20050710,117,2,2
8194,5709,0.99,20050710,117,2,2
8195,5821,4.99,20050710,117,2,2
8196,6623,7.99,20050712,117,2,2
8200,8646,0.99,20050729,117,2,2
8203,9358,2.99,20050730,117,2,2
8205,9581,5.99,20050731,117,2,2
8206,10329,0.99,20050801,117,2,2
8208,12516,4.99,20050818,117,2,2
8212,14247,3.99,20050821,117,2,2
8213,15578,2.99,20050823,117,2,2
8215,15734,0.99,20050823,117,2,2
8216,15987,6.99,20050823,117,2,2
8219,1050,4.99,20050531,595,2,2
8220,1970,4.99,20050617,595,2,2
8226,6219,4.99,20050711,595,2,2
8229,7502,2.99,20050727,595,2,2
8231,8734,6.99,20050729,595,2,2
8232,8764,0.99,20050729,595,2,2
8233,10209,2.99,20050801,595,2,2
8235,11673,2.99,20050817,595,2,2
8236,11993,2.99,20050817,595,2,2
8237,12117,0.99,20050817,595,2,2
8239,12473,2.99,20050818,595,2,2
8241,14795,4.99,20050822,595,2,2
8245,937,2.99,20050530,389,2,2
8247,1525,4.99,20050616,389,2,2
8249,2902,4.99,20050620,389,2,2
8251,4812,8.99,20050708,389,2,2
8254,5749,3.99,20050710,389,2,2
8255,5795,0.99,20050710,389,2,2
8256,6107,0.99,20050711,389,2,2
8258,7551,4.99,20050727,389,2,2
8259,8055,4.99,20050728,389,2,2
8263,11983,4.99,20050817,389,2,2
8265,13911,3.99,20050820,389,2,2
8269,69,2.99,20050525,544,2,2
8271,1884,0.99,20050617,544,2,2
8274,4260,4.99,20050707,544,2,2
8276,5041,0.99,20050709,544,2,2
8278,5582,4.99,20050710,544,2,2
8281,6619,0.99,20050712,544,2,2
8282,8865,4.99,20050729,544,2,2
8283,9119,4.99,20050730,544,2,2
8284,10426,4.99,20050801,544,2,2
8285,10929,4.99,20050802,544,2,2
8287,11035,5.99,20050802,544,2,2
8288,11809,3.99,20050817,544,2,2
8289,12592,3.99,20050818,544,2,2
8290,12846,0.99,20050819,544,2,2
8292,15417,2.99,20050822,544,2,2
8294,375,3.99,20050527,317,2,2
8295,672,6.99,20050528,317,2,2
8296,1172,0.99,20050614,317,2,2
8297,2836,6.99,20050619,317,2,2
8299,4484,5.99,20050708,317,2,2
8300,4596,1.99,20050708,317,2,2
8301,5581,2.99,20050710,317,2,2
8302,6868,2.99,20050712,317,2,2
8306,7701,2.99,20050728,317,2,2
8307,8620,0.99,20050729,317,2,2
8309,9242,4.99,20050730,317,2,2
8310,9395,4.99,20050730,317,2,2
8313,10893,5.99,20050802,317,2,2
8314,11142,4.99,20050802,317,2,2
8316,11674,6.99,20050817,317,2,2
8317,11776,0.99,20050817,317,2,2
8321,13725,5.99,20050820,317,2,2
8325,15868,7.99,20050823,317,2,2
8326,413,4.99,20050527,37,2,2
8330,2152,2.99,20050617,37,2,2
8334,3057,5.99,20050620,37,2,2
8341,6125,6.99,20050711,37,2,2
8352,12391,4.99,20050818,37,2,2
8353,13365,6.99,20050819,37,2,2
8355,15515,4.99,20050823,37,2,2
8356,589,3.99,20050528,563,2,2
8359,2168,4.99,20050617,563,2,2
8361,2448,4.99,20050618,563,2,2
8365,8869,0.99,20050730,563,2,2
8369,10797,0.99,20050801,563,2,2
8373,12567,3.99,20050818,563,2,2
8375,12838,6.99,20050819,563,2,2
8377,14946,2.99,20050822,563,2,2
8379,15493,4.99,20050823,563,2,2
8380,15820,2.99,20050823,563,2,2
8381,218,6.99,20050526,268,2,2
8382,723,0.99,20050529,268,2,2
8384,2560,9.99,20050619,268,2,2
8385,2644,3.99,20050619,268,2,2
8386,2688,6.99,20050619,268,2,2
8387,3837,4.99,20050706,268,2,2
8388,3896,7.99,20050706,268,2,2
8389,4172,4.99,20050707,268,2,2
8391,5305,8.99,20050709,268,2,2
8393,6480,4.99,20050712,268,2,2
8394,7214,5.99,20050727,268,2,2
8395,7722,4.99,20050728,268,2,2
8401,9945,2.99,20050731,268,2,2
8406,11964,6.99,20050817,268,2,2
8407,13021,5.99,20050819,268,2,2
8408,13502,0.99,20050820,268,2,2
8409,13909,4.99,20050820,268,2,2
8410,14846,5.99,20050822,268,2,2
8411,15422,4.99,20050822,268,2,2
8412,104,0.99,20050525,49,2,2
8413,1162,4.99,20050614,49,2,2
8414,1333,2.99,20050615,49,2,2
8415,1918,3.99,20050617,49,2,2
8416,2088,6.99,20050617,49,2,2
8419,3830,10.99,20050706,49,2,2
8422,5836,0.99,20050710,49,2,2
8424,8637,5.99,20050729,49,2,2
8427,11137,2.99,20050802,49,2,2
8428,12500,4.99,20050818,49,2,2
8429,12710,7.99,20050818,49,2,2
8432,274,5.99,20050526,439,2,2
8433,544,6.99,20050528,439,2,2
8435,990,3.99,20050530,439,2,2
8436,1128,6.99,20050531,439,2,2
8438,1955,0.99,20050617,439,2,2
8439,2967,6.99,20050620,439,2,2
8440,4836,3.99,20050708,439,2,2
8441,5224,5.99,20050709,439,2,2
8442,6419,4.99,20050711,439,2,2
8443,8167,6.99,20050728,439,2,2
8446,9882,8.99,20050731,439,2,2
8448,10448,4.99,20050801,439,2,2
8450,13310,0.99,20050819,439,2,2
8451,13423,1.99,20050819,439,2,2
8452,14517,4.99,20050821,439,2,2
8453,15826,9.99,20050823,439,2,2
8455,229,4.99,20050526,459,2,2
8457,1049,4.99,20050531,459,2,2
8458,1079,6.99,20050531,459,2,2
8459,1419,0.99,20050615,459,2,2
8460,3457,3.99,20050621,459,2,2
8465,6751,2.99,20050712,459,2,2
8472,10858,2.99,20050802,459,2,2
8473,11248,0.99,20050802,459,2,2
8474,11879,5.99,20050817,459,2,2
8477,14362,2.99,20050821,459,2,2
8481,669,4.99,20050528,89,2,2
8482,712,2.99,20050529,89,2,2
8483,781,0.99,20050529,89,2,2
8484,843,0.99,20050530,89,2,2
8485,1312,2.99,20050615,89,2,2
8487,2711,4.99,20050619,89,2,2
8488,4552,2.99,20050708,89,2,2
8491,7294,0.99,20050727,89,2,2
8492,8381,4.99,20050729,89,2,2
8494,9836,2.99,20050731,89,2,2
8495,10237,5.99,20050801,89,2,2
8496,10933,7.99,20050802,89,2,2
8497,11854,2.99,20050817,89,2,2
8498,12011,2.99,20050817,89,2,2
8499,14250,2.99,20050821,89,2,2
8501,15081,2.99,20050822,89,2,2
8503,15569,6.99,20050823,89,2,2
8511,4386,0.99,20050707,61,2,2
8512,5241,4.99,20050709,61,2,2
8513,5856,0.99,20050710,61,2,2
8517,7004,4.99,20050727,61,2,2
8519,8022,6.99,20050728,61,2,2
8521,8105,0.99,20050728,61,2,2
8522,8328,6.99,20050729,61,2,2
8523,8644,4.99,20050729,61,2,2
8524,9191,3.99,20050730,61,2,2
8525,9318,6.99,20050730,61,2,2
8526,11908,3.99,20050817,61,2,2
8528,13120,3.99,20050819,61,2,2
8530,13553,3.99,20050820,61,2,2
8531,14145,4.99,20050821,61,2,2
8533,14682,4.99,20050821,61,2,2
8534,14815,4.99,20050822,61,2,2
8535,14873,5.99,20050822,61,2,2
8536,16021,3.99,20050823,61,2,2
8542,5126,6.99,20050709,264,2,2
8546,8677,6.99,20050729,264,2,2
8547,9735,9.99,20050731,264,2,2
8548,11254,0.99,20050802,264,2,2
8549,12155,2.99,20050818,264,2,2
8551,14162,2.99,20050821,264,2,2
8553,14426,2.99,20060214,264,2,2
8558,1350,4.99,20050615,211,2,2
8560,2338,4.99,20050618,211,2,2
8561,2491,1.99,20050618,211,2,2
8563,3373,8.99,20050621,211,2,2
8565,5102,3.99,20050709,211,2,2
8566,5544,7.99,20050710,211,2,2
8568,6988,4.99,20050727,211,2,2
8569,7339,2.99,20050727,211,2,2
8570,7586,2.99,20050727,211,2,2
8575,9903,6.99,20050731,211,2,2
8578,12191,0.99,20050818,211,2,2
8579,12823,2.99,20050819,211,2,2
8580,13277,5.99,20050819,211,2,2
8582,15840,2.99,20050823,211,2,2
8584,2287,6.99,20050618,156,2,2
8585,3029,2.99,20050620,156,2,2
8589,4700,0.99,20050708,156,2,2
8591,5942,7.99,20050710,156,2,2
8593,8062,2.99,20050728,156,2,2
8597,9513,4.99,20050731,156,2,2
8600,12111,2.99,20050817,156,2,2
8601,12138,7.99,20050817,156,2,2
8602,12301,2.99,20050818,156,2,2
8605,14385,0.99,20050821,156,2,2
8606,14669,2.99,20050821,156,2,2
8614,3337,0.99,20050621,413,2,2
8615,3376,7.99,20050621,413,2,2
8617,3974,2.99,20050706,413,2,2
8620,7853,0.99,20050728,413,2,2
8621,10023,5.99,20050731,413,2,2
8628,2021,3.99,20050617,342,2,2
8629,2703,4.99,20050619,342,2,2
8630,2884,0.99,20050620,342,2,2
8631,3256,3.99,20050621,342,2,2
8632,4119,3.99,20050707,342,2,2
8633,4295,2.99,20050707,342,2,2
8637,6132,2.99,20050711,342,2,2
8641,7953,2.99,20050728,342,2,2
8642,9017,4.99,20050730,342,2,2
8643,9044,0.99,20050730,342,2,2
8645,11598,0.99,20050817,342,2,2
8647,11994,2.99,20050817,342,2,2
8649,12424,8.99,20050818,342,2,2
8651,14828,4.99,20050822,342,2,2
8652,15396,5.99,20050822,342,2,2
8653,1258,4.99,20050615,5,2,2
8654,1484,3.99,20050615,5,2,2
8655,1567,1.99,20050616,5,2,2
8657,2883,7.99,20050620,5,2,2
8658,3519,0.99,20050706,5,2,2
8659,3756,4.99,20050706,5,2,2
8660,4173,2.99,20050707,5,2,2
8661,7057,4.99,20050727,5,2,2
8662,7064,3.99,20050727,5,2,2
8663,7930,4.99,20050728,5,2,2
8664,8144,4.99,20050728,5,2,2
8665,8235,4.99,20050729,5,2,2
8667,8794,4.99,20050729,5,2,2
8670,11560,2.99,20050817,5,2,2
8671,14171,0.99,20050821,5,2,2
8673,200,4.99,20050526,358,2,2
8675,818,4.99,20050529,358,2,2
8676,1750,5.99,20050616,358,2,2
8678,3901,5.99,20050706,358,2,2
8680,4281,4.99,20050707,358,2,2
8682,5202,2.99,20050709,358,2,2
8683,5867,8.99,20050710,358,2,2
8684,6190,2.99,20050711,358,2,2
8686,8685,6.99,20050729,358,2,2
8690,12034,7.99,20050817,358,2,2
8692,13623,6.99,20050820,358,2,2
8694,15888,5.99,20050823,358,2,2
8695,166,0.99,20050526,11,2,2
8699,2481,4.99,20050618,11,2,2
8702,3054,5.99,20050620,11,2,2
8703,3413,8.99,20050621,11,2,2
8705,3627,1.99,20050706,11,2,2
8707,6033,2.99,20050711,11,2,2
8709,6673,0.99,20050712,11,2,2
8710,6709,4.99,20050712,11,2,2
8712,8142,4.99,20050728,11,2,2
8716,11120,4.99,20050802,11,2,2
8717,11456,0.99,20050802,11,2,2
8718,13180,4.99,20050819,11,2,2
8720,14042,4.99,20050820,11,2,2
8722,15703,8.99,20050823,11,2,2
8724,729,2.99,20050529,326,2,2
8726,1167,0.99,20050614,326,2,2
8727,1786,2.99,20050616,326,2,2
8729,3704,6.99,20050706,326,2,2
8730,4572,1.99,20050708,326,2,2
8731,5669,4.99,20050710,326,2,2
8732,5906,1.99,20050710,326,2,2
8734,7146,7.99,20050727,326,2,2
8735,7275,2.99,20050727,326,2,2
8736,7695,5.99,20050728,326,2,2
8738,7937,4.99,20050728,326,2,2
8739,8474,0.99,20050729,326,2,2
8742,10002,4.99,20050731,326,2,2
8746,11548,0.99,20050817,326,2,2
8754,563,3.99,20050528,129,2,2
8756,2590,2.99,20050619,129,2,2
8759,4368,4.99,20050707,129,2,2
8760,5702,2.99,20050710,129,2,2
8763,6299,4.99,20050711,129,2,2
8764,7240,3.99,20050727,129,2,2
8766,7960,6.99,20050728,129,2,2
8769,10212,2.99,20050801,129,2,2
8772,12543,2.99,20050818,129,2,2
8773,13356,0.99,20050819,129,2,2
8776,14479,7.99,20050821,129,2,2
8778,13965,2.99,20060214,129,2,2
8780,2502,4.99,20050618,45,2,2
8781,2507,4.99,20050618,45,2,2
8782,2808,2.99,20050619,45,2,2
8784,5740,2.99,20050710,45,2,2
8786,6135,4.99,20050711,45,2,2
8787,6622,0.99,20050712,45,2,2
8788,7223,9.99,20050727,45,2,2
8789,7687,2.99,20050728,45,2,2
8790,8539,0.99,20050729,45,2,2
8791,10030,2.99,20050731,45,2,2
8793,10326,4.99,20050801,45,2,2
8795,12097,4.99,20050817,45,2,2
8797,13054,4.99,20050819,45,2,2
8798,14452,3.99,20050821,45,2,2
8800,15009,0.99,20050822,45,2,2
8802,981,4.99,20050530,454,2,2
8803,1149,3.99,20050531,454,2,2
8805,2086,0.99,20050617,454,2,2
8806,2317,4.99,20050618,454,2,2
8808,3886,0.99,20050706,454,2,2
8812,7725,2.99,20050728,454,2,2
8813,7931,4.99,20050728,454,2,2
8816,8739,2.99,20050729,454,2,2
8817,9855,0.99,20050731,454,2,2
8819,10173,4.99,20050731,454,2,2
8820,10720,0.99,20050801,454,2,2
8821,10976,4.99,20050802,454,2,2
8822,11010,0.99,20050802,454,2,2
8823,11428,2.99,20050802,454,2,2
8824,11485,4.99,20050802,454,2,2
8825,12829,2.99,20050819,454,2,2
8828,1577,3.99,20050616,508,2,2
8829,1929,6.99,20050617,508,2,2
8831,2304,5.99,20050618,508,2,2
8832,2637,3.99,20050619,508,2,2
8836,7458,1.99,20050727,508,2,2
8837,7808,1.99,20050728,508,2,2
8840,11929,6.99,20050817,508,2,2
8842,13158,2.99,20050819,508,2,2
8846,15365,3.99,20050822,508,2,2
8850,15969,7.99,20050823,508,2,2
8852,862,2.99,20050530,241,2,2
8853,1670,2.99,20050616,241,2,2
8854,1980,6.99,20050617,241,2,2
8855,2243,5.99,20050618,241,2,2
8861,8780,4.99,20050729,241,2,2
8862,9557,2.99,20050731,241,2,2
8866,12825,0.99,20050819,241,2,2
8868,13681,7.99,20050820,241,2,2
8870,14307,3.99,20050821,241,2,2
8872,14939,2.99,20050822,241,2,2
8877,2024,0.99,20050617,30,2,2
8880,2702,2.99,20050619,30,2,2
8882,3053,0.99,20050620,30,2,2
8883,3268,4.99,20050621,30,2,2
8884,3976,2.99,20050706,30,2,2
8885,4076,4.99,20050707,30,2,2
8888,4674,2.99,20050708,30,2,2
8890,8172,7.99,20050728,30,2,2
8892,8941,0.99,20050730,30,2,2
8893,9024,4.99,20050730,30,2,2
8894,9219,0.99,20050730,30,2,2
8898,10490,0.99,20050801,30,2,2
8900,11169,3.99,20050802,30,2,2
8901,11697,0.99,20050817,30,2,2
8905,15011,4.99,20050822,30,2,2
8908,967,7.99,20050530,546,2,2
8910,1511,5.99,20050615,546,2,2
8911,2885,0.99,20050620,546,2,2
8913,3061,2.99,20050620,546,2,2
8914,3603,4.99,20050706,546,2,2
8915,3659,2.99,20050706,546,2,2
8916,3760,2.99,20050706,546,2,2
8918,5149,2.99,20050709,546,2,2
8921,6678,2.99,20050712,546,2,2
8923,7894,2.99,20050728,546,2,2
8925,10100,4.99,20050731,546,2,2
8926,11259,3.99,20050802,546,2,2
8931,11709,2.99,20060214,546,2,2
8932,87,0.99,20050525,19,2,2
8935,2528,6.99,20050619,19,2,2
8939,3871,8.99,20050706,19,2,2
8941,4063,5.99,20050707,19,2,2
8947,8995,4.99,20050730,19,2,2
8949,10188,6.99,20050801,19,2,2
8952,12533,4.99,20050818,19,2,2
8957,15447,3.99,20050823,19,2,2
8959,600,3.99,20050528,29,2,2
8963,5116,2.99,20050709,29,2,2
8965,5381,2.99,20050709,29,2,2
8966,5388,0.99,20050709,29,2,2
8968,7049,7.99,20050727,29,2,2
8969,7418,2.99,20050727,29,2,2
8970,7577,8.99,20050727,29,2,2
8971,7578,4.99,20050727,29,2,2
8972,7934,8.99,20050728,29,2,2
8973,8173,6.99,20050728,29,2,2
8979,10439,0.99,20050801,29,2,2
8981,11564,2.99,20050817,29,2,2
8982,12318,4.99,20050818,29,2,2
8983,13673,2.99,20050820,29,2,2
8984,14783,4.99,20050822,29,2,2
8985,15194,0.99,20050822,29,2,2
8992,5032,0.99,20050709,26,2,2
8994,5892,4.99,20050710,26,2,2
8995,6275,0.99,20050711,26,2,2
8996,6931,4.99,20050726,26,2,2
8997,6958,0.99,20050727,26,2,2
8998,7076,6.99,20050727,26,2,2
8999,7246,0.99,20050727,26,2,2
9001,9148,4.99,20050730,26,2,2
9002,9338,10.99,20050730,26,2,2
9003,10035,4.99,20050731,26,2,2
9005,10844,4.99,20050801,26,2,2
9007,12661,0.99,20050818,26,2,2
9009,13710,4.99,20050820,26,2,2
9012,15253,2.99,20050822,26,2,2
9016,1187,4.99,20050615,27,2,2
9018,2476,0.99,20050618,27,2,2
9021,5014,4.99,20050709,27,2,2
9022,5434,0.99,20050709,27,2,2
9023,5818,5.99,20050710,27,2,2
9025,6641,5.99,20050712,27,2,2
9026,6749,4.99,20050712,27,2,2
9034,10997,7.99,20050802,27,2,2
9035,12677,4.99,20050818,27,2,2
9036,13325,4.99,20050819,27,2,2
9040,15548,0.99,20050823,27,2,2
9041,15656,4.99,20050823,27,2,2
9046,4016,0.99,20050707,507,2,2
9047,4032,2.99,20050707,507,2,2
9052,5728,2.99,20050710,507,2,2
9055,8634,3.99,20050729,507,2,2
9058,9361,4.99,20050730,507,2,2
9060,10606,4.99,20050801,507,2,2
9061,13267,0.99,20050819,507,2,2
9064,15005,4.99,20050822,507,2,2
9065,15101,0.99,20050822,507,2,2
9066,11541,0.99,20060214,507,2,2
9068,2212,2.99,20050618,224,2,2
9069,2475,2.99,20050618,224,2,2
9071,2719,4.99,20050619,224,2,2
9073,3204,4.99,20050621,224,2,2
9074,3349,0.99,20050621,224,2,2
9075,4323,5.99,20050707,224,2,2
9077,5649,2.99,20050710,224,2,2
9078,5667,0.99,20050710,224,2,2
9079,6263,4.99,20050711,224,2,2
9080,6382,6.99,20050711,224,2,2
9081,8275,4.99,20050729,224,2,2
9083,8607,4.99,20050729,224,2,2
9084,8951,8.99,20050730,224,2,2
9085,9306,0.99,20050730,224,2,2
9087,11743,2.99,20050817,224,2,2
9089,12794,0.99,20050819,224,2,2
9090,12926,3.99,20050819,224,2,2
9091,13066,0.99,20050819,224,2,2
9092,13689,4.99,20050820,224,2,2
9095,15848,2.99,20050823,224,2,2
9100,1969,4.99,20050617,295,2,2
9104,4093,4.99,20050707,295,2,2
9105,4855,4.99,20050708,295,2,2
9108,6305,7.99,20050711,295,2,2
9112,8919,8.99,20050730,295,2,2
9113,9051,5.99,20050730,295,2,2
9115,10765,0.99,20050801,295,2,2
9116,11252,2.99,20050802,295,2,2
9119,13305,6.99,20050819,295,2,2
9121,13892,3.99,20050820,295,2,2
9122,14118,5.99,20050821,295,2,2
9123,15241,4.99,20050822,295,2,2
9125,11847,0.99,20060214,295,2,2
9127,1510,4.99,20050615,469,2,2
9129,1952,4.99,20050617,469,2,2
9135,3772,2.99,20050706,469,2,2
9136,4104,5.99,20050707,469,2,2
9137,4779,4.99,20050708,469,2,2
9141,7584,3.99,20050727,469,2,2
9144,10791,2.99,20050801,469,2,2
9146,11064,4.99,20050802,469,2,2
9147,11671,4.99,20050817,469,2,2
9148,11719,5.99,20050817,469,2,2
9152,15105,0.99,20050822,469,2,2
9153,15173,6.99,20050822,469,2,2
9155,1432,3.99,20050615,124,2,2
9157,1629,4.99,20050616,124,2,2
9160,3536,2.99,20050706,124,2,2
9163,4967,3.99,20050708,124,2,2
9167,6682,7.99,20050712,124,2,2
9168,7244,2.99,20050727,124,2,2
9169,7973,4.99,20050728,124,2,2
9171,9208,5.99,20050730,124,2,2
9173,10338,3.99,20050801,124,2,2
9174,11171,4.99,20050802,124,2,2
9176,11582,3.99,20050817,124,2,2
9177,11699,5.99,20050817,124,2,2
9183,14758,3.99,20050821,124,2,2
9184,1205,4.99,20050615,588,2,2
9187,2183,4.99,20050618,588,2,2
9188,2607,5.99,20050619,588,2,2
9192,4475,2.99,20050708,588,2,2
9194,6381,4.99,20050711,588,2,2
9195,7617,2.99,20050728,588,2,2
9196,8274,4.99,20050729,588,2,2
9198,8551,4.99,20050729,588,2,2
9203,10674,3.99,20050801,588,2,2
9206,12598,4.99,20050818,588,2,2
9207,12908,1.99,20050819,588,2,2
9208,12940,2.99,20050819,588,2,2
9211,14718,0.99,20050821,588,2,2
9213,15306,2.99,20050822,588,2,2
9216,1520,7.99,20050615,361,2,2
9219,2829,2.99,20050619,361,2,2
9220,3130,7.99,20050620,361,2,2
9222,3938,4.99,20050706,361,2,2
9224,5487,4.99,20050710,361,2,2
9225,5931,0.99,20050710,361,2,2
9226,7473,2.99,20050727,361,2,2
9229,10605,0.99,20050801,361,2,2
9232,13059,0.99,20050819,361,2,2
9233,13074,8.99,20050819,361,2,2
9234,13806,4.99,20050820,361,2,2
9235,14344,4.99,20050821,361,2,2
9236,15030,0.99,20050822,361,2,2
9237,15938,6.99,20050823,361,2,2
9238,2190,5.99,20050618,44,2,2
9242,6060,4.99,20050711,44,2,2
9243,6429,8.99,20050712,44,2,2
9245,6787,7.99,20050712,44,2,2
9246,6997,0.99,20050727,44,2,2
9247,7280,2.99,20050727,44,2,2
9250,9948,5.99,20050731,44,2,2
9252,9956,4.99,20050731,44,2,2
9254,11178,2.99,20050802,44,2,2
9255,11446,0.99,20050802,44,2,2
9260,12816,4.99,20050819,44,2,2
9261,13368,4.99,20050819,44,2,2
9262,13637,4.99,20050820,44,2,2
9264,13827,4.99,20050820,44,2,2
9265,14096,2.99,20050821,44,2,2
9266,14299,0.99,20050821,44,2,2
9267,14683,8.99,20050821,44,2,2
9270,102,3.99,20050525,337,2,2
9272,1547,4.99,20050616,337,2,2
9274,1879,0.99,20050617,337,2,2
9275,1922,0.99,20050617,337,2,2
9276,2461,6.99,20050618,337,2,2
9281,5097,4.99,20050709,337,2,2
9284,8012,5.99,20050728,337,2,2
9285,8088,9.99,20050728,337,2,2
9286,9458,5.99,20050730,337,2,2
9287,9739,2.99,20050731,337,2,2
9290,11570,2.99,20050817,337,2,2
9291,13279,4.99,20050819,337,2,2
9292,13522,3.99,20050820,337,2,2
9293,13866,0.99,20050820,337,2,2
9294,15973,5.99,20050823,337,2,2
9295,157,2.99,20050526,506,2,2
9296,813,5.99,20050529,506,2,2
9298,1475,4.99,20050615,506,2,2
9300,4028,5.99,20050707,506,2,2
9301,4347,3.99,20050707,506,2,2
9302,6363,5.99,20050711,506,2,2
9303,7480,4.99,20050727,506,2,2
9304,8561,2.99,20050729,506,2,2
9305,9788,4.99,20050731,506,2,2
9306,11116,5.99,20050802,506,2,2
9307,12183,5.99,20050818,506,2,2
9308,13014,4.99,20050819,506,2,2
9311,14624,0.99,20050821,506,2,2
9315,1210,0.99,20050615,388,2,2
9317,1550,0.99,20050616,388,2,2
9318,2766,4.99,20050619,388,2,2
9319,4422,2.99,20050707,388,2,2
9321,4450,4.99,20050707,388,2,2
9322,5508,3.99,20050710,388,2,2
9325,8129,2.99,20050728,388,2,2
9326,8694,8.99,20050729,388,2,2
9328,9207,2.99,20050730,388,2,2
9329,10215,8.99,20050801,388,2,2
9330,10982,4.99,20050802,388,2,2
9333,12805,4.99,20050819,388,2,2
9339,3372,2.99,20050621,442,2,2
9341,4420,4.99,20050707,442,2,2
9344,5557,4.99,20050710,442,2,2
9345,6136,4.99,20050711,442,2,2
9346,6323,2.99,20050711,442,2,2
9347,6881,8.99,20050712,442,2,2
9348,7943,6.99,20050728,442,2,2
9349,8272,5.99,20050729,442,2,2
9351,8543,0.99,20050729,442,2,2
9352,8732,8.99,20050729,442,2,2
9353,9566,4.99,20050731,442,2,2
9357,10389,3.99,20050801,442,2,2
9358,10521,0.99,20050801,442,2,2
9359,11062,4.99,20050802,442,2,2
9361,11470,2.99,20050802,442,2,2
9363,15459,2.99,20050823,442,2,2
9366,15825,5.99,20050823,442,2,2
9368,1711,8.99,20050616,309,2,2
9369,2274,0.99,20050618,309,2,2
9373,3605,0.99,20050706,309,2,2
9374,3666,4.99,20050706,309,2,2
9377,5471,0.99,20050709,309,2,2
9379,6121,1.99,20050711,309,2,2
9381,8148,4.99,20050728,309,2,2
9382,8153,4.99,20050728,309,2,2
9383,8176,4.99,20050728,309,2,2
9384,8378,4.99,20050729,309,2,2
9385,8771,2.99,20050729,309,2,2
9390,11738,8.99,20050817,309,2,2
9392,12399,10.99,20050818,309,2,2
9393,13314,5.99,20050819,309,2,2
9394,14894,4.99,20050822,309,2,2
9395,14958,2.99,20050822,309,2,2
9396,15426,2.99,20050823,309,2,2
9397,15555,4.99,20050823,309,2,2
9398,153,0.99,20050526,494,2,2
9399,821,0.99,20050529,494,2,2
9402,2499,0.99,20050618,494,2,2
9403,3494,4.99,20050705,494,2,2
9404,3610,4.99,20050706,494,2,2
9405,4556,9.99,20050708,494,2,2
9406,4633,0.99,20050708,494,2,2
9410,5965,0.99,20050710,494,2,2
9411,6776,2.99,20050712,494,2,2
9412,7380,2.99,20050727,494,2,2
9414,7825,4.99,20050728,494,2,2
9417,8682,4.99,20050729,494,2,2
9418,9482,2.99,20050730,494,2,2
9420,10972,2.99,20050802,494,2,2
9423,12564,2.99,20050818,494,2,2
9424,12884,5.99,20050819,494,2,2
9425,12937,4.99,20050819,494,2,2
9426,13238,2.99,20050819,494,2,2
9427,13602,5.99,20050820,494,2,2
9428,13684,0.99,20050820,494,2,2
9430,14079,3.99,20050820,494,2,2
9431,14937,7.99,20050822,494,2,2
9432,15817,0.99,20050823,494,2,2
9437,2987,6.99,20050620,402,2,2
9439,3488,3.99,20050705,402,2,2
9441,4494,5.99,20050708,402,2,2
9446,7702,2.99,20050728,402,2,2
9447,8297,4.99,20050729,402,2,2
9452,11192,4.99,20050802,402,2,2
9453,11492,8.99,20050802,402,2,2
9456,13636,4.99,20050820,402,2,2
9457,14200,6.99,20050821,402,2,2
9458,14721,6.99,20050821,402,2,2
9459,14908,4.99,20050822,402,2,2
9465,2011,3.99,20050617,451,2,2
9468,3206,0.99,20050621,451,2,2
9475,6408,3.99,20050711,451,2,2
9476,7416,4.99,20050727,451,2,2
9477,11504,0.99,20050816,451,2,2
9478,11595,6.99,20050817,451,2,2
9479,11692,6.99,20050817,451,2,2
9481,12252,6.99,20050818,451,2,2
9482,12445,2.99,20050818,451,2,2
9483,13086,0.99,20050819,451,2,2
9484,15789,1.99,20050823,451,2,2
9487,1792,5.99,20050616,453,2,2
9493,4761,5.99,20050708,453,2,2
9496,6180,3.99,20050711,453,2,2
9498,6777,5.99,20050712,453,2,2
9499,7630,4.99,20050728,453,2,2
9500,8512,4.99,20050729,453,2,2
9502,10119,0.99,20050731,453,2,2
9503,10501,2.99,20050801,453,2,2
9504,11127,0.99,20050802,453,2,2
9506,15142,4.99,20050822,453,2,2
9508,15712,2.99,20050823,453,2,2
9515,3331,4.99,20050621,69,2,2
9516,4116,4.99,20050707,69,2,2
9517,6329,5.99,20050711,69,2,2
9520,7512,6.99,20050727,69,2,2
9527,11986,0.99,20050817,69,2,2
9528,12234,5.99,20050818,69,2,2
9531,14852,0.99,20050822,69,2,2
9532,13578,2.99,20060214,69,2,2
9533,1103,6.99,20050531,340,2,2
9534,1359,2.99,20050615,340,2,2
9535,1928,7.99,20050617,340,2,2
9536,3233,6.99,20050621,340,2,2
9537,4380,5.99,20050707,340,2,2
9538,6559,1.99,20050712,340,2,2
9540,7993,3.99,20050728,340,2,2
9541,10071,2.99,20050731,340,2,2
9543,11414,4.99,20050802,340,2,2
9544,11698,4.99,20050817,340,2,2
9546,13604,0.99,20050820,340,2,2
9549,15650,0.99,20050823,340,2,2
9550,15676,2.99,20050823,340,2,2
9552,158,1.99,20050526,58,2,2
9553,402,0.99,20050527,58,2,2
9558,3821,2.99,20050706,58,2,2
9559,4034,0.99,20050707,58,2,2
9561,4745,2.99,20050708,58,2,2
9563,5556,4.99,20050710,58,2,2
9569,7148,0.99,20050727,58,2,2
9570,7235,2.99,20050727,58,2,2
9571,7241,0.99,20050727,58,2,2
9572,8321,4.99,20050729,58,2,2
9573,8477,8.99,20050729,58,2,2
9575,8921,0.99,20050730,58,2,2
9578,12243,6.99,20050818,58,2,2
9581,14212,2.99,20050821,58,2,2
9582,14245,0.99,20050821,58,2,2
9584,15956,0.99,20050823,58,2,2
9588,1488,0.99,20050615,289,2,2
9595,6262,6.99,20050711,289,2,2
9597,6669,4.99,20050712,289,2,2
9598,7108,4.99,20050727,289,2,2
9599,7477,5.99,20050727,289,2,2
9600,8418,1.99,20050729,289,2,2
9602,11471,0.99,20050802,289,2,2
9603,13821,1.99,20050820,289,2,2
9605,15531,2.99,20050823,289,2,2
9607,1088,4.99,20050531,227,2,2
9611,3829,6.99,20050706,227,2,2
9612,4599,4.99,20050708,227,2,2
9621,9037,4.99,20050730,227,2,2
9622,9523,3.99,20050731,227,2,2
9623,9883,6.99,20050731,227,2,2
9627,11579,2.99,20050817,227,2,2
9628,12037,4.99,20050817,227,2,2
9629,12876,2.99,20050819,227,2,2
9631,13107,4.99,20050819,227,2,2
9632,13442,5.99,20050819,227,2,2
9633,13703,6.99,20050820,227,2,2
9635,15754,5.99,20050823,227,2,2
9639,945,0.99,20050530,461,2,2
9640,1246,5.99,20050615,461,2,2
9642,1971,1.99,20050617,461,2,2
9643,2153,6.99,20050617,461,2,2
9648,6367,4.99,20050711,461,2,2
9649,6405,2.99,20050711,461,2,2
9653,8041,2.99,20050728,461,2,2
9655,9233,3.99,20050730,461,2,2
9656,10391,2.99,20050801,461,2,2
9659,10764,0.99,20050801,461,2,2
9660,11065,2.99,20050802,461,2,2
9662,15869,2.99,20050823,461,2,2
9663,858,4.99,20050530,225,2,2
9665,1908,0.99,20050617,225,2,2
9672,5023,5.99,20050709,225,2,2
9675,9062,0.99,20050730,225,2,2
9679,11149,5.99,20050802,225,2,2
9680,11653,4.99,20050817,225,2,2
9685,392,2.99,20050527,9,2,2
9687,1329,4.99,20050615,9,2,2
9688,1770,1.99,20050616,9,2,2
9691,4830,7.99,20050708,9,2,2
9692,6424,9.99,20050711,9,2,2
9694,6741,0.99,20050712,9,2,2
9695,7098,0.99,20050727,9,2,2
9699,10174,5.99,20050731,9,2,2
9702,13297,2.99,20050819,9,2,2
9704,14598,5.99,20050821,9,2,2
9708,15655,4.99,20060214,9,2,2
9710,777,4.99,20050529,421,2,2
9711,1492,0.99,20050615,421,2,2
9712,2402,6.99,20050618,421,2,2
9713,2541,3.99,20050619,421,2,2
9714,2780,6.99,20050619,421,2,2
9717,5456,2.99,20050709,421,2,2
9721,6770,5.99,20050712,421,2,2
9723,7588,9.99,20050727,421,2,2
9725,7908,3.99,20050728,421,2,2
9727,8361,2.99,20050729,421,2,2
9729,9352,0.99,20050730,421,2,2
9731,9659,3.99,20050731,421,2,2
9732,10857,2.99,20050802,421,2,2
9733,11264,6.99,20050802,421,2,2
9734,11553,4.99,20050817,421,2,2
9735,12088,5.99,20050817,421,2,2
9737,12795,0.99,20050819,421,2,2
9740,13894,7.99,20050820,421,2,2
9744,1120,4.99,20050531,70,2,2
9745,2353,4.99,20050618,70,2,2
9746,2558,1.99,20050619,70,2,2
9748,3303,2.99,20050621,70,2,2
9749,5154,2.99,20050709,70,2,2
9751,6829,4.99,20050712,70,2,2
9752,6911,0.99,20050712,70,2,2
9755,7712,2.99,20050728,70,2,2
9756,8189,4.99,20050728,70,2,2
9760,10975,0.99,20050802,70,2,2
9761,11031,5.99,20050802,70,2,2
9762,11243,5.99,20050802,70,2,2
9765,12626,5.99,20050818,70,2,2
9766,12690,2.99,20050818,70,2,2
9768,14031,0.99,20050820,70,2,2
9771,15935,2.99,20050823,70,2,2
9774,1035,4.99,20050531,42,2,2
9778,3197,2.99,20050621,42,2,2
9779,3393,2.99,20050621,42,2,2
9780,4646,8.99,20050708,42,2,2
9782,5563,1.99,20050710,42,2,2
9783,5690,5.99,20050710,42,2,2
9785,6576,4.99,20050712,42,2,2
9790,8325,2.99,20050729,42,2,2
9791,8364,4.99,20050729,42,2,2
9795,10546,3.99,20050801,42,2,2
9796,12244,4.99,20050818,42,2,2
9799,14051,6.99,20050820,42,2,2
9800,14129,2.99,20050821,42,2,2
9801,14336,4.99,20050821,42,2,2
9807,1426,4.99,20050615,307,2,2
9808,1569,4.99,20050616,307,2,2
9811,3281,2.99,20050621,307,2,2
9813,5687,3.99,20050710,307,2,2
9815,6140,4.99,20050711,307,2,2
9816,6705,4.99,20050712,307,2,2
9817,6821,2.99,20050712,307,2,2
9818,6878,4.99,20050712,307,2,2
9820,7708,4.99,20050728,307,2,2
9821,8121,2.99,20050728,307,2,2
9822,8522,3.99,20050729,307,2,2
9823,8804,2.99,20050729,307,2,2
9824,8841,4.99,20050729,307,2,2
9828,12189,5.99,20050818,307,2,2
9829,12760,4.99,20050818,307,2,2
9833,15279,4.99,20050822,307,2,2
9837,2442,2.99,20050618,329,2,2
9838,2606,4.99,20050619,329,2,2
9839,2857,4.99,20050619,329,2,2
9840,2962,3.99,20050620,329,2,2
9842,3961,4.99,20050706,329,2,2
9844,4689,4.99,20050708,329,2,2
9847,9266,4.99,20050730,329,2,2
9849,10290,5.99,20050801,329,2,2
9850,11932,4.99,20050817,329,2,2
9853,12912,3.99,20050819,329,2,2
9855,13936,0.99,20050820,329,2,2
9856,14293,4.99,20050821,329,2,2
9858,120,5.99,20050525,293,2,2
9864,3156,0.99,20050620,293,2,2
9868,7634,4.99,20050728,293,2,2
9870,8782,4.99,20050729,293,2,2
9873,9184,4.99,20050730,293,2,2
9874,9540,2.99,20050731,293,2,2
9875,10717,2.99,20050801,293,2,2
9876,12322,2.99,20050818,293,2,2
9877,12375,4.99,20050818,293,2,2
9880,14463,6.99,20050821,293,2,2
9881,911,6.99,20050530,509,2,2
9882,1401,1.99,20050615,509,2,2
9883,2214,0.99,20050618,509,2,2
9884,3632,4.99,20050706,509,2,2
9886,4276,2.99,20050707,509,2,2
9888,5364,0.99,20050709,509,2,2
9891,6533,6.99,20050712,509,2,2
9892,6738,5.99,20050712,509,2,2
9894,6971,4.99,20050727,509,2,2
9897,7602,4.99,20050727,509,2,2
9899,8169,4.99,20050728,509,2,2
9900,8260,1.99,20050729,509,2,2
9901,8928,2.99,20050730,509,2,2
9905,11337,2.99,20050802,509,2,2
9906,11340,5.99,20050802,509,2,2
9907,12413,2.99,20050818,509,2,2
9909,13563,0.99,20050820,509,2,2
9922,5490,4.99,20050710,179,2,2
9923,5538,4.99,20050710,179,2,2
9924,5839,2.99,20050710,179,2,2
9925,6228,2.99,20050711,179,2,2
9927,6835,5.99,20050712,179,2,2
9928,8490,0.99,20050729,179,2,2
9932,10344,4.99,20050801,179,2,2
9934,12362,0.99,20050818,179,2,2
9935,12373,8.99,20050818,179,2,2
9936,12911,6.99,20050819,179,2,2
9937,13235,4.99,20050819,179,2,2
9949,3275,4.99,20050621,256,2,2
9950,3608,4.99,20050706,256,2,2
9951,4066,0.99,20050707,256,2,2
9953,4913,8.99,20050708,256,2,2
9957,7571,4.99,20050727,256,2,2
9959,8226,2.99,20050729,256,2,2
9962,10730,8.99,20050801,256,2,2
9963,10848,1.99,20050801,256,2,2
9965,12319,2.99,20050818,256,2,2
9967,13189,8.99,20050819,256,2,2
9968,13280,2.99,20050819,256,2,2
9969,13378,0.99,20050819,256,2,2
9970,13781,7.99,20050820,256,2,2
9971,13963,1.99,20050820,256,2,2
9977,854,0.99,20050530,334,2,2
9978,913,7.99,20050530,334,2,2
9981,3903,2.99,20050706,334,2,2
9982,4859,4.99,20050708,334,2,2
9984,5496,7.99,20050710,334,2,2
9985,5561,2.99,20050710,334,2,2
9987,8826,2.99,20050729,334,2,2
9988,9032,4.99,20050730,334,2,2
9990,9543,0.99,20050731,334,2,2
9993,10359,3.99,20050801,334,2,2
9994,10713,2.99,20050801,334,2,2
9996,11388,1.99,20050802,334,2,2
9998,14684,5.99,20050821,334,2,2
10000,1190,6.99,20050615,198,2,2
10001,4400,7.99,20050707,198,2,2
10002,6714,0.99,20050712,198,2,2
10004,7152,7.99,20050727,198,2,2
10006,7797,0.99,20050728,198,2,2
10007,8258,0.99,20050729,198,2,2
10008,10095,0.99,20050731,198,2,2
10011,11925,0.99,20050817,198,2,2
10015,14786,2.99,20050822,198,2,2
10016,15368,3.99,20050822,198,2,2
10020,286,6.99,20050526,396,2,2
10021,381,4.99,20050527,396,2,2
10025,1212,2.99,20050615,396,2,2
10028,1675,5.99,20050616,396,2,2
10029,2837,0.99,20050619,396,2,2
10031,3396,0.99,20050621,396,2,2
10032,4115,8.99,20050707,396,2,2
10035,5614,0.99,20050710,396,2,2
10045,12397,9.99,20050818,396,2,2
10046,12584,7.99,20050818,396,2,2
10048,13143,3.99,20050819,396,2,2
10050,13953,4.99,20050820,396,2,2
10063,5914,7.99,20050710,249,2,2
10064,6692,4.99,20050712,249,2,2
10066,7234,5.99,20050727,249,2,2
10067,7735,4.99,20050728,249,2,2
10068,8009,7.99,20050728,249,2,2
10073,8837,8.99,20050729,249,2,2
10075,11134,10.99,20050802,249,2,2
10076,11438,3.99,20050802,249,2,2
10077,11555,4.99,20050817,249,2,2
10080,13402,4.99,20050819,249,2,2
10081,13871,8.99,20050820,249,2,2
10082,14037,9.99,20050820,249,2,2
10086,15041,0.99,20050822,249,2,2
10088,257,4.99,20050526,409,2,2
10091,3609,2.99,20050706,409,2,2
10092,3667,4.99,20050706,409,2,2
10096,6311,0.99,20050711,409,2,2
10099,7206,3.99,20050727,409,2,2
10102,9327,8.99,20050730,409,2,2
10104,9480,0.99,20050730,409,2,2
10109,11066,7.99,20050802,409,2,2
10110,11512,7.99,20050816,409,2,2
10111,11663,3.99,20050817,409,2,2
10112,11976,3.99,20050817,409,2,2
10114,12536,5.99,20050818,409,2,2
10116,12780,0.99,20050818,409,2,2
10117,13299,2.99,20050819,409,2,2
10119,13467,2.99,20050820,409,2,2
10120,15014,6.99,20050822,409,2,2
10124,910,2.99,20050530,63,2,2
10125,919,0.99,20050530,63,2,2
10127,2046,1.99,20050617,63,2,2
10128,2487,4.99,20050618,63,2,2
10129,2641,2.99,20050619,63,2,2
10133,5591,3.99,20050710,63,2,2
10134,5945,2.99,20050710,63,2,2
10135,6315,0.99,20050711,63,2,2
10136,7837,0.99,20050728,63,2,2
10137,8586,7.99,20050729,63,2,2
10138,9113,0.99,20050730,63,2,2
10142,12696,2.99,20050818,63,2,2
10144,13734,4.99,20050820,63,2,2
10145,14524,8.99,20050821,63,2,2
10146,15053,5.99,20050822,63,2,2
10148,15202,4.99,20050822,63,2,2
10149,15366,6.99,20050822,63,2,2
10150,15966,2.99,20060214,63,2,2
10151,307,8.99,20050526,140,2,2
10153,749,4.99,20050529,140,2,2
10155,1404,2.99,20050615,140,2,2
10159,4335,4.99,20050707,140,2,2
10160,5474,2.99,20050709,140,2,2
10162,8900,2.99,20050730,140,2,2
10164,10589,1.99,20050801,140,2,2
10169,11008,5.99,20050802,140,2,2
10170,12122,9.99,20050817,140,2,2
10171,12663,0.99,20050818,140,2,2
10176,1208,0.99,20050615,438,2,2
10178,3719,2.99,20050706,438,2,2
10180,4166,8.99,20050707,438,2,2
10187,6807,2.99,20050712,438,2,2
10193,10413,3.99,20050801,438,2,2
10196,11792,4.99,20050817,438,2,2
10200,13761,4.99,20050820,438,2,2
10203,2556,3.99,20050619,255,2,2
10205,3086,0.99,20050620,255,2,2
10206,3136,2.99,20050620,255,2,2
10207,3443,4.99,20050621,255,2,2
10209,4053,0.99,20050707,255,2,2
10212,6893,7.99,20050712,255,2,2
10214,8018,10.99,20050728,255,2,2
10215,8916,4.99,20050730,255,2,2
10216,9461,3.99,20050730,255,2,2
10226,15088,0.99,20050822,255,2,2
10230,1623,4.99,20050616,114,2,2
10232,2134,7.99,20050617,114,2,2
10233,2713,4.99,20050619,114,2,2
10235,4755,0.99,20050708,114,2,2
10237,6233,1.99,20050711,114,2,2
10239,8740,2.99,20050729,114,2,2
10240,9668,3.99,20050731,114,2,2
10246,14502,4.99,20050821,114,2,2
10248,209,4.99,20050526,186,2,2
10254,4740,2.99,20050708,186,2,2
10257,7041,4.99,20050727,186,2,2
10259,11457,3.99,20050802,186,2,2
10262,13397,7.99,20050819,186,2,2
10265,14152,2.99,20050821,186,2,2
10268,15399,4.99,20050822,186,2,2
10270,15930,3.99,20050823,186,2,2
10277,2998,1.99,20050620,419,2,2
10278,3099,1.99,20050620,419,2,2
10283,4706,4.99,20050708,419,2,2
10284,5339,0.99,20050709,419,2,2
10285,7021,8.99,20050727,419,2,2
10286,7167,2.99,20050727,419,2,2
10287,7435,0.99,20050727,419,2,2
10288,7443,2.99,20050727,419,2,2
10294,10450,1.99,20050801,419,2,2
10297,11945,0.99,20050817,419,2,2
10302,15175,5.99,20050822,419,2,2
10304,15636,2.99,20050823,419,2,2
10306,15748,2.99,20050823,419,2,2
10307,169,0.99,20050526,8,2,2
10308,406,2.99,20050527,8,2,2
10312,2410,2.99,20050618,8,2,2
10314,3425,2.99,20050621,8,2,2
10315,3812,0.99,20050706,8,2,2
10316,3970,2.99,20050706,8,2,2
10318,5689,0.99,20050710,8,2,2
10319,6116,2.99,20050711,8,2,2
10320,6451,4.99,20050712,8,2,2
10321,6778,2.99,20050712,8,2,2
10324,8688,0.99,20050729,8,2,2
10325,9144,0.99,20050730,8,2,2
10326,9173,4.99,20050730,8,2,2
10328,10033,4.99,20050731,8,2,2
10330,10705,0.99,20050801,8,2,2
10332,12135,2.99,20050817,8,2,2
10333,12237,4.99,20050818,8,2,2
10334,12632,2.99,20050818,8,2,2
10335,13202,8.99,20050819,8,2,2
10336,13430,0.99,20050819,8,2,2
10338,13995,2.99,20050820,8,2,2
10340,15299,4.99,20050822,8,2,2
10342,356,2.99,20050527,567,2,2
10348,3125,4.99,20050620,567,2,2
10349,3480,3.99,20050705,567,2,2
10350,4351,4.99,20050707,567,2,2
10353,7625,0.99,20050728,567,2,2
10354,8777,0.99,20050729,567,2,2
10358,9555,0.99,20050731,567,2,2
10359,10327,3.99,20050801,567,2,2
10360,12229,0.99,20050818,567,2,2
10361,12529,0.99,20050818,567,2,2
10363,14300,4.99,20050821,567,2,2
10364,14354,5.99,20050821,567,2,2
10365,15939,7.99,20050823,567,2,2
10366,63,0.99,20050525,7,2,2
10369,2228,2.99,20050618,7,2,2
10371,2318,2.99,20050618,7,2,2
10374,4747,5.99,20050708,7,2,2
10375,6091,4.99,20050711,7,2,2
10376,6244,0.99,20050711,7,2,2
10379,8367,2.99,20050729,7,2,2
10383,10515,4.99,20050801,7,2,2
10385,10993,0.99,20050802,7,2,2
10386,11122,0.99,20050802,7,2,2
10389,14039,4.99,20050820,7,2,2
10390,14678,4.99,20050821,7,2,2
10393,103,4.99,20050525,95,2,2
10394,279,2.99,20050526,95,2,2
10396,1013,2.99,20050531,95,2,2
10398,2020,0.99,20050617,95,2,2
10400,2510,5.99,20050618,95,2,2
10401,2935,3.99,20050620,95,2,2
10403,3101,4.99,20050620,95,2,2
10404,4424,0.99,20050707,95,2,2
10405,5250,0.99,20050709,95,2,2
10407,5797,4.99,20050710,95,2,2
10408,5966,2.99,20050710,95,2,2
10409,6387,0.99,20050711,95,2,2
10410,7799,0.99,20050728,95,2,2
10412,11773,5.99,20050817,95,2,2
10413,13521,2.99,20050820,95,2,2
10414,14416,2.99,20050821,95,2,2
10417,15321,4.99,20050822,95,2,2
10419,1038,4.99,20050531,300,2,2
10423,3878,8.99,20050706,300,2,2
10424,3953,0.99,20050706,300,2,2
10428,6933,4.99,20050726,300,2,2
10429,7776,0.99,20050728,300,2,2
10439,12310,2.99,20050818,300,2,2
10440,12686,8.99,20050818,300,2,2
10441,13062,7.99,20050819,300,2,2
10445,1585,3.99,20050616,525,2,2
10447,1819,5.99,20050616,525,2,2
10450,3783,6.99,20050706,525,2,2
10456,6261,2.99,20050711,525,2,2
10458,6715,4.99,20050712,525,2,2
10459,8340,4.99,20050729,525,2,2
10461,9602,0.99,20050731,525,2,2
10464,10618,3.99,20050801,525,2,2
10466,11128,2.99,20050802,525,2,2
10467,11695,4.99,20050817,525,2,2
10468,12961,2.99,20050819,525,2,2
10471,13869,6.99,20050820,525,2,2
10473,302,4.99,20050526,139,2,2
10478,1465,0.99,20050615,139,2,2
10480,2100,0.99,20050617,139,2,2
10481,2981,5.99,20050620,139,2,2
10482,3378,4.99,20050621,139,2,2
10483,6216,4.99,20050711,139,2,2
10484,6456,6.99,20050712,139,2,2
10490,11682,2.99,20050817,139,2,2
10491,12153,4.99,20050818,139,2,2
10493,13034,2.99,20050819,139,2,2
10495,13645,0.99,20050820,139,2,2
10496,13772,4.99,20050820,139,2,2
10497,14279,5.99,20050821,139,2,2
10498,14979,0.99,20050822,139,2,2
10499,21,4.99,20050525,397,2,2
10500,411,4.99,20050527,397,2,2
10501,1276,6.99,20050615,397,2,2
10505,3159,7.99,20050620,397,2,2
10506,4947,5.99,20050708,397,2,2
10507,5899,2.99,20050710,397,2,2
10508,6321,2.99,20050711,397,2,2
10510,7985,5.99,20050728,397,2,2
10511,8456,3.99,20050729,397,2,2
10512,9213,0.99,20050730,397,2,2
10513,9368,2.99,20050730,397,2,2
10514,9840,2.99,20050731,397,2,2
10515,9940,0.99,20050731,397,2,2
10516,10044,2.99,20050731,397,2,2
10517,11604,0.99,20050817,397,2,2
10518,12044,0.99,20050817,397,2,2
10520,12267,6.99,20050818,397,2,2
10521,12497,4.99,20050818,397,2,2
10522,12646,2.99,20050818,397,2,2
10526,14853,5.99,20050822,397,2,2
10527,15660,5.99,20050823,397,2,2
10533,3527,0.99,20050706,87,2,2
10536,5626,3.99,20050710,87,2,2
10537,6104,2.99,20050711,87,2,2
10541,7977,4.99,20050728,87,2,2
10546,11348,4.99,20050802,87,2,2
10547,11441,2.99,20050802,87,2,2
10548,11944,3.99,20050817,87,2,2
10549,12069,4.99,20050817,87,2,2
10550,14493,7.99,20050821,87,2,2
10554,16011,9.99,20050823,87,2,2
10556,912,4.99,20050530,503,2,2
10557,1539,5.99,20050616,503,2,2
10558,1730,2.99,20050616,503,2,2
10559,1893,2.99,20050617,503,2,2
10564,4191,3.99,20050707,503,2,2
10565,4310,2.99,20050707,503,2,2
10569,7515,3.99,20050727,503,2,2
10573,9314,2.99,20050730,503,2,2
10577,12803,2.99,20050819,503,2,2
10581,13546,3.99,20050820,503,2,2
10582,13591,3.99,20050820,503,2,2
10583,13618,7.99,20050820,503,2,2
10584,13893,5.99,20050820,503,2,2
10585,15222,4.99,20050822,503,2,2
10586,15303,8.99,20050822,503,2,2
10587,15376,4.99,20050822,503,2,2
10588,73,4.99,20050525,282,2,2
10591,870,2.99,20050530,282,2,2
10593,1232,0.99,20050615,282,2,2
10594,1931,0.99,20050617,282,2,2
10597,3163,2.99,20050620,282,2,2
10600,4753,0.99,20050708,282,2,2
10601,5583,7.99,20050710,282,2,2
10605,8016,0.99,20050728,282,2,2
10607,8913,6.99,20050730,282,2,2
10610,10406,2.99,20050801,282,2,2
10612,11434,2.99,20050802,282,2,2
10618,1530,6.99,20050616,155,2,2
10619,1764,2.99,20050616,155,2,2
10620,2289,2.99,20050618,155,2,2
10621,2890,4.99,20050620,155,2,2
10623,6061,0.99,20050711,155,2,2
10624,6406,2.99,20050711,155,2,2
10628,8612,9.99,20050729,155,2,2
10629,10085,0.99,20050731,155,2,2
10633,12102,6.99,20050817,155,2,2
10635,12561,0.99,20050818,155,2,2
10637,14081,7.99,20050820,155,2,2
10639,14369,0.99,20050821,155,2,2
10640,14438,5.99,20050821,155,2,2
10642,886,0.99,20050530,437,2,2
10644,1915,1.99,20050617,437,2,2
10645,2219,2.99,20050618,437,2,2
10647,3001,2.99,20050620,437,2,2
10648,4275,2.99,20050707,437,2,2
10649,4546,8.99,20050708,437,2,2
10650,4632,5.99,20050708,437,2,2
10651,4791,7.99,20050708,437,2,2
10654,6513,0.99,20050712,437,2,2
10656,7486,0.99,20050727,437,2,2
10657,8004,4.99,20050728,437,2,2
10658,8448,0.99,20050729,437,2,2
10659,9763,7.99,20050731,437,2,2
10661,12059,2.99,20050817,437,2,2
10666,13357,4.99,20050819,437,2,2
10667,13788,1.99,20050820,437,2,2
10669,15284,3.99,20050822,437,2,2
10670,15527,0.99,20050823,437,2,2
10671,16049,3.99,20050823,437,2,2
10674,1324,4.99,20050615,480,2,2
10675,3543,0.99,20050706,480,2,2
10677,4009,2.99,20050707,480,2,2
10679,5183,4.99,20050709,480,2,2
10681,6059,4.99,20050711,480,2,2
10682,7445,3.99,20050727,480,2,2
10684,9864,0.99,20050731,480,2,2
10690,12510,9.99,20050818,480,2,2
10691,13047,0.99,20050819,480,2,2
10693,13178,4.99,20060214,480,2,2
10696,1603,0.99,20050616,484,2,2
10700,3684,0.99,20050706,484,2,2
10704,5136,0.99,20050709,484,2,2
10706,7986,7.99,20050728,484,2,2
10709,14720,0.99,20050821,484,2,2
10713,641,5.99,20050528,281,2,2
10714,1370,1.99,20050615,281,2,2
10715,1385,4.99,20050615,281,2,2
10716,1408,6.99,20050615,281,2,2
10717,3909,6.99,20050706,281,2,2
10719,6335,2.99,20050711,281,2,2
10720,6764,4.99,20050712,281,2,2
10721,6771,2.99,20050712,281,2,2
10722,7142,0.99,20050727,281,2,2
10723,7313,2.99,20050727,281,2,2
10724,8371,2.99,20050729,281,2,2
10725,8807,2.99,20050729,281,2,2
10727,10120,2.99,20050731,281,2,2
10728,10124,0.99,20050731,281,2,2
10729,10195,6.99,20050801,281,2,2
10730,10610,0.99,20050801,281,2,2
10731,12393,5.99,20050818,281,2,2
10733,13355,4.99,20050819,281,2,2
10737,14778,5.99,20050821,281,2,2
10739,15198,7.99,20050822,281,2,2
10740,1002,0.99,20050531,426,2,2
10742,3027,1.99,20050620,426,2,2
10745,5103,4.99,20050709,426,2,2
10746,5598,4.99,20050710,426,2,2
10747,5763,4.99,20050710,426,2,2
10748,6014,2.99,20050711,426,2,2
10749,6266,2.99,20050711,426,2,2
10751,7356,2.99,20050727,426,2,2
10752,7892,4.99,20050728,426,2,2
10755,9608,1.99,20050731,426,2,2
10757,10598,4.99,20050801,426,2,2
10759,11511,4.99,20050816,426,2,2
10760,12223,2.99,20050818,426,2,2
10762,12329,1.99,20050818,426,2,2
10763,12700,0.99,20050818,426,2,2
10764,12726,2.99,20050818,426,2,2
10766,14100,3.99,20050821,426,2,2
10770,1228,2.99,20050615,41,2,2
10772,3141,9.99,20050620,41,2,2
10773,5234,5.99,20050709,41,2,2
10774,8119,3.99,20050728,41,2,2
10775,8204,4.99,20050728,41,2,2
10778,9281,5.99,20050730,41,2,2
10781,11132,4.99,20050802,41,2,2
10782,12528,2.99,20050818,41,2,2
10783,13643,4.99,20050820,41,2,2
10785,10,5.99,20050525,384,2,2
10786,694,6.99,20050529,384,2,2
10787,883,4.99,20050530,384,2,2
10788,2961,2.99,20050620,384,2,2
10790,4957,0.99,20050708,384,2,2
10791,4981,4.99,20050709,384,2,2
10793,6006,2.99,20050711,384,2,2
10794,6229,6.99,20050711,384,2,2
10795,6674,4.99,20050712,384,2,2
10796,8461,5.99,20050729,384,2,2
10797,9728,2.99,20050731,384,2,2
10798,10654,2.99,20050801,384,2,2
10799,10960,5.99,20050802,384,2,2
10803,13293,4.99,20050819,384,2,2
10807,171,6.99,20050526,554,2,2
10808,516,1.99,20050528,554,2,2
10809,894,5.99,20050530,554,2,2
10810,1364,0.99,20050615,554,2,2
10812,1923,6.99,20050617,554,2,2
10815,5212,6.99,20050709,554,2,2
10816,5222,5.99,20050709,554,2,2
10817,6790,5.99,20050712,554,2,2
10818,6994,2.99,20050727,554,2,2
10819,7296,2.99,20050727,554,2,2
10821,9177,5.99,20050730,554,2,2
10822,9756,4.99,20050731,554,2,2
10824,10484,2.99,20050801,554,2,2
10826,11510,6.99,20050816,554,2,2
10827,11530,2.99,20050817,554,2,2
10830,13449,2.99,20050820,554,2,2
10832,15533,4.99,20050823,554,2,2
10833,15988,4.99,20050823,554,2,2
10834,167,4.99,20050526,286,2,2
10835,446,4.99,20050527,286,2,2
10836,811,1.99,20050529,286,2,2
10838,4292,7.99,20050707,286,2,2
10839,5923,0.99,20050710,286,2,2
10841,7651,4.99,20050728,286,2,2
10843,8669,2.99,20050729,286,2,2
10845,9701,4.99,20050731,286,2,2
10846,10171,0.99,20050731,286,2,2
10849,12479,4.99,20050818,286,2,2
10853,14433,1.99,20050821,286,2,2
10856,801,1.99,20050529,158,2,2
10857,1194,4.99,20050615,158,2,2
10858,2490,4.99,20050618,158,2,2
10859,2913,2.99,20050620,158,2,2
10860,3564,6.99,20050706,158,2,2
10861,3612,3.99,20050706,158,2,2
10862,3755,5.99,20050706,158,2,2
10864,4604,3.99,20050708,158,2,2
10865,5329,4.99,20050709,158,2,2
10866,6183,2.99,20050711,158,2,2
10869,8521,7.99,20050729,158,2,2
10871,9779,0.99,20050731,158,2,2
10872,11045,0.99,20050802,158,2,2
10873,11549,4.99,20050817,158,2,2
10874,11920,0.99,20050817,158,2,2
10878,1221,4.99,20050615,235,2,2
10880,2488,3.99,20050618,235,2,2
10882,3049,6.99,20050620,235,2,2
10885,3737,3.99,20050706,235,2,2
10886,4096,4.99,20050707,235,2,2
10888,6322,2.99,20050711,235,2,2
10891,8013,5.99,20050728,235,2,2
10893,9486,7.99,20050730,235,2,2
10894,9794,4.99,20050731,235,2,2
10895,10109,5.99,20050731,235,2,2
10898,10789,2.99,20050801,235,2,2
10900,11391,9.99,20050802,235,2,2
10901,11427,2.99,20050802,235,2,2
10902,11460,0.99,20050802,235,2,2
10903,11558,0.99,20050817,235,2,2
10904,12005,5.99,20050817,235,2,2
10909,14725,4.99,20050821,235,2,2
10911,1081,5.99,20050531,294,2,2
10912,1506,2.99,20050615,294,2,2
10913,1840,4.99,20050616,294,2,2
10918,4615,8.99,20050708,294,2,2
10923,6779,0.99,20050712,294,2,2
10929,9824,2.99,20050731,294,2,2
10933,13412,5.99,20050819,294,2,2
10936,14835,5.99,20050822,294,2,2
10937,14838,4.99,20050822,294,2,2
10938,14912,4.99,20050822,294,2,2
10939,15087,0.99,20050822,294,2,2
10940,15290,10.99,20050822,294,2,2
10942,770,4.99,20050529,20,2,2
10943,1315,4.99,20050615,20,2,2
10945,1953,5.99,20050617,20,2,2
10946,2654,3.99,20050619,20,2,2
10949,4223,0.99,20050707,20,2,2
10950,4401,0.99,20050707,20,2,2
10951,5040,7.99,20050709,20,2,2
10953,5512,1.99,20050710,20,2,2
10957,8482,2.99,20050729,20,2,2
10961,10823,4.99,20050801,20,2,2
10964,12425,5.99,20050818,20,2,2
10968,14537,0.99,20050821,20,2,2
10970,15383,2.99,20050822,20,2,2
10975,2150,3.99,20050617,592,2,2
10977,2325,0.99,20050618,592,2,2
10978,2585,0.99,20050619,592,2,2
10981,4264,4.99,20050707,592,2,2
10982,5098,4.99,20050709,592,2,2
10983,5263,0.99,20050709,592,2,2
10985,6439,2.99,20050712,592,2,2
10986,7109,5.99,20050727,592,2,2
10989,7604,7.99,20050727,592,2,2
10990,8080,4.99,20050728,592,2,2
10991,8295,2.99,20050729,592,2,2
10992,8630,0.99,20050729,592,2,2
10994,8962,1.99,20050730,592,2,2
10995,9224,0.99,20050730,592,2,2
10997,9487,2.99,20050730,592,2,2
11001,12505,5.99,20050818,592,2,2
11002,14205,6.99,20050821,592,2,2
11003,14421,2.99,20050821,592,2,2
11004,14601,2.99,20050821,592,2,2
11007,2597,0.99,20050619,470,2,2
11010,5590,9.99,20050710,470,2,2
11013,7643,4.99,20050728,470,2,2
11017,8571,0.99,20050729,470,2,2
11019,10774,4.99,20050801,470,2,2
11022,11382,5.99,20050802,470,2,2
11023,11518,4.99,20050816,470,2,2
11025,12566,0.99,20050818,470,2,2
11026,12931,2.99,20050819,470,2,2
11028,13856,6.99,20050820,470,2,2
11029,14401,6.99,20050821,470,2,2
11030,15320,0.99,20050822,470,2,2
11031,15334,1.99,20050822,470,2,2
11032,3,3.99,20050524,483,2,2
11033,59,5.99,20050525,483,2,2
11035,2479,4.99,20050618,483,2,2
11037,2728,2.99,20050619,483,2,2
11038,4330,3.99,20050707,483,2,2
11039,5073,0.99,20050709,483,2,2
11041,6203,4.99,20050711,483,2,2
11042,6826,2.99,20050712,483,2,2
11044,7996,4.99,20050728,483,2,2
11045,8251,4.99,20050729,483,2,2
11046,8469,3.99,20050729,483,2,2
11047,8902,6.99,20050730,483,2,2
11049,9757,4.99,20050731,483,2,2
11050,11115,2.99,20050802,483,2,2
11054,12900,0.99,20050819,483,2,2
11056,13744,3.99,20050820,483,2,2
11058,14733,4.99,20050821,483,2,2
11060,15716,1.99,20050823,483,2,2
11063,1226,5.99,20050615,366,2,2
11064,2310,8.99,20050618,366,2,2
11066,4550,4.99,20050708,366,2,2
11068,5306,5.99,20050709,366,2,2
11072,6026,4.99,20050711,366,2,2
11074,7673,2.99,20050728,366,2,2
11075,7940,0.99,20050728,366,2,2
11077,8265,5.99,20050729,366,2,2
11079,9267,0.99,20050730,366,2,2
11080,12830,0.99,20050819,366,2,2
11082,13632,6.99,20050820,366,2,2
11088,2400,5.99,20050618,74,2,2
11089,2971,0.99,20050620,74,2,2
11091,4062,0.99,20050707,74,2,2
11095,5330,5.99,20050709,74,2,2
11098,6218,5.99,20050711,74,2,2
11099,7350,4.99,20050727,74,2,2
11100,7407,5.99,20050727,74,2,2
11102,8625,3.99,20050729,74,2,2
11111,12955,8.99,20050819,74,2,2
11113,13748,2.99,20050820,74,2,2
11114,13948,6.99,20050820,74,2,2
11116,14298,4.99,20050821,74,2,2
11118,14819,2.99,20050822,74,2,2
11120,15392,3.99,20050822,74,2,2
11123,686,4.99,20050529,239,2,2
11124,972,1.99,20050530,239,2,2
11126,1997,2.99,20050617,239,2,2
11127,2712,0.99,20050619,239,2,2
11129,4146,0.99,20050707,239,2,2
11131,5357,5.99,20050709,239,2,2
11134,7395,0.99,20050727,239,2,2
11138,8613,5.99,20050729,239,2,2
11139,9622,0.99,20050731,239,2,2
11140,11294,2.99,20050802,239,2,2
11142,13634,0.99,20050820,239,2,2
11143,13656,7.99,20050820,239,2,2
11144,14480,2.99,20050821,239,2,2
11146,14996,2.99,20050822,239,2,2
11148,13246,4.99,20060214,239,2,2
11149,191,0.99,20050526,201,2,2
11152,1043,3.99,20050531,201,2,2
11154,3888,0.99,20050706,201,2,2
11155,4074,0.99,20050707,201,2,2
11157,8330,8.99,20050729,201,2,2
11161,10381,2.99,20050801,201,2,2
11163,11027,4.99,20050802,201,2,2
11166,15354,4.99,20050822,201,2,2
11167,15732,4.99,20050823,201,2,2
11172,2130,5.99,20050617,185,2,2
11173,2545,4.99,20050619,185,2,2
11175,4491,0.99,20050708,185,2,2
11177,7100,4.99,20050727,185,2,2
11179,7731,0.99,20050728,185,2,2
11181,11304,2.99,20050802,185,2,2
11184,12552,2.99,20050818,185,2,2
11187,13824,4.99,20050820,185,2,2
11188,13887,4.99,20050820,185,2,2
11198,6462,7.99,20050712,319,2,2
11199,6728,0.99,20050712,319,2,2
11200,6845,0.99,20050712,319,2,2
11204,9991,2.99,20050731,319,2,2
11205,10107,5.99,20050731,319,2,2
11207,12930,4.99,20050819,319,2,2
11212,13494,2.99,20050820,319,2,2
11213,13657,4.99,20050820,319,2,2
11215,15481,0.99,20050823,319,2,2
11216,665,4.99,20050528,359,2,2
11217,1867,4.99,20050617,359,2,2
11219,4926,8.99,20050708,359,2,2
11220,5665,0.99,20050710,359,2,2
11221,5733,0.99,20050710,359,2,2
11222,6491,5.99,20050712,359,2,2
11225,7624,0.99,20050728,359,2,2
11227,8317,2.99,20050729,359,2,2
11228,9586,2.99,20050731,359,2,2
11232,11310,1.99,20050802,359,2,2
11233,12128,5.99,20050817,359,2,2
11234,12588,2.99,20050818,359,2,2
11235,13729,8.99,20050820,359,2,2
11237,15121,4.99,20050822,359,2,2
11239,253,0.99,20050526,381,2,2
11240,724,3.99,20050529,381,2,2
11241,1031,2.99,20050531,381,2,2
11242,1158,2.99,20050614,381,2,2
11244,1553,0.99,20050616,381,2,2
11245,1596,2.99,20050616,381,2,2
11246,1771,0.99,20050616,381,2,2
11253,8349,5.99,20050729,381,2,2
11254,8588,2.99,20050729,381,2,2
11255,8648,2.99,20050729,381,2,2
11256,9383,2.99,20050730,381,2,2
11261,11047,5.99,20050802,381,2,2
11267,15470,4.99,20050823,381,2,2
11269,15761,0.99,20050823,381,2,2
11271,630,8.99,20050528,457,2,2
11272,833,4.99,20050529,457,2,2
11277,6258,6.99,20050711,457,2,2
11280,9049,2.99,20050730,457,2,2
11284,11303,0.99,20050802,457,2,2
11285,12074,0.99,20050817,457,2,2
11286,12281,4.99,20050818,457,2,2
11289,14121,4.99,20050821,457,2,2
11292,14882,2.99,20050822,457,2,2
11294,13261,2.99,20060214,457,2,2
11296,2943,2.99,20050620,143,2,2
11297,2969,2.99,20050620,143,2,2
11299,4852,7.99,20050708,143,2,2
11304,8546,5.99,20050729,143,2,2
11305,8591,0.99,20050729,143,2,2
11306,8886,10.99,20050730,143,2,2
11308,10537,5.99,20050801,143,2,2
11310,10915,2.99,20050802,143,2,2
11312,11322,3.99,20050802,143,2,2
11313,11409,1.99,20050802,143,2,2
11317,13312,0.99,20050819,143,2,2
11322,14860,2.99,20050822,143,2,2
11324,15957,5.99,20050823,143,2,2
11326,2793,2.99,20050619,209,2,2
11330,5333,5.99,20050709,209,2,2
11331,5863,0.99,20050710,209,2,2
11333,5933,0.99,20050710,209,2,2
11334,6173,0.99,20050711,209,2,2
11335,6587,3.99,20050712,209,2,2
11341,11025,4.99,20050802,209,2,2
11343,11323,2.99,20050802,209,2,2
11345,11689,6.99,20050817,209,2,2
11348,14308,0.99,20050821,209,2,2
11349,15779,4.99,20050823,209,2,2
11350,744,4.99,20050529,556,2,2
11351,2672,3.99,20050619,556,2,2
11355,5081,4.99,20050709,556,2,2
11357,5911,0.99,20050710,556,2,2
11358,6086,3.99,20050711,556,2,2
11359,6096,4.99,20050711,556,2,2
11360,6582,4.99,20050712,556,2,2
11362,7081,2.99,20050727,556,2,2
11363,8485,0.99,20050729,556,2,2
11365,10291,4.99,20050801,556,2,2
11366,10601,10.99,20050801,556,2,2
11368,11236,5.99,20050802,556,2,2
11369,14525,0.99,20050821,556,2,2
11370,15597,0.99,20050823,556,2,2
11374,2407,2.99,20050618,219,2,2
11377,3703,5.99,20050706,219,2,2
11379,4456,5.99,20050707,219,2,2
11381,6960,3.99,20050727,219,2,2
11382,7449,4.99,20050727,219,2,2
11383,8025,2.99,20050728,219,2,2
11386,9377,4.99,20050730,219,2,2
11387,9875,0.99,20050731,219,2,2
11389,11089,2.99,20050802,219,2,2
11393,13461,9.99,20050820,219,2,2
11397,15710,0.99,20060214,219,2,2
11401,2747,2.99,20050619,102,2,2
11404,4463,2.99,20050708,102,2,2
11405,4504,0.99,20050708,102,2,2
11407,7827,0.99,20050728,102,2,2
11408,8206,4.99,20050728,102,2,2
11409,9541,4.99,20050731,102,2,2
11410,10833,6.99,20050801,102,2,2
11411,11325,6.99,20050802,102,2,2
11415,13216,1.99,20050819,102,2,2
11416,13625,1.99,20050820,102,2,2
11417,13709,0.99,20050820,102,2,2
11418,13722,4.99,20050820,102,2,2
11422,15316,2.99,20050822,102,2,2
11423,15441,2.99,20060214,102,2,2
11425,1827,0.99,20050616,152,2,2
11427,2758,6.99,20050619,152,2,2
11429,4105,0.99,20050707,152,2,2
11434,7141,2.99,20050727,152,2,2
11437,7539,9.99,20050727,152,2,2
11439,8082,3.99,20050728,152,2,2
11440,8595,9.99,20050729,152,2,2
11441,9026,2.99,20050730,152,2,2
11444,11514,4.99,20050816,152,2,2
11445,12806,4.99,20050819,152,2,2
11446,14191,6.99,20050821,152,2,2
11447,14902,4.99,20050822,152,2,2
11450,403,0.99,20050527,112,2,2
11451,3044,4.99,20050620,112,2,2
11453,3404,0.99,20050621,112,2,2
11454,3746,0.99,20050706,112,2,2
11455,4512,0.99,20050708,112,2,2
11456,4559,0.99,20050708,112,2,2
11457,4696,5.99,20050708,112,2,2
11462,8194,2.99,20050728,112,2,2
11464,8964,1.99,20050730,112,2,2
11465,8999,2.99,20050730,112,2,2
11468,9878,4.99,20050731,112,2,2
11470,10369,4.99,20050801,112,2,2
11472,11374,2.99,20050802,112,2,2
11473,11562,6.99,20050817,112,2,2
11474,11833,2.99,20050817,112,2,2
11475,12729,0.99,20050818,112,2,2
11476,13793,3.99,20050820,112,2,2
11477,15113,0.99,20050822,112,2,2
11478,15941,9.99,20050823,112,2,2
11480,1098,5.99,20050531,343,2,2
11483,4361,2.99,20050707,343,2,2
11484,4362,5.99,20050707,343,2,2
11485,4483,8.99,20050708,343,2,2
11489,5363,2.99,20050709,343,2,2
11491,6318,2.99,20050711,343,2,2
11496,9682,2.99,20050731,343,2,2
11498,10163,0.99,20050731,343,2,2
11500,13040,0.99,20050819,343,2,2
11501,14089,5.99,20050820,343,2,2
11502,14881,4.99,20050822,343,2,2
11504,15784,6.99,20050823,343,2,2
11505,16036,2.99,20050823,343,2,2
11506,604,0.99,20050528,221,2,2
11512,4114,2.99,20050707,221,2,2
11513,4398,4.99,20050707,221,2,2
11521,9247,4.99,20050730,221,2,2
11522,10172,10.99,20050731,221,2,2
11524,11237,0.99,20050802,221,2,2
11525,11876,0.99,20050817,221,2,2
11526,11938,6.99,20050817,221,2,2
11527,12548,5.99,20050818,221,2,2
11528,12707,4.99,20050818,221,2,2
11530,13834,2.99,20050820,221,2,2
11531,14151,6.99,20050821,221,2,2
11532,14826,2.99,20050822,221,2,2
11533,82,6.99,20050525,47,2,2
11535,1628,3.99,20050616,47,2,2
11538,2466,0.99,20050618,47,2,2
11540,5476,2.99,20050709,47,2,2
11541,5586,5.99,20050710,47,2,2
11544,6938,7.99,20050726,47,2,2
11545,8182,3.99,20050728,47,2,2
11547,8658,5.99,20050729,47,2,2
11548,9978,2.99,20050731,47,2,2
11551,10560,4.99,20050801,47,2,2
11554,14201,6.99,20050821,47,2,2
11557,634,4.99,20050528,450,2,2
11559,1471,2.99,20050615,450,2,2
11562,3377,0.99,20050621,450,2,2
11570,8387,4.99,20050729,450,2,2
11571,8528,4.99,20050729,450,2,2
11573,9982,2.99,20050731,450,2,2
11574,10577,4.99,20050801,450,2,2
11575,10888,2.99,20050802,450,2,2
11576,11536,0.99,20050817,450,2,2
11577,150,5.99,20050526,301,2,2
11578,290,2.99,20050526,301,2,2
11579,601,7.99,20050528,301,2,2
11580,799,4.99,20050529,301,2,2
11581,844,4.99,20050530,301,2,2
11582,1781,5.99,20050616,301,2,2
11583,1798,2.99,20050616,301,2,2
11584,1916,7.99,20050617,301,2,2
11586,5868,4.99,20050710,301,2,2
11587,6196,7.99,20050711,301,2,2
11588,6886,6.99,20050712,301,2,2
11590,7352,4.99,20050727,301,2,2
11591,8136,1.99,20050728,301,2,2
11592,8143,2.99,20050728,301,2,2
11593,8175,7.99,20050728,301,2,2
11597,14495,4.99,20050821,301,2,2
11598,30,2.99,20050525,428,2,2
11600,1207,0.99,20050615,428,2,2
11604,2892,0.99,20050620,428,2,2
11605,3153,0.99,20050620,428,2,2
11608,5879,6.99,20050710,428,2,2
11610,6043,0.99,20050711,428,2,2
11612,9450,2.99,20050730,428,2,2
11616,13452,0.99,20050820,428,2,2
11617,13454,2.99,20050820,428,2,2
11620,1126,2.99,20050531,35,2,2
11621,1561,2.99,20050616,35,2,2
11624,2281,4.99,20050618,35,2,2
11625,2761,2.99,20050619,35,2,2
11626,3304,6.99,20050621,35,2,2
11627,3369,8.99,20050621,35,2,2
11631,7978,4.99,20050728,35,2,2
11632,8810,4.99,20050729,35,2,2
11633,10508,0.99,20050801,35,2,2
11635,10959,6.99,20050802,35,2,2
11636,11538,2.99,20050817,35,2,2
11638,13153,1.99,20050819,35,2,2
11642,13587,2.99,20060214,35,2,2
11643,326,7.99,20050527,468,2,2
11646,1180,5.99,20050615,468,2,2
11647,1597,2.99,20050616,468,2,2
11648,3194,4.99,20050620,468,2,2
11655,7326,4.99,20050727,468,2,2
11656,7681,0.99,20050728,468,2,2
11657,8079,4.99,20050728,468,2,2
11658,8094,6.99,20050728,468,2,2
11659,9916,4.99,20050731,468,2,2
11660,9984,2.99,20050731,468,2,2
11661,11870,0.99,20050817,468,2,2
11666,146,8.99,20050526,353,2,2
11668,4087,6.99,20050707,353,2,2
11669,4158,0.99,20050707,353,2,2
11670,4988,7.99,20050709,353,2,2
11671,5457,0.99,20050709,353,2,2
11677,7907,4.99,20050728,353,2,2
11680,9161,4.99,20050730,353,2,2
11684,12669,6.99,20050818,353,2,2
11685,13273,4.99,20050819,353,2,2
11687,14523,4.99,20050821,353,2,2
11689,15476,4.99,20050823,353,2,2
11691,508,5.99,20050528,405,2,2
11693,1584,5.99,20050616,405,2,2
11694,2415,7.99,20050618,405,2,2
11698,3037,2.99,20050620,405,2,2
11700,4654,6.99,20050708,405,2,2
11701,4960,10.99,20050708,405,2,2
11702,5464,2.99,20050709,405,2,2
11703,6972,0.99,20050727,405,2,2
11705,7479,2.99,20050727,405,2,2
11710,12030,2.99,20050817,405,2,2
11711,12146,2.99,20050818,405,2,2
11712,12624,7.99,20050818,405,2,2
11713,13359,9.99,20050819,405,2,2
11715,14553,4.99,20050821,405,2,2
11716,15016,3.99,20050822,405,2,2
11717,15385,4.99,20050822,405,2,2
11720,1443,0.99,20050615,99,2,2
11724,5220,4.99,20050709,99,2,2
11725,6051,4.99,20050711,99,2,2
11728,8891,4.99,20050730,99,2,2
11729,9269,0.99,20050730,99,2,2
11731,9829,4.99,20050731,99,2,2
11736,12046,0.99,20050817,99,2,2
11738,13208,0.99,20050819,99,2,2
11747,3851,1.99,20050706,75,2,2
11748,3944,2.99,20050706,75,2,2
11749,4643,0.99,20050708,75,2,2
11750,4751,2.99,20050708,75,2,2
11754,8027,5.99,20050728,75,2,2
11755,8097,9.99,20050728,75,2,2
11759,10216,3.99,20050801,75,2,2
11760,11160,0.99,20050802,75,2,2
11762,11615,4.99,20050817,75,2,2
11763,11896,5.99,20050817,75,2,2
11764,12297,0.99,20050818,75,2,2
11765,12429,6.99,20050818,75,2,2
11766,13099,9.99,20050819,75,2,2
11767,13382,7.99,20050819,75,2,2
11771,13826,2.99,20050820,75,2,2
11772,15766,4.99,20050823,75,2,2
11774,656,4.99,20050528,142,2,2
11776,2239,5.99,20050618,142,2,2
11778,3265,2.99,20050621,142,2,2
11780,4765,4.99,20050708,142,2,2
11781,5085,4.99,20050709,142,2,2
11783,5744,2.99,20050710,142,2,2
11784,5864,6.99,20050710,142,2,2
11785,8215,2.99,20050728,142,2,2
11786,9172,2.99,20050730,142,2,2
11787,9333,2.99,20050730,142,2,2
11788,10009,8.99,20050731,142,2,2
11789,10249,0.99,20050801,142,2,2
11790,11417,3.99,20050802,142,2,2
11792,13838,7.99,20050820,142,2,2
11796,23,4.99,20050525,599,2,2
11797,1036,0.99,20050531,599,2,2
11800,1779,0.99,20050616,599,2,2
11801,2206,0.99,20050618,599,2,2
11804,3368,0.99,20050621,599,2,2
11806,4446,2.99,20050707,599,2,2
11807,5316,4.99,20050709,599,2,2
11808,5426,4.99,20050709,599,2,2
11810,6138,4.99,20050711,599,2,2
11812,6615,4.99,20050712,599,2,2
11813,7357,1.99,20050727,599,2,2
11814,7374,8.99,20050727,599,2,2
11816,8547,2.99,20050729,599,2,2
11818,9782,0.99,20050731,599,2,2
11821,11644,4.99,20050817,599,2,2
11822,11933,4.99,20050817,599,2,2
11823,12654,0.99,20050818,599,2,2
11824,13319,7.99,20050819,599,2,2
11826,14582,5.99,20050821,599,2,2
11827,15893,5.99,20050823,599,2,2
11828,12524,0.99,20060214,599,2,2
11830,367,0.99,20050527,267,2,2
11833,1557,0.99,20050616,267,2,2
11834,2097,4.99,20050617,267,2,2
11838,3774,5.99,20050706,267,2,2
11841,5801,5.99,20050710,267,2,2
11844,6672,2.99,20050712,267,2,2
11847,8703,2.99,20050729,267,2,2
11850,10744,1.99,20050801,267,2,2
11852,11042,6.99,20050802,267,2,2
11853,11544,5.99,20050817,267,2,2
11856,12755,5.99,20050818,267,2,2
11857,12826,3.99,20050819,267,2,2
11858,13358,4.99,20050819,267,2,2
11859,14730,5.99,20050821,267,2,2
11860,15044,9.99,20050822,267,2,2
11861,15162,4.99,20050822,267,2,2
11862,15653,4.99,20050823,267,2,2
11865,957,4.99,20050530,194,2,2
11868,5423,2.99,20050709,194,2,2
11869,5594,0.99,20050710,194,2,2
11870,5731,2.99,20050710,194,2,2
11871,5782,0.99,20050710,194,2,2
11872,7585,4.99,20050727,194,2,2
11878,12403,6.99,20050818,194,2,2
11880,13384,4.99,20050819,194,2,2
11881,13779,2.99,20050820,194,2,2
11883,14863,7.99,20050822,194,2,2
11884,15264,0.99,20050822,194,2,2
11889,2328,4.99,20050618,2,2,2
11890,3629,0.99,20050706,2,2,2
11891,3695,2.99,20050706,2,2,2
11893,4208,0.99,20050707,2,2,2
11894,5129,2.99,20050709,2,2,2
11896,6636,2.99,20050712,2,2,2
11899,8237,2.99,20050729,2,2,2
11903,8617,4.99,20050729,2,2,2
11904,9644,10.99,20050731,2,2,2
11905,9854,2.99,20050731,2,2,2
11906,10139,1.99,20050731,2,2,2
11908,11247,1.99,20050802,2,2,2
11909,13483,2.99,20050820,2,2,2
11910,13739,4.99,20050820,2,2,2
11912,14796,4.99,20050822,2,2,2
11913,15070,3.99,20050822,2,2,2
11915,466,0.99,20050527,119,2,2
11916,558,6.99,20050528,119,2,2
11919,1358,0.99,20050615,119,2,2
11920,1576,8.99,20050616,119,2,2
11922,3545,4.99,20050706,119,2,2
11926,4365,2.99,20050707,119,2,2
11927,4577,3.99,20050708,119,2,2
11928,6590,4.99,20050712,119,2,2
11929,6632,2.99,20050712,119,2,2
11930,7427,2.99,20050727,119,2,2
11936,9873,5.99,20050731,119,2,2
11938,10365,6.99,20050801,119,2,2
11939,10452,0.99,20050801,119,2,2
11941,13004,0.99,20050819,119,2,2
11943,14199,0.99,20050821,119,2,2
11946,15207,2.99,20050822,119,2,2
11947,1068,4.99,20050531,60,2,2
11949,3510,5.99,20050706,60,2,2
11950,6625,5.99,20050712,60,2,2
11952,6983,2.99,20050727,60,2,2
11956,9740,1.99,20050731,60,2,2
11958,10081,5.99,20050731,60,2,2
11959,10360,0.99,20050801,60,2,2
11962,12857,4.99,20050819,60,2,2
11965,14611,6.99,20050821,60,2,2
11967,15393,4.99,20050822,60,2,2
11972,1397,3.99,20050615,154,2,2
11973,1441,1.99,20050615,154,2,2
11975,3301,7.99,20050621,154,2,2
11976,3415,5.99,20050621,154,2,2
11977,3498,4.99,20050706,154,2,2
11979,4648,6.99,20050708,154,2,2
11981,5825,2.99,20050710,154,2,2
11982,6285,2.99,20050711,154,2,2
11983,7679,3.99,20050728,154,2,2
11984,9634,1.99,20050731,154,2,2
11987,11353,0.99,20050802,154,2,2
11988,11419,6.99,20050802,154,2,2
11991,12712,2.99,20050818,154,2,2
11992,12946,2.99,20050819,154,2,2
11994,13559,2.99,20050820,154,2,2
11998,15815,4.99,20050823,154,2,2
12003,5225,2.99,20050709,13,2,2
12005,7351,2.99,20050727,13,2,2
12006,7971,4.99,20050728,13,2,2
12008,8911,0.99,20050730,13,2,2
12009,9625,4.99,20050731,13,2,2
12011,10334,1.99,20050801,13,2,2
12012,10341,0.99,20050801,13,2,2
12013,10936,9.99,20050802,13,2,2
12017,13586,0.99,20050820,13,2,2
12019,14673,2.99,20050821,13,2,2
12024,15906,2.99,20050823,13,2,2
12025,14,0.99,20050525,233,2,2
12029,2335,3.99,20050618,233,2,2
12030,2520,6.99,20050619,233,2,2
12031,2710,0.99,20050619,233,2,2
12033,3168,0.99,20050620,233,2,2
12034,4358,4.99,20050707,233,2,2
12035,5393,4.99,20050709,233,2,2
12036,5409,2.99,20050709,233,2,2
12037,6454,0.99,20050712,233,2,2
12042,7089,0.99,20050727,233,2,2
12044,8284,6.99,20050729,233,2,2
12046,8670,4.99,20050729,233,2,2
12047,8691,0.99,20050729,233,2,2
12048,8922,9.99,20050730,233,2,2
12052,12253,0.99,20050818,233,2,2
12053,12480,8.99,20050818,233,2,2
12055,15951,0.99,20050823,233,2,2
12057,732,0.99,20050529,444,2,2
12058,1230,0.99,20050615,444,2,2
12059,1890,2.99,20050617,444,2,2
12061,2285,4.99,20050618,444,2,2
12062,4403,4.99,20050707,444,2,2
12066,5987,2.99,20050711,444,2,2
12070,8945,4.99,20050730,444,2,2
12071,9076,5.99,20050730,444,2,2
12074,10957,5.99,20050802,444,2,2
12075,11108,0.99,20050802,444,2,2
12077,12511,0.99,20050818,444,2,2
12079,13110,0.99,20050819,444,2,2
12081,14443,5.99,20050821,444,2,2
12084,16032,4.99,20050823,444,2,2
12086,1123,2.99,20050531,167,2,2
12088,1823,7.99,20050616,167,2,2
12089,2697,0.99,20050619,167,2,2
12090,3225,3.99,20050621,167,2,2
12091,3347,5.99,20050621,167,2,2
12092,3959,5.99,20050706,167,2,2
12093,3992,6.99,20050706,167,2,2
12094,4024,0.99,20050707,167,2,2
12095,4206,2.99,20050707,167,2,2
12097,4537,2.99,20050708,167,2,2
12098,4558,2.99,20050708,167,2,2
12099,6341,2.99,20050711,167,2,2
12100,6985,4.99,20050727,167,2,2
12102,11608,8.99,20050817,167,2,2
12106,13250,3.99,20050819,167,2,2
12110,15358,9.99,20050822,167,2,2
12112,14734,3.98,20060214,167,2,2
12114,263,4.99,20050526,259,2,2
12115,325,5.99,20050527,259,2,2
12117,1295,4.99,20050615,259,2,2
12119,2970,2.99,20050620,259,2,2
12122,4433,3.99,20050707,259,2,2
12124,7755,6.99,20050728,259,2,2
12125,7803,3.99,20050728,259,2,2
12126,8002,2.99,20050728,259,2,2
12127,10083,5.99,20050731,259,2,2
12128,10409,2.99,20050801,259,2,2
12131,10688,6.99,20050801,259,2,2
12133,14962,7.99,20050822,259,2,2
12134,548,3.99,20050528,251,2,2
12135,1639,4.99,20050616,251,2,2
12137,1914,2.99,20050617,251,2,2
12138,2278,0.99,20050618,251,2,2
12145,7365,2.99,20050727,251,2,2
12148,8733,4.99,20050729,251,2,2
12149,10432,2.99,20050801,251,2,2
12151,12812,0.99,20050819,251,2,2
12152,13731,4.99,20050820,251,2,2
12156,15019,0.99,20050822,251,2,2
12158,15419,4.99,20050822,251,2,2
12160,77,0.99,20050525,328,2,2
12161,328,2.99,20050527,328,2,2
12162,1113,2.99,20050531,328,2,2
12168,2917,0.99,20050620,328,2,2
12170,3826,4.99,20050706,328,2,2
12173,4930,4.99,20050708,328,2,2
12175,5518,8.99,20050710,328,2,2
12177,10337,8.99,20050801,328,2,2
12179,10950,2.99,20050802,328,2,2
12180,11167,6.99,20050802,328,2,2
12181,11381,6.99,20050802,328,2,2
12183,12371,2.99,20050818,328,2,2
12185,13003,1.99,20050819,328,2,2
12186,13100,2.99,20050819,328,2,2
12187,13252,2.99,20050819,328,2,2
12188,13380,0.99,20050819,328,2,2
12191,14500,0.99,20050821,328,2,2
12194,714,2.99,20050529,531,2,2
12196,1203,4.99,20050615,531,2,2
12200,2266,4.99,20050618,531,2,2
12202,2661,0.99,20050619,531,2,2
12203,3638,3.99,20050706,531,2,2
12205,3907,6.99,20050706,531,2,2
12207,4353,4.99,20050707,531,2,2
12208,4417,2.99,20050707,531,2,2
12211,5480,0.99,20050709,531,2,2
12212,6959,2.99,20050727,531,2,2
12213,7899,6.99,20050728,531,2,2
12215,9379,6.99,20050730,531,2,2
12216,11715,4.99,20050817,531,2,2
12225,2852,5.99,20050619,582,2,2
12227,2887,4.99,20050620,582,2,2
12228,3929,0.99,20050706,582,2,2
12229,4033,8.99,20050707,582,2,2
12231,4805,2.99,20050708,582,2,2
12232,5359,6.99,20050709,582,2,2
12235,9289,6.99,20050730,582,2,2
12236,9406,6.99,20050730,582,2,2
12237,9900,1.99,20050731,582,2,2
12243,14306,5.99,20050821,582,2,2
12244,14644,4.99,20050821,582,2,2
12247,15627,4.99,20050823,582,2,2
12249,1647,4.99,20050616,345,2,2
12250,1844,7.99,20050616,345,2,2
12253,2048,5.99,20050617,345,2,2
12254,2182,5.99,20050618,345,2,2
12256,2666,9.99,20050619,345,2,2
12260,4562,4.99,20050708,345,2,2
12261,5088,4.99,20050709,345,2,2
12262,5446,2.99,20050709,345,2,2
12263,6260,4.99,20050711,345,2,2
12264,6701,0.99,20050712,345,2,2
12265,8481,2.99,20050729,345,2,2
12267,9041,0.99,20050730,345,2,2
12270,12347,0.99,20050818,345,2,2
12272,13496,8.99,20050820,345,2,2
12273,13513,2.99,20050820,345,2,2
12274,13694,8.99,20050820,345,2,2
12277,14843,2.99,20050822,345,2,2
12278,15012,4.99,20050822,345,2,2
12280,15608,1.99,20050823,345,2,2
12281,115,0.99,20050525,34,2,2
12282,343,0.99,20050527,34,2,2
12283,1382,1.99,20050615,34,2,2
12286,2356,0.99,20050618,34,2,2
12287,4195,2.99,20050707,34,2,2
12291,6729,4.99,20050712,34,2,2
12293,7498,4.99,20050727,34,2,2
12294,7905,5.99,20050728,34,2,2
12295,8291,2.99,20050729,34,2,2
12300,13083,2.99,20050819,34,2,2
12301,13813,4.99,20050820,34,2,2
12303,14583,4.99,20050821,34,2,2
12305,19,4.99,20050525,460,2,2
12308,2103,5.99,20050617,460,2,2
12309,2146,6.99,20050617,460,2,2
12314,3881,2.99,20050706,460,2,2
12316,5964,0.99,20050710,460,2,2
12317,6023,0.99,20050711,460,2,2
12318,7248,2.99,20050727,460,2,2
12320,10519,5.99,20050801,460,2,2
12326,14253,2.99,20050821,460,2,2
12327,14690,1.99,20050821,460,2,2
12330,1024,7.99,20050531,571,2,2
12331,1453,4.99,20050615,571,2,2
12332,1727,0.99,20050616,571,2,2
12338,3115,2.99,20050620,571,2,2
12339,3184,2.99,20050620,571,2,2
12340,4600,5.99,20050708,571,2,2
12344,8373,4.99,20050729,571,2,2
12347,11956,6.99,20050817,571,2,2
12352,13934,0.99,20050820,571,2,2
12353,14327,10.99,20050821,571,2,2
12357,14516,0.00,20060214,571,2,2
12358,2629,5.99,20050619,252,2,2
12359,3322,0.99,20050621,252,2,2
12360,4525,2.99,20050708,252,2,2
12363,6250,3.99,20050711,252,2,2
12365,6595,7.99,20050712,252,2,2
12367,7923,3.99,20050728,252,2,2
12369,11138,2.99,20050802,252,2,2
12370,11975,2.99,20050817,252,2,2
12371,12768,0.99,20050818,252,2,2
12372,13259,2.99,20050819,252,2,2
12373,13487,2.99,20050820,252,2,2
12374,13571,4.99,20050820,252,2,2
12375,14428,4.99,20050821,252,2,2
12377,2,2.99,20050524,257,2,2
12378,1876,0.99,20050617,257,2,2
12379,1977,2.99,20050617,257,2,2
12380,2075,4.99,20050617,257,2,2
12382,3041,4.99,20050620,257,2,2
12383,3045,0.99,20050620,257,2,2
12384,3234,9.99,20050621,257,2,2
12386,4519,2.99,20050708,257,2,2
12390,6750,3.99,20050712,257,2,2
12392,7639,4.99,20050728,257,2,2
12397,8557,10.99,20050729,257,2,2
12400,9639,2.99,20050731,257,2,2
12402,10117,4.99,20050731,257,2,2
12404,10255,4.99,20050801,257,2,2
12409,13960,10.99,20050820,257,2,2
12413,15342,2.99,20050822,257,2,2
12416,298,0.99,20050526,135,2,2
12418,1064,4.99,20050531,135,2,2
12419,1392,0.99,20050615,135,2,2
12420,3820,4.99,20050706,135,2,2
12422,5482,3.99,20050709,135,2,2
12427,8656,2.99,20050729,135,2,2
12428,10754,10.99,20050801,135,2,2
12430,11554,2.99,20050817,135,2,2
12432,12586,4.99,20050818,135,2,2
12434,13215,8.99,20050819,135,2,2
12436,13920,5.99,20050820,135,2,2
12437,14864,0.99,20050822,135,2,2
12439,15954,2.99,20050823,135,2,2
12441,3127,5.99,20050620,399,2,2
12442,3319,4.99,20050621,399,2,2
12443,3698,0.99,20050706,399,2,2
12444,4586,2.99,20050708,399,2,2
12447,7334,2.99,20050727,399,2,2
12448,7664,2.99,20050728,399,2,2
12449,8133,0.99,20050728,399,2,2
12450,8164,0.99,20050728,399,2,2
12451,9499,4.99,20050730,399,2,2
12453,10113,4.99,20050731,399,2,2
12455,11063,0.99,20050802,399,2,2
12456,11219,0.99,20050802,399,2,2
12457,12022,2.99,20050817,399,2,2
12463,15187,4.99,20050822,399,2,2
12465,15411,2.99,20050822,399,2,2
12466,15449,2.99,20050823,399,2,2
12467,15613,7.99,20050823,399,2,2
12468,156,2.99,20050526,452,2,2
12469,590,3.99,20050528,452,2,2
12470,1773,5.99,20050616,452,2,2
12471,1926,9.99,20050617,452,2,2
12474,4728,3.99,20050708,452,2,2
12479,7295,8.99,20050727,452,2,2
12483,7935,2.99,20050728,452,2,2
12487,8757,2.99,20050729,452,2,2
12490,11639,6.99,20050817,452,2,2
12493,12582,0.99,20050818,452,2,2
12495,13041,8.99,20050819,452,2,2
12498,15581,2.99,20050823,452,2,2
12503,2527,4.99,20050619,72,2,2
12509,6294,0.99,20050711,72,2,2
12514,9405,7.99,20050730,72,2,2
12517,10405,0.99,20050801,72,2,2
12518,10906,2.99,20050802,72,2,2
12519,12096,7.99,20050817,72,2,2
12520,12679,6.99,20050818,72,2,2
12522,13938,4.99,20050820,72,2,2
12525,15151,7.99,20050822,72,2,2
12527,373,1.99,20050527,79,2,2
12528,1277,4.99,20050615,79,2,2
12532,5455,6.99,20050709,79,2,2
12534,6601,3.99,20050712,79,2,2
12536,11275,1.99,20050802,79,2,2
12538,13943,2.99,20050820,79,2,2
12540,15854,0.99,20050823,79,2,2
12542,640,0.99,20050528,347,2,2
12546,2524,0.99,20050619,347,2,2
12548,6904,3.99,20050712,347,2,2
12549,7508,2.99,20050727,347,2,2
12553,11648,6.99,20050817,347,2,2
12554,12106,4.99,20050817,347,2,2
12558,15859,4.99,20050823,347,2,2
12559,1104,2.99,20050531,86,2,2
12560,1808,7.99,20050616,86,2,2
12561,2446,8.99,20050618,86,2,2
12563,3237,4.99,20050621,86,2,2
12564,3343,2.99,20050621,86,2,2
12565,5048,0.99,20050709,86,2,2
12568,7080,2.99,20050727,86,2,2
12569,8276,0.99,20050729,86,2,2
12573,11343,0.99,20050802,86,2,2
12579,14546,2.99,20050821,86,2,2
12580,15230,4.99,20050822,86,2,2
12582,225,4.99,20050526,325,2,2
12584,2121,4.99,20050617,325,2,2
12585,2870,9.99,20050620,325,2,2
12588,4222,4.99,20050707,325,2,2
12590,5160,4.99,20050709,325,2,2
12591,6271,6.99,20050711,325,2,2
12592,7360,2.99,20050727,325,2,2
12593,7573,5.99,20050727,325,2,2
12596,8061,6.99,20050728,325,2,2
12597,8224,2.99,20050728,325,2,2
12598,8480,8.99,20050729,325,2,2
12600,10239,0.99,20050801,325,2,2
12601,11332,2.99,20050802,325,2,2
12610,15830,2.99,20050823,325,2,2
12611,101,6.99,20050525,191,2,2
12613,296,6.99,20050526,191,2,2
12614,459,0.99,20050527,191,2,2
12616,1229,2.99,20050615,191,2,2
12620,2462,4.99,20050618,191,2,2
12622,3724,2.99,20050706,191,2,2
12624,4184,3.99,20050707,191,2,2
12625,4527,3.99,20050708,191,2,2
12629,6815,5.99,20050712,191,2,2
12630,7292,4.99,20050727,191,2,2
12632,8423,5.99,20050729,191,2,2
12633,8768,6.99,20050729,191,2,2
12636,11257,10.99,20050802,191,2,2
12637,11633,4.99,20050817,191,2,2
12638,12026,6.99,20050817,191,2,2
12639,13221,3.99,20050819,191,2,2
12641,14154,4.99,20050821,191,2,2
12642,14210,4.99,20050821,191,2,2
12646,15435,4.99,20050823,191,2,2
12649,16044,0.99,20050823,191,2,2
12651,506,7.99,20050528,481,2,2
12652,529,4.99,20050528,481,2,2
12653,936,1.99,20050530,481,2,2
12655,1399,0.99,20050615,481,2,2
12657,3522,4.99,20050706,481,2,2
12659,4067,3.99,20050707,481,2,2
12660,4123,0.99,20050707,481,2,2
12663,5664,6.99,20050710,481,2,2
12664,6022,0.99,20050711,481,2,2
12665,6099,4.99,20050711,481,2,2
12668,7062,6.99,20050727,481,2,2
12669,7271,6.99,20050727,481,2,2
12670,7756,4.99,20050728,481,2,2
12672,8791,0.99,20050729,481,2,2
12674,10075,4.99,20050731,481,2,2
12679,11185,0.99,20050802,481,2,2
12680,12035,0.99,20050817,481,2,2
12685,14197,7.99,20050821,481,2,2
12686,14661,2.99,20050821,481,2,2
12690,60,2.99,20050525,594,2,2
12691,1256,0.99,20050615,594,2,2
12693,1594,7.99,20050616,594,2,2
12698,4502,6.99,20050708,594,2,2
12699,5082,4.99,20050709,594,2,2
12702,6703,4.99,20050712,594,2,2
12706,8476,8.99,20050729,594,2,2
12712,10944,4.99,20050802,594,2,2
12713,11397,1.99,20050802,594,2,2
12714,11711,2.99,20050817,594,2,2
12716,12177,3.99,20050818,594,2,2
12717,12423,8.99,20050818,594,2,2
12719,13585,4.99,20050820,594,2,2
12721,14405,4.99,20050821,594,2,2
12724,1449,2.99,20050615,465,2,2
12725,2165,2.99,20050617,465,2,2
12726,2350,4.99,20050618,465,2,2
12727,3073,4.99,20050620,465,2,2
12730,6293,2.99,20050711,465,2,2
12736,9560,2.99,20050731,465,2,2
12738,10828,3.99,20050801,465,2,2
12739,11601,4.99,20050817,465,2,2
12745,14538,2.99,20050821,465,2,2
12746,14942,7.99,20050822,465,2,2
12747,15184,0.99,20050822,465,2,2
12749,142,0.99,20050525,589,2,2
12750,249,2.99,20050526,589,2,2
12751,800,0.99,20050529,589,2,2
12752,994,4.99,20050530,589,2,2
12754,1776,6.99,20050616,589,2,2
12759,3815,6.99,20050706,589,2,2
12760,5318,2.99,20050709,589,2,2
12763,6274,5.99,20050711,589,2,2
12766,8929,5.99,20050730,589,2,2
12767,9926,6.99,20050731,589,2,2
12771,12763,4.99,20050818,589,2,2
12772,13188,8.99,20050819,589,2,2
12774,14596,4.99,20050821,589,2,2
12776,15185,5.99,20050822,589,2,2
12777,15278,2.99,20050822,589,2,2
12778,14928,4.99,20060214,589,2,2
12780,942,2.99,20050530,244,2,2
12781,973,3.99,20050530,244,2,2
12782,1748,0.99,20050616,244,2,2
12784,2553,4.99,20050619,244,2,2
12785,2748,4.99,20050619,244,2,2
12787,4006,4.99,20050707,244,2,2
12788,4625,4.99,20050708,244,2,2
12790,5447,5.99,20050709,244,2,2
12792,6890,4.99,20050712,244,2,2
12795,7918,1.99,20050728,244,2,2
12796,7928,7.99,20050728,244,2,2
12798,9120,8.99,20050730,244,2,2
12800,11006,2.99,20050802,244,2,2
12803,11421,7.99,20050802,244,2,2
12805,13984,4.99,20050820,244,2,2
12806,14202,0.99,20050821,244,2,2
12807,14550,0.99,20050821,244,2,2
12808,14658,4.99,20050821,244,2,2
12809,14757,4.99,20050821,244,2,2
12811,15400,2.99,20050822,244,2,2
12812,16024,4.99,20050823,244,2,2
12815,2944,7.99,20050620,362,2,2
12816,3787,4.99,20050706,362,2,2
12817,4048,1.99,20050707,362,2,2
12820,4785,0.99,20050708,362,2,2
12822,4886,4.99,20050708,362,2,2
12826,10376,5.99,20050801,362,2,2
12827,11117,0.99,20050802,362,2,2
12829,11537,2.99,20050817,362,2,2
12833,12597,2.99,20050818,362,2,2
12836,15046,4.99,20050822,362,2,2
12839,417,4.99,20050527,528,2,2
12841,3980,5.99,20050706,528,2,2
12844,5379,0.99,20050709,528,2,2
12846,5415,9.99,20050709,528,2,2
12847,5469,2.99,20050709,528,2,2
12851,8207,5.99,20050728,528,2,2
12855,10162,3.99,20050731,528,2,2
12860,14303,2.99,20050821,528,2,2
12867,2508,4.99,20050618,71,2,2
12868,3448,2.99,20050621,71,2,2
12869,3477,7.99,20050705,71,2,2
12871,4171,4.99,20050707,71,2,2
12872,5644,4.99,20050710,71,2,2
12876,9325,6.99,20050730,71,2,2
12877,9743,3.99,20050731,71,2,2
12882,12709,5.99,20050818,71,2,2
12889,2676,4.99,20050619,541,2,2
12890,4237,5.99,20050707,541,2,2
12892,4956,7.99,20050708,541,2,2
12893,6265,2.99,20050711,541,2,2
12894,7302,2.99,20050727,541,2,2
12895,7904,10.99,20050728,541,2,2
12898,8857,2.99,20050729,541,2,2
12899,9446,8.99,20050730,541,2,2
12901,10912,0.99,20050802,541,2,2
12902,12420,4.99,20050818,541,2,2
12904,14552,3.99,20050821,541,2,2
12905,15091,2.99,20050822,541,2,2
12908,2358,4.99,20050618,263,2,2
12910,2616,8.99,20050619,263,2,2
12911,2765,4.99,20050619,263,2,2
12912,3259,4.99,20050621,263,2,2
12916,8488,4.99,20050729,263,2,2
12918,10016,4.99,20050731,263,2,2
12919,10127,0.99,20050731,263,2,2
12921,13162,2.99,20050819,263,2,2
12922,13507,4.99,20050820,263,2,2
12924,15188,4.99,20050822,263,2,2
12926,132,3.99,20050525,543,2,2
12929,1947,3.99,20050617,543,2,2
12930,1987,2.99,20050617,543,2,2
12931,2071,3.99,20050617,543,2,2
12932,2376,2.99,20050618,543,2,2
12933,2764,6.99,20050619,543,2,2
12934,3537,6.99,20050706,543,2,2
12936,4183,8.99,20050707,543,2,2
12939,6084,7.99,20050711,543,2,2
12942,6849,8.99,20050712,543,2,2
12944,7893,2.99,20050728,543,2,2
12947,9697,2.99,20050731,543,2,2
12948,9754,7.99,20050731,543,2,2
12949,10303,4.99,20050801,543,2,2
12950,11109,4.99,20050802,543,2,2
12951,11584,1.99,20050817,543,2,2
12952,11835,4.99,20050817,543,2,2
12953,12401,0.99,20050818,543,2,2
12954,13078,8.99,20050819,543,2,2
12959,822,9.99,20050529,513,2,2
12962,3507,7.99,20050706,513,2,2
12963,5633,2.99,20050710,513,2,2
12966,7910,9.99,20050728,513,2,2
12967,8847,4.99,20050729,513,2,2
12969,9332,4.99,20050730,513,2,2
12970,10808,1.99,20050801,513,2,2
12971,11017,0.99,20050802,513,2,2
12973,12905,4.99,20050819,513,2,2
12974,13092,0.99,20050819,513,2,2
12975,13131,9.99,20050819,513,2,2
12977,15363,2.99,20050822,513,2,2
12978,15579,4.99,20050823,513,2,2
12979,1109,5.99,20050531,500,2,2
12980,1168,2.99,20050614,500,2,2
12981,2296,4.99,20050618,500,2,2
12982,3285,4.99,20050621,500,2,2
12983,3293,0.99,20050621,500,2,2
12989,5711,2.99,20050710,500,2,2
12992,7836,7.99,20050728,500,2,2
12994,8271,6.99,20050729,500,2,2
12997,11207,0.99,20050802,500,2,2
12998,11387,2.99,20050802,500,2,2
13001,12160,2.99,20050818,500,2,2
13003,13497,2.99,20050820,500,2,2
13004,13878,4.99,20050820,500,2,2
13006,14280,4.99,20050821,500,2,2
13007,14584,0.99,20050821,500,2,2
13009,680,2.99,20050528,324,2,2
13010,879,0.99,20050530,324,2,2
13011,3048,2.99,20050620,324,2,2
13012,3255,0.99,20050621,324,2,2
13013,3650,2.99,20050706,324,2,2
13017,5810,8.99,20050710,324,2,2
13018,5880,2.99,20050710,324,2,2
13020,6447,7.99,20050712,324,2,2
13021,6844,5.99,20050712,324,2,2
13022,7840,6.99,20050728,324,2,2
13023,8584,2.99,20050729,324,2,2
13024,9874,6.99,20050731,324,2,2
13025,10824,4.99,20050801,324,2,2
13026,10839,2.99,20050801,324,2,2
13027,11498,6.99,20050816,324,2,2
13029,14383,4.99,20050821,324,2,2
13030,14732,0.99,20050821,324,2,2
13031,14891,6.99,20050822,324,2,2
13032,14995,4.99,20050822,324,2,2
13035,15865,2.99,20050823,324,2,2
13037,742,6.99,20050529,511,2,2
13039,2867,0.99,20050620,511,2,2
13041,3559,4.99,20050706,511,2,2
13043,6478,4.99,20050712,511,2,2
13044,6899,9.99,20050712,511,2,2
13045,7137,0.99,20050727,511,2,2
13050,10677,0.99,20050801,511,2,2
13052,12331,3.99,20050818,511,2,2
13053,12695,2.99,20050818,511,2,2
13054,12875,2.99,20050819,511,2,2
13055,35,4.99,20050525,126,2,2
13056,668,2.99,20050528,126,2,2
13057,727,2.99,20050529,126,2,2
13059,1643,3.99,20050616,126,2,2
13064,5708,6.99,20050710,126,2,2
13066,5866,6.99,20050710,126,2,2
13067,5977,5.99,20050711,126,2,2
13068,6296,2.99,20050711,126,2,2
13070,7440,4.99,20050727,126,2,2
13071,7548,2.99,20050727,126,2,2
13072,8508,0.99,20050729,126,2,2
13073,9141,5.99,20050730,126,2,2
13074,9414,9.99,20050730,126,2,2
13076,10166,8.99,20050731,126,2,2
13077,11871,4.99,20050817,126,2,2
13081,13160,0.99,20050819,126,2,2
13082,13956,3.99,20050820,126,2,2
13086,1684,2.99,20050616,113,2,2
13088,3579,0.99,20050706,113,2,2
13091,4137,3.99,20050707,113,2,2
13092,4667,2.99,20050708,113,2,2
13097,6810,4.99,20050712,113,2,2
13098,6902,4.99,20050712,113,2,2
13100,8984,6.99,20050730,113,2,2
13101,9039,2.99,20050730,113,2,2
13103,9189,2.99,20050730,113,2,2
13107,10772,6.99,20050801,113,2,2
13108,11188,3.99,20050802,113,2,2
13111,12261,8.99,20050818,113,2,2
13112,12487,0.99,20050818,113,2,2
13113,13055,2.99,20050819,113,2,2
13115,946,2.99,20050530,318,2,2
13116,1129,0.99,20050531,318,2,2
13119,2566,2.99,20050619,318,2,2
13120,2797,2.99,20050619,318,2,2
13122,4110,4.99,20050707,318,2,2
13126,5006,4.99,20050709,318,2,2
13127,6383,4.99,20050711,318,2,2
13128,7127,4.99,20050727,318,2,2
13129,7446,4.99,20050727,318,2,2
13130,8425,8.99,20050729,318,2,2
13131,9142,0.99,20050730,318,2,2
13133,10902,4.99,20050802,318,2,2
13135,12609,2.99,20050818,318,2,2
13137,13803,0.99,20050820,318,2,2
13138,14251,4.99,20050821,318,2,2
13139,14284,4.99,20050821,318,2,2
13140,3100,3.99,20050620,447,2,2
13141,3994,1.99,20050706,447,2,2
13142,4854,2.99,20050708,447,2,2
13147,7949,4.99,20050728,447,2,2
13148,8510,1.99,20050729,447,2,2
13149,8689,2.99,20050729,447,2,2
13152,9457,2.99,20050730,447,2,2
13154,10123,0.99,20050731,447,2,2
13155,10511,2.99,20050801,447,2,2
13156,10555,6.99,20050801,447,2,2
13158,10877,5.99,20050802,447,2,2
13161,11890,5.99,20050817,447,2,2
13163,13210,4.99,20050819,447,2,2
13165,15665,2.99,20050823,447,2,2
13166,1655,3.99,20050616,335,2,2
13167,1704,5.99,20050616,335,2,2
13168,4133,6.99,20050707,335,2,2
13169,4233,5.99,20050707,335,2,2
13171,6548,5.99,20050712,335,2,2
13174,8050,0.99,20050728,335,2,2
13175,8064,2.99,20050728,335,2,2
13176,9083,5.99,20050730,335,2,2
13179,10474,5.99,20050801,335,2,2
13182,12483,5.99,20050818,335,2,2
13183,13446,4.99,20050820,335,2,2
13184,14948,5.99,20050822,335,2,2
13185,15259,0.99,20050822,335,2,2
13187,15499,2.99,20050823,335,2,2
13189,513,2.99,20050528,292,2,2
13190,1614,3.99,20050616,292,2,2
13194,3816,2.99,20050706,292,2,2
13197,9231,0.99,20050730,292,2,2
13199,11119,9.99,20050802,292,2,2
13202,12701,6.99,20050818,292,2,2
13204,14095,5.99,20050821,292,2,2
13205,14328,2.99,20050821,292,2,2
13206,14424,6.99,20050821,292,2,2
13209,585,6.99,20050528,138,2,2
13210,676,4.99,20050528,138,2,2
13213,3932,4.99,20050706,138,2,2
13216,5173,7.99,20050709,138,2,2
13217,5489,0.99,20050710,138,2,2
13219,6230,2.99,20050711,138,2,2
13221,6888,2.99,20050712,138,2,2
13222,6923,8.99,20050712,138,2,2
13224,9108,4.99,20050730,138,2,2
13228,11965,2.99,20050817,138,2,2
13229,14557,4.99,20050821,138,2,2
13230,14761,6.99,20050821,138,2,2
13231,15276,2.99,20050822,138,2,2
13234,1097,0.99,20050531,150,2,2
13235,1198,2.99,20050615,150,2,2
13237,2026,4.99,20050617,150,2,2
13239,2391,4.99,20050618,150,2,2
13240,3031,4.99,20050620,150,2,2
13244,5134,6.99,20050709,150,2,2
13246,6171,2.99,20050711,150,2,2
13247,7019,3.99,20050727,150,2,2
13248,7281,6.99,20050727,150,2,2
13249,7688,7.99,20050728,150,2,2
13251,10036,2.99,20050731,150,2,2
13252,10178,4.99,20050731,150,2,2
13253,10974,6.99,20050802,150,2,2
13257,13607,2.99,20050820,150,2,2
13259,15685,5.99,20050823,150,2,2
13261,1691,1.99,20050616,207,2,2
13262,1855,4.99,20050617,207,2,2
13263,1956,4.99,20050617,207,2,2
13265,4128,8.99,20050707,207,2,2
13267,4258,6.99,20050707,207,2,2
13268,5325,0.99,20050709,207,2,2
13271,7203,2.99,20050727,207,2,2
13272,12971,4.99,20050819,207,2,2
13274,15822,0.99,20050823,207,2,2
13277,2109,3.99,20050617,519,2,2
13281,3586,4.99,20050706,519,2,2
13286,7043,7.99,20050727,519,2,2
13290,10885,7.99,20050802,519,2,2
13292,13675,6.99,20050820,519,2,2
13294,15177,4.99,20050822,519,2,2
13297,15878,2.99,20050823,519,2,2
13298,14160,2.99,20060214,519,2,2
13302,3803,2.99,20050706,147,2,2
13303,3913,0.99,20050706,147,2,2
13305,4397,5.99,20050707,147,2,2
13306,4551,7.99,20050708,147,2,2
13307,5083,4.99,20050709,147,2,2
13309,7258,3.99,20050727,147,2,2
13310,7546,8.99,20050727,147,2,2
13311,7737,1.99,20050728,147,2,2
13312,8333,2.99,20050729,147,2,2
13313,8895,2.99,20050730,147,2,2
13315,9012,4.99,20050730,147,2,2
13316,9510,7.99,20050731,147,2,2
13318,9943,7.99,20050731,147,2,2
13321,11152,3.99,20050802,147,2,2
13323,13094,0.99,20050819,147,2,2
13324,13301,3.99,20050819,147,2,2
13325,14634,5.99,20050821,147,2,2
13328,15156,9.99,20050822,147,2,2
13329,15291,4.99,20050822,147,2,2
13330,623,4.99,20050528,81,2,2
13331,741,4.99,20050529,81,2,2
13332,2074,2.99,20050617,81,2,2
13336,3966,2.99,20050706,81,2,2
13337,5484,7.99,20050709,81,2,2
13338,6426,7.99,20050711,81,2,2
13339,7191,2.99,20050727,81,2,2
13346,10065,4.99,20050731,81,2,2
13347,10643,5.99,20050801,81,2,2
13350,12837,0.99,20050819,81,2,2
13351,13205,3.99,20050819,81,2,2
13352,13445,2.99,20050820,81,2,2
13353,13818,4.99,20050820,81,2,2
13355,13753,0.99,20060214,81,2,2
13356,322,4.99,20050527,110,2,2
13357,966,0.99,20050530,110,2,2
13359,3569,3.99,20050706,110,2,2
13364,5949,4.99,20050710,110,2,2
13366,8221,2.99,20050728,110,2,2
13368,11448,4.99,20050802,110,2,2
13370,12605,4.99,20050818,110,2,2
13372,14013,6.99,20050820,110,2,2
13375,15750,2.99,20050823,110,2,2
13378,2180,8.99,20050618,542,2,2
13381,2818,4.99,20050619,542,2,2
13383,4218,7.99,20050707,542,2,2
13386,4795,0.99,20050708,542,2,2
13389,7603,2.99,20050727,542,2,2
13390,8011,2.99,20050728,542,2,2
13392,8813,6.99,20050729,542,2,2
13393,8867,4.99,20050730,542,2,2
13395,9850,4.99,20050731,542,2,2
13396,10760,7.99,20050801,542,2,2
13400,14134,0.99,20050821,542,2,2
13402,15633,0.99,20050823,542,2,2
13405,49,2.99,20050525,380,2,2
13407,718,2.99,20050529,380,2,2
13413,3360,0.99,20050621,380,2,2
13414,3828,0.99,20050706,380,2,2
13415,3856,2.99,20050706,380,2,2
13417,4972,2.99,20050708,380,2,2
13419,5884,0.99,20050710,380,2,2
13425,8020,4.99,20050728,380,2,2
13427,9021,0.99,20050730,380,2,2
13428,9689,4.99,20050731,380,2,2
13432,89,2.99,20050525,269,2,2
13434,1526,4.99,20050616,269,2,2
13435,1830,4.99,20050616,269,2,2
13436,3241,1.99,20050621,269,2,2
13439,5392,2.99,20050709,269,2,2
13440,5427,3.99,20050709,269,2,2
13442,6723,4.99,20050712,269,2,2
13446,8130,4.99,20050728,269,2,2
13449,10333,0.99,20050801,269,2,2
13450,10497,2.99,20050801,269,2,2
13452,11606,0.99,20050817,269,2,2
13453,11978,4.99,20050817,269,2,2
13458,12947,4.99,20050819,269,2,2
13459,13822,3.99,20050820,269,2,2
13466,1388,5.99,20050615,245,2,2
13467,2189,3.99,20050618,245,2,2
13468,2526,6.99,20050619,245,2,2
13470,3926,4.99,20050706,245,2,2
13472,4790,4.99,20050708,245,2,2
13473,6018,4.99,20050711,245,2,2
13474,6187,2.99,20050711,245,2,2
13475,6801,3.99,20050712,245,2,2
13480,9290,3.99,20050730,245,2,2
13482,11218,1.99,20050802,245,2,2
13484,12813,2.99,20050819,245,2,2
13485,13628,4.99,20050820,245,2,2
13492,3222,5.99,20050621,417,2,2
13494,3541,6.99,20050706,417,2,2
13495,3723,6.99,20050706,417,2,2
13496,4769,2.99,20050708,417,2,2
13497,5520,1.99,20050710,417,2,2
13498,6095,7.99,20050711,417,2,2
13501,8529,2.99,20050729,417,2,2
13504,11393,4.99,20050802,417,2,2
13506,11799,6.99,20050817,417,2,2
13508,13889,0.99,20050820,417,2,2
13511,258,2.99,20050526,230,2,2
13514,965,0.99,20050530,230,2,2
13515,1696,7.99,20050616,230,2,2
13516,2420,0.99,20050618,230,2,2
13518,3614,2.99,20050706,230,2,2
13520,5368,5.99,20050709,230,2,2
13521,5662,2.99,20050710,230,2,2
13522,6414,7.99,20050711,230,2,2
13524,6828,2.99,20050712,230,2,2
13525,6924,8.99,20050726,230,2,2
13526,7213,3.99,20050727,230,2,2
13530,8034,4.99,20050728,230,2,2
13531,9232,0.99,20050730,230,2,2
13533,10390,4.99,20050801,230,2,2
13535,11036,4.99,20050802,230,2,2
13545,109,1.99,20050525,302,2,2
13549,2108,4.99,20050617,302,2,2
13551,3430,0.99,20050621,302,2,2
13552,3935,6.99,20050706,302,2,2
13553,4570,2.99,20050708,302,2,2
13554,5465,2.99,20050709,302,2,2
13558,6950,4.99,20050726,302,2,2
13560,9725,0.99,20050731,302,2,2
13562,11075,2.99,20050802,302,2,2
13565,12370,2.99,20050818,302,2,2
13566,12783,4.99,20050819,302,2,2
13571,15056,4.99,20050822,302,2,2
13572,15077,2.99,20050822,302,2,2
13577,136,5.99,20050525,562,2,2
13578,470,4.99,20050527,562,2,2
13582,3712,9.99,20050706,562,2,2
13586,5153,6.99,20050709,562,2,2
13587,7342,3.99,20050727,562,2,2
13589,7807,2.99,20050728,562,2,2
13590,7875,1.99,20050728,562,2,2
13591,7944,4.99,20050728,562,2,2
13593,10397,0.99,20050801,562,2,2
13594,10509,3.99,20050801,562,2,2
13595,11569,2.99,20050817,562,2,2
13598,13206,2.99,20050819,562,2,2
13599,13387,2.99,20050819,562,2,2
13600,13859,5.99,20050820,562,2,2
13601,15018,4.99,20050822,562,2,2
13604,16022,4.99,20050823,562,2,2
13607,1799,5.99,20050616,408,2,2
13608,1886,4.99,20050617,408,2,2
13611,4008,5.99,20050707,408,2,2
13613,5976,9.99,20050711,408,2,2
13614,6292,4.99,20050711,408,2,2
13617,10219,5.99,20050801,408,2,2
13621,13612,3.99,20050820,408,2,2
13625,15867,4.99,20060214,408,2,2
13627,387,2.99,20050527,248,2,2
13628,410,3.99,20050527,248,2,2
13630,907,0.99,20050530,248,2,2
13632,1153,4.99,20050531,248,2,2
13635,1565,0.99,20050616,248,2,2
13637,2824,6.99,20050619,248,2,2
13638,4594,7.99,20050708,248,2,2
13639,4640,6.99,20050708,248,2,2
13640,4806,8.99,20050708,248,2,2
13641,5985,0.99,20050711,248,2,2
13644,8096,9.99,20050728,248,2,2
13645,8506,0.99,20050729,248,2,2
13646,9654,3.99,20050731,248,2,2
13647,9972,2.99,20050731,248,2,2
13650,11238,0.99,20050802,248,2,2
13651,11781,4.99,20050817,248,2,2
13653,13073,2.99,20050819,248,2,2
13654,13767,0.99,20050820,248,2,2
13657,14395,6.99,20050821,248,2,2
13658,15022,5.99,20050822,248,2,2
13659,15572,1.99,20050823,248,2,2
13662,713,4.99,20050529,512,2,2
13663,1307,4.99,20050615,512,2,2
13665,2283,4.99,20050618,512,2,2
13668,4440,0.99,20050707,512,2,2
13669,4455,2.99,20050707,512,2,2
13670,4744,0.99,20050708,512,2,2
13671,4901,2.99,20050708,512,2,2
13676,7770,5.99,20050728,512,2,2
13678,8369,2.99,20050729,512,2,2
13679,8976,2.99,20050730,512,2,2
13681,12071,6.99,20050817,512,2,2
13682,12275,4.99,20050818,512,2,2
13684,14625,4.99,20050821,512,2,2
13687,921,2.99,20050530,237,2,2
13688,1661,4.99,20050616,237,2,2
13689,5657,9.99,20050710,237,2,2
13690,5978,6.99,20050711,237,2,2
13692,6646,0.99,20050712,237,2,2
13693,6929,8.99,20050726,237,2,2
13695,7322,3.99,20050727,237,2,2
13696,7327,7.99,20050727,237,2,2
13697,7668,2.99,20050728,237,2,2
13698,7676,4.99,20050728,237,2,2
13699,8191,4.99,20050728,237,2,2
13700,9694,5.99,20050731,237,2,2
13702,10128,2.99,20050731,237,2,2
13705,11447,6.99,20050802,237,2,2
13707,13201,2.99,20050819,237,2,2
13714,2919,4.99,20050620,193,2,2
13715,4139,1.99,20050707,193,2,2
13716,4266,4.99,20050707,193,2,2
13717,4832,2.99,20050708,193,2,2
13718,5008,2.99,20050709,193,2,2
13723,8240,0.99,20050729,193,2,2
13725,10988,5.99,20050802,193,2,2
13727,12109,4.99,20050817,193,2,2
13728,14045,4.99,20050820,193,2,2
13729,14994,5.99,20050822,193,2,2
13733,1118,4.99,20050531,434,2,2
13734,1435,5.99,20050615,434,2,2
13735,1757,0.99,20050616,434,2,2
13736,1925,0.99,20050617,434,2,2
13738,2806,0.99,20050619,434,2,2
13739,2817,0.99,20050619,434,2,2
13740,3352,8.99,20050621,434,2,2
13741,3465,5.99,20050621,434,2,2
13742,3744,2.99,20050706,434,2,2
13744,5851,4.99,20050710,434,2,2
13748,7794,9.99,20050728,434,2,2
13749,8763,3.99,20050729,434,2,2
13752,10265,7.99,20050801,434,2,2
13753,11996,4.99,20050817,434,2,2
13755,12406,2.99,20050818,434,2,2
13759,1281,2.99,20050615,115,2,2
13761,2966,10.99,20050620,115,2,2
13762,3366,4.99,20050621,115,2,2
13763,3600,4.99,20050706,115,2,2
13766,5164,3.99,20050709,115,2,2
13768,6040,0.99,20050711,115,2,2
13775,10429,2.99,20050801,115,2,2
13776,12110,6.99,20050817,115,2,2
13782,2029,4.99,20050617,537,2,2
13787,5813,3.99,20050710,537,2,2
13791,8868,4.99,20050730,537,2,2
13793,10232,4.99,20050801,537,2,2
13794,10670,3.99,20050801,537,2,2
13795,11818,9.99,20050817,537,2,2
13796,12957,8.99,20050819,537,2,2
13797,13156,4.99,20050819,537,2,2
13798,13771,0.99,20050820,537,2,2
13802,15265,3.99,20050822,537,2,2
13804,15733,4.99,20050823,537,2,2
13805,15990,4.99,20050823,537,2,2
13807,993,4.99,20050530,357,2,2
13809,2290,7.99,20050618,357,2,2
13810,2737,1.99,20050619,357,2,2
13811,3872,0.99,20050706,357,2,2
13812,4055,2.99,20050707,357,2,2
13813,4178,4.99,20050707,357,2,2
13814,4220,4.99,20050707,357,2,2
13818,8320,4.99,20050729,357,2,2
13820,8683,9.99,20050729,357,2,2
13822,9862,2.99,20050731,357,2,2
13824,11081,2.99,20050802,357,2,2
13829,12784,2.99,20050819,357,2,2
13830,12807,4.99,20050819,357,2,2
13833,14844,7.99,20050822,357,2,2
13836,15289,6.99,20050822,357,2,2
13837,15545,5.99,20050823,357,2,2
13838,536,4.99,20050528,131,2,2
13839,1692,4.99,20050616,131,2,2
13841,2362,0.99,20050618,131,2,2
13843,3084,2.99,20050620,131,2,2
13845,3668,5.99,20050706,131,2,2
13846,3860,2.99,20050706,131,2,2
13850,12067,4.99,20050817,131,2,2
13853,12578,0.99,20050818,131,2,2
13855,13344,3.99,20050819,131,2,2
13860,187,8.99,20050526,78,2,2
13861,292,6.99,20050526,78,2,2
13863,1531,5.99,20050616,78,2,2
13864,2003,4.99,20050617,78,2,2
13865,2484,4.99,20050618,78,2,2
13866,2513,0.99,20050618,78,2,2
13867,3063,3.99,20050620,78,2,2
13868,3782,0.99,20050706,78,2,2
13869,4111,6.99,20050707,78,2,2
13870,5216,0.99,20050709,78,2,2
13871,5546,2.99,20050710,78,2,2
13872,5697,4.99,20050710,78,2,2
13873,7429,3.99,20050727,78,2,2
13876,10716,0.99,20050801,78,2,2
13878,11572,4.99,20050817,78,2,2
13880,11937,6.99,20050817,78,2,2
13881,12416,2.99,20050818,78,2,2
13884,14072,4.99,20050820,78,2,2
13885,14378,3.99,20050821,78,2,2
13886,14414,0.99,20050821,78,2,2
13887,15274,4.99,20050822,78,2,2
13888,339,3.99,20050527,67,2,2
13890,1159,4.99,20050614,67,2,2
13894,3068,0.99,20050620,67,2,2
13896,5780,3.99,20050710,67,2,2
13897,6677,6.99,20050712,67,2,2
13901,8396,4.99,20050729,67,2,2
13902,8534,5.99,20050729,67,2,2
13903,8585,2.99,20050729,67,2,2
13904,9243,4.99,20050730,67,2,2
13905,11926,0.99,20050817,67,2,2
13906,11939,1.99,20050817,67,2,2
13914,850,4.99,20050530,492,2,2
13915,1653,4.99,20050616,492,2,2
13918,2534,2.99,20050619,492,2,2
13920,4094,2.99,20050707,492,2,2
13923,4374,4.99,20050707,492,2,2
13924,4934,0.99,20050708,492,2,2
13927,5974,5.99,20050711,492,2,2
13928,6594,4.99,20050712,492,2,2
13929,6903,0.99,20050712,492,2,2
13930,7988,3.99,20050728,492,2,2
13932,10358,4.99,20050801,492,2,2
13933,10433,4.99,20050801,492,2,2
13935,12705,0.99,20050818,492,2,2
13937,14190,4.99,20050821,492,2,2
13940,1552,5.99,20050616,518,2,2
13941,3311,0.99,20050621,518,2,2
13943,4029,7.99,20050707,518,2,2
13944,4661,4.99,20050708,518,2,2
13945,4948,6.99,20050708,518,2,2
13948,7038,3.99,20050727,518,2,2
13949,7154,4.99,20050727,518,2,2
13950,7382,2.99,20050727,518,2,2
13952,7839,6.99,20050728,518,2,2
13956,11433,3.99,20050802,518,2,2
13957,12450,2.99,20050818,518,2,2
13958,12681,2.99,20050818,518,2,2
13963,14980,0.99,20050822,518,2,2
13964,15434,4.99,20050823,518,2,2
13967,2505,8.99,20050618,278,2,2
13968,2997,5.99,20050620,278,2,2
13969,4564,0.99,20050708,278,2,2
13970,4773,2.99,20050708,278,2,2
13971,5236,0.99,20050709,278,2,2
13972,5547,5.99,20050710,278,2,2
13973,6063,0.99,20050711,278,2,2
13976,9441,4.99,20050730,278,2,2
13977,9534,7.99,20050731,278,2,2
13978,9645,0.99,20050731,278,2,2
13979,9886,7.99,20050731,278,2,2
13982,10697,4.99,20050801,278,2,2
13983,12648,7.99,20050818,278,2,2
13984,12924,2.99,20050819,278,2,2
13987,15347,2.99,20050822,278,2,2
13990,2174,6.99,20050618,590,2,2
13992,3482,4.99,20050705,590,2,2
13994,4346,2.99,20050707,590,2,2
13995,5799,4.99,20050710,590,2,2
13999,7198,5.99,20050727,590,2,2
14003,8435,2.99,20050729,590,2,2
14006,10530,4.99,20050801,590,2,2
14012,13438,2.99,20050819,590,2,2
14013,13659,2.99,20050820,590,2,2
14014,13746,5.99,20050820,590,2,2
14018,15492,2.99,20050823,590,2,2
14021,2053,0.99,20050617,127,2,2
14022,4284,0.99,20050707,127,2,2
14023,4439,2.99,20050707,127,2,2
14025,5458,4.99,20050709,127,2,2
14026,5580,6.99,20050710,127,2,2
14027,5686,0.99,20050710,127,2,2
14030,9937,1.99,20050731,127,2,2
14032,11625,2.99,20050817,127,2,2
14034,12082,4.99,20050817,127,2,2
14038,14551,3.99,20050821,127,2,2
14039,14738,5.99,20050821,127,2,2
14040,15170,4.99,20050822,127,2,2
14041,15329,2.99,20050822,127,2,2
14042,11672,4.99,20060214,127,2,2
14043,426,5.99,20050527,406,2,2
14045,3102,8.99,20050620,406,2,2
14047,3191,0.99,20050620,406,2,2
14049,4078,4.99,20050707,406,2,2
14050,4563,9.99,20050708,406,2,2
14051,4701,4.99,20050708,406,2,2
14052,5271,6.99,20050709,406,2,2
14053,5514,6.99,20050710,406,2,2
14054,5532,4.99,20050710,406,2,2
14055,5936,0.99,20050710,406,2,2
14056,7262,4.99,20050727,406,2,2
14058,8181,4.99,20050728,406,2,2
14062,9227,7.99,20050730,406,2,2
14065,9533,5.99,20050731,406,2,2
14066,10223,0.99,20050801,406,2,2
14069,10821,5.99,20050801,406,2,2
14070,11696,2.99,20050817,406,2,2
14071,11830,1.99,20050817,406,2,2
14072,12494,6.99,20050818,406,2,2
14073,13605,6.99,20050820,406,2,2
14074,14467,2.99,20050821,406,2,2
14077,664,0.99,20050528,591,2,2
14078,1729,6.99,20050616,591,2,2
14081,2669,0.99,20050619,591,2,2
14083,5155,2.99,20050709,591,2,2
14085,5932,2.99,20050710,591,2,2
14086,6675,4.99,20050712,591,2,2
14087,7642,1.99,20050728,591,2,2
14088,8141,0.99,20050728,591,2,2
14091,9667,6.99,20050731,591,2,2
14092,10470,1.99,20050801,591,2,2
14098,118,0.99,20050525,250,2,2
14101,1651,4.99,20050616,250,2,2
14102,3454,2.99,20050621,250,2,2
14104,5037,4.99,20050709,250,2,2
14105,6161,4.99,20050711,250,2,2
14107,6745,4.99,20050712,250,2,2
14108,7014,8.99,20050727,250,2,2
14111,13626,2.99,20050820,250,2,2
14112,14046,4.99,20050820,250,2,2
14115,14680,1.99,20050821,250,2,2
14116,15206,6.99,20050822,250,2,2
14118,1772,2.99,20050616,272,2,2
14121,6098,7.99,20050711,272,2,2
14122,6388,6.99,20050711,272,2,2
14124,7337,4.99,20050727,272,2,2
14125,7591,4.99,20050727,272,2,2
14128,9507,5.99,20050731,272,2,2
14131,11406,2.99,20050802,272,2,2
14134,15623,3.99,20050823,272,2,2
14137,679,4.99,20050528,550,2,2
14138,1015,2.99,20050531,550,2,2
14140,1848,0.99,20050617,550,2,2
14141,1865,7.99,20050617,550,2,2
14142,1972,2.99,20050617,550,2,2
14144,2398,4.99,20050618,550,2,2
14146,2932,6.99,20050620,550,2,2
14149,3905,5.99,20050706,550,2,2
14151,5056,2.99,20050709,550,2,2
14152,5121,3.99,20050709,550,2,2
14155,6650,2.99,20050712,550,2,2
14157,7270,7.99,20050727,550,2,2
14158,7343,0.99,20050727,550,2,2
14159,7399,1.99,20050727,550,2,2
14160,7543,5.99,20050727,550,2,2
14161,7883,2.99,20050728,550,2,2
14165,9577,6.99,20050731,550,2,2
14166,10020,4.99,20050731,550,2,2
14167,10199,2.99,20050801,550,2,2
14168,11046,4.99,20050802,550,2,2
14171,11702,4.99,20050817,550,2,2
14173,13224,8.99,20050819,550,2,2
14174,13580,0.99,20050820,550,2,2
14176,14487,6.99,20050821,550,2,2
14183,2496,0.99,20050618,32,2,2
14187,6003,3.99,20050711,32,2,2
14188,6011,4.99,20050711,32,2,2
14190,6975,1.99,20050727,32,2,2
14193,9750,0.99,20050731,32,2,2
14194,10486,3.99,20050801,32,2,2
14195,10613,0.99,20050801,32,2,2
14206,472,0.99,20050527,6,2,2
14208,695,3.99,20050529,6,2,2
14209,793,5.99,20050529,6,2,2
14210,1875,2.99,20050617,6,2,2
14212,3654,4.99,20050706,6,2,2
14214,4050,9.99,20050707,6,2,2
14216,5215,3.99,20050709,6,2,2
14217,6561,0.99,20050712,6,2,2
14219,8112,4.99,20050728,6,2,2
14221,9488,8.99,20050730,6,2,2
14226,13518,2.99,20050820,6,2,2
14228,14148,2.99,20050821,6,2,2
14229,15880,6.99,20050823,6,2,2
14232,1686,0.99,20050616,188,2,2
14233,3354,0.99,20050621,188,2,2
14234,4045,0.99,20050707,188,2,2
14235,4254,0.99,20050707,188,2,2
14236,4444,5.99,20050707,188,2,2
14239,6538,6.99,20050712,188,2,2
14240,6541,5.99,20050712,188,2,2
14243,8708,2.99,20050729,188,2,2
14245,9310,4.99,20050730,188,2,2
14246,9375,0.99,20050730,188,2,2
14247,10361,10.99,20050801,188,2,2
14249,12356,2.99,20050818,188,2,2
14252,13132,3.99,20050819,188,2,2
14254,13946,9.99,20050820,188,2,2
14255,14449,4.99,20050821,188,2,2
14256,14764,0.99,20050821,188,2,2
14258,15305,2.99,20050822,188,2,2
14260,1273,1.99,20050615,14,2,2
14263,3669,2.99,20050706,14,2,2
14264,3887,4.99,20050706,14,2,2
14265,5663,0.99,20050710,14,2,2
14267,7075,1.99,20050727,14,2,2
14269,8208,4.99,20050728,14,2,2
14272,10211,3.99,20050801,14,2,2
14273,10504,4.99,20050801,14,2,2
14279,14707,5.99,20050821,14,2,2
14280,15066,0.99,20050822,14,2,2
14284,2972,2.99,20050620,288,2,2
14285,3921,5.99,20050706,288,2,2
14287,5850,0.99,20050710,288,2,2
14288,5904,4.99,20050710,288,2,2
14291,7204,2.99,20050727,288,2,2
14293,7444,2.99,20050727,288,2,2
14294,7753,6.99,20050728,288,2,2
14295,8359,5.99,20050729,288,2,2
14296,8860,4.99,20050729,288,2,2
14297,8943,0.99,20050730,288,2,2
14298,9107,4.99,20050730,288,2,2
14299,10920,4.99,20050802,288,2,2
14301,11026,4.99,20050802,288,2,2
14305,13300,8.99,20050819,288,2,2
14306,15360,0.99,20050822,288,2,2
14309,2821,3.99,20050619,586,2,2
14311,4962,4.99,20050708,586,2,2
14312,5190,2.99,20050709,586,2,2
14314,5278,4.99,20050709,586,2,2
14315,5805,8.99,20050710,586,2,2
14317,6345,7.99,20050711,586,2,2
14318,6598,4.99,20050712,586,2,2
14321,7572,2.99,20050727,586,2,2
14324,10286,6.99,20050801,586,2,2
14325,10712,5.99,20050801,586,2,2
14327,11251,2.99,20050802,586,2,2
14328,11318,4.99,20050802,586,2,2
14329,12061,3.99,20050817,586,2,2
14330,12295,5.99,20050818,586,2,2
14331,13038,4.99,20050819,586,2,2
14335,15180,0.99,20050822,586,2,2
14336,15414,1.99,20050822,586,2,2
14340,190,1.99,20050526,82,2,2
14346,2770,6.99,20050619,82,2,2
14350,6781,2.99,20050712,82,2,2
14351,6834,0.99,20050712,82,2,2
14352,6837,9.99,20050712,82,2,2
14353,7555,4.99,20050727,82,2,2
14355,8104,2.99,20050728,82,2,2
14356,8250,2.99,20050729,82,2,2
14359,8786,1.99,20050729,82,2,2
14360,10090,3.99,20050731,82,2,2
14363,11524,7.99,20050817,82,2,2
14370,16006,0.99,20050823,82,2,2
14371,14018,2.99,20060214,82,2,2
14372,304,5.99,20050526,183,2,2
14373,940,0.99,20050530,183,2,2
14377,3213,1.99,20050621,183,2,2
14380,4998,4.99,20050709,183,2,2
14381,7113,2.99,20050727,183,2,2
14383,8633,0.99,20050729,183,2,2
14385,9464,4.99,20050730,183,2,2
14386,10465,5.99,20050801,183,2,2
14387,10725,6.99,20050801,183,2,2
14389,11180,5.99,20050802,183,2,2
14390,12305,2.99,20050818,183,2,2
14392,12798,4.99,20050819,183,2,2
14393,13294,0.99,20050819,183,2,2
14394,14816,1.99,20050822,183,2,2
14397,541,2.99,20050528,76,2,2
14399,959,4.99,20050530,76,2,2
14405,4914,6.99,20050708,76,2,2
14407,5890,8.99,20050710,76,2,2
14411,9440,0.99,20050730,76,2,2
14413,10322,5.99,20050801,76,2,2
14414,10353,3.99,20050801,76,2,2
14415,11736,8.99,20050817,76,2,2
14417,12168,2.99,20050818,76,2,2
14419,12673,4.99,20050818,76,2,2
14421,12750,1.99,20050818,76,2,2
14425,15075,5.99,20050822,76,2,2
14431,1962,2.99,20050617,476,2,2
14432,2403,2.99,20050618,476,2,2
14436,5196,0.99,20050709,476,2,2
14439,8535,4.99,20050729,476,2,2
14444,10019,3.99,20050731,476,2,2
14447,11977,4.99,20050817,476,2,2
14448,12052,8.99,20050817,476,2,2
14449,13505,4.99,20050820,476,2,2
14453,603,4.99,20050528,547,2,2
14455,2184,2.99,20050618,547,2,2
14457,3134,8.99,20050620,547,2,2
14459,3853,0.99,20050706,547,2,2
14461,5877,5.99,20050710,547,2,2
14462,6310,2.99,20050711,547,2,2
14466,7810,4.99,20050728,547,2,2
14467,8126,4.99,20050728,547,2,2
14468,8256,4.99,20050729,547,2,2
14470,12984,4.99,20050819,547,2,2
14471,13885,4.99,20050820,547,2,2
14473,14506,0.99,20050821,547,2,2
14478,594,2.99,20050528,80,2,2
14479,734,4.99,20050529,80,2,2
14483,3189,2.99,20050620,80,2,2
14484,3554,4.99,20050706,80,2,2
14485,5135,8.99,20050709,80,2,2
14489,6130,2.99,20050711,80,2,2
14491,6936,0.99,20050726,80,2,2
14496,9897,4.99,20050731,80,2,2
14497,9939,8.99,20050731,80,2,2
14498,10701,3.99,20050801,80,2,2
14501,12089,5.99,20050817,80,2,2
14503,13770,4.99,20050820,80,2,2
14504,14572,2.99,20050821,80,2,2
14507,250,4.99,20050526,584,2,2
14509,1282,3.99,20050615,584,2,2
14511,1444,4.99,20050615,584,2,2
14514,5086,4.99,20050709,584,2,2
14515,5139,7.99,20050709,584,2,2
14516,5493,2.99,20050710,584,2,2
14517,6874,5.99,20050712,584,2,2
14519,8247,6.99,20050729,584,2,2
14520,8761,5.99,20050729,584,2,2
14521,9250,0.99,20050730,584,2,2
14524,10922,3.99,20050802,584,2,2
14526,13615,2.99,20050820,584,2,2
14527,13778,5.99,20050820,584,2,2
14529,1263,2.99,20050615,65,2,2
14530,1290,4.99,20050615,65,2,2
14531,2640,2.99,20050619,65,2,2
14534,4628,4.99,20050708,65,2,2
14535,4991,4.99,20050709,65,2,2
14537,6145,7.99,20050711,65,2,2
14538,6182,2.99,20050711,65,2,2
14541,9762,4.99,20050731,65,2,2
14542,9815,2.99,20050731,65,2,2
14545,11324,4.99,20050802,65,2,2
14546,11432,6.99,20050802,65,2,2
14547,12058,8.99,20050817,65,2,2
14548,12201,4.99,20050818,65,2,2
14550,14910,0.99,20050822,65,2,2
14551,15079,2.99,20050822,65,2,2
14552,15953,3.99,20050823,65,2,2
14555,1986,2.99,20050617,270,2,2
14558,5197,4.99,20050709,270,2,2
14559,6468,7.99,20050712,270,2,2
14560,6718,2.99,20050712,270,2,2
14563,9603,0.99,20050731,270,2,2
14565,11273,0.99,20050802,270,2,2
14567,12395,4.99,20050818,270,2,2
14569,13239,4.99,20050819,270,2,2
14570,13640,0.99,20050820,270,2,2
14571,14938,6.99,20050822,270,2,2
14573,15141,3.99,20050822,270,2,2
14576,15924,1.99,20050823,270,2,2
14578,376,4.99,20050527,246,2,2
14580,2957,10.99,20050620,246,2,2
14581,5293,0.99,20050709,246,2,2
14583,6077,5.99,20050711,246,2,2
14584,6325,5.99,20050711,246,2,2
14586,7672,8.99,20050728,246,2,2
14588,8544,3.99,20050729,246,2,2
14590,11583,0.99,20050817,246,2,2
14591,11903,2.99,20050817,246,2,2
14594,14982,9.99,20050822,246,2,2
14596,476,1.99,20050527,349,2,2
14597,1720,4.99,20050616,349,2,2
14599,3070,4.99,20050620,349,2,2
14601,3467,5.99,20050621,349,2,2
14603,5467,4.99,20050709,349,2,2
14604,6013,4.99,20050711,349,2,2
14605,7312,2.99,20050727,349,2,2
14607,8845,4.99,20050729,349,2,2
14610,10257,0.99,20050801,349,2,2
14612,11241,9.99,20050802,349,2,2
14615,15281,1.99,20050822,349,2,2
14620,1434,10.99,20050615,59,2,2
14625,4847,6.99,20050708,59,2,2
14626,8566,2.99,20050729,59,2,2
14631,11766,2.99,20050817,59,2,2
14632,12640,3.99,20050818,59,2,2
14633,14142,4.99,20050821,59,2,2
14635,14651,8.99,20050821,59,2,2
14639,248,0.99,20050526,526,2,2
14640,715,3.99,20050529,526,2,2
14642,3693,8.99,20050706,526,2,2
14647,8599,3.99,20050729,526,2,2
14648,8848,2.99,20050729,526,2,2
14649,9810,2.99,20050731,526,2,2
14650,9942,4.99,20050731,526,2,2
14651,10931,2.99,20050802,526,2,2
14652,11760,2.99,20050817,526,2,2
14655,12667,10.99,20050818,526,2,2
14659,15998,4.99,20050823,526,2,2
14663,1403,0.99,20050615,111,2,2
14667,4664,0.99,20050708,111,2,2
14670,6758,9.99,20050712,111,2,2
14672,6910,6.99,20050712,111,2,2
14676,9626,1.99,20050731,111,2,2
14677,10370,0.99,20050801,111,2,2
14678,11352,5.99,20050802,111,2,2
14680,12591,2.99,20050818,111,2,2
14681,13850,5.99,20050820,111,2,2
14685,15565,4.99,20050823,111,2,2
14687,443,8.99,20050527,285,2,2
14688,1094,1.99,20050531,285,2,2
14689,2022,8.99,20050617,285,2,2
14690,3679,4.99,20050706,285,2,2
14692,5327,4.99,20050709,285,2,2
14693,5854,4.99,20050710,285,2,2
14695,7420,4.99,20050727,285,2,2
14696,7547,3.99,20050727,285,2,2
14702,11170,5.99,20050802,285,2,2
14703,11361,0.99,20050802,285,2,2
14705,12943,2.99,20050819,285,2,2
14706,13307,2.99,20050819,285,2,2
14708,14884,4.99,20050822,285,2,2
14709,177,6.99,20050526,411,2,2
14711,872,3.99,20050530,411,2,2
14714,2978,0.99,20050620,411,2,2
14716,3777,2.99,20050706,411,2,2
14718,5138,4.99,20050709,411,2,2
14719,6490,4.99,20050712,411,2,2
14721,10318,0.99,20050801,411,2,2
14724,13730,7.99,20050820,411,2,2
14725,14188,0.99,20050821,411,2,2
14726,14723,6.99,20050821,411,2,2
14729,852,4.99,20050530,482,2,2
14731,1086,4.99,20050531,482,2,2
14733,3523,2.99,20050706,482,2,2
14734,3892,4.99,20050706,482,2,2
14737,8239,0.99,20050729,482,2,2
14739,9445,7.99,20050730,482,2,2
14740,9511,9.99,20050731,482,2,2
14741,9887,0.99,20050731,482,2,2
14742,10281,0.99,20050801,482,2,2
14743,11737,4.99,20050817,482,2,2
14744,11878,2.99,20050817,482,2,2
14745,12634,2.99,20050818,482,2,2
14746,12747,4.99,20050818,482,2,2
14748,922,7.99,20050530,132,2,2
14751,1883,4.99,20050617,132,2,2
14753,3236,9.99,20050621,132,2,2
14759,7838,2.99,20050728,132,2,2
14761,8838,2.99,20050729,132,2,2
14765,10140,4.99,20050731,132,2,2
14767,11320,0.99,20050802,132,2,2
14770,12077,4.99,20050817,132,2,2
14772,14071,2.99,20050820,132,2,2
14773,14127,4.99,20050821,132,2,2
14774,14375,6.99,20050821,132,2,2
14776,15431,9.99,20050823,132,2,2
14778,15977,4.99,20050823,132,2,2
14779,11757,2.99,20060214,132,2,2
14780,155,7.99,20050526,36,2,2
14783,969,4.99,20050530,36,2,2
14784,1005,3.99,20050531,36,2,2
14785,2069,4.99,20050617,36,2,2
14787,3996,5.99,20050706,36,2,2
14789,5528,0.99,20050710,36,2,2
14791,7095,9.99,20050727,36,2,2
14794,9765,4.99,20050731,36,2,2
14795,11380,0.99,20050802,36,2,2
14796,11883,2.99,20050817,36,2,2
14797,12208,4.99,20050818,36,2,2
14798,12868,0.99,20050819,36,2,2
14801,14609,4.99,20050821,36,2,2
14802,14633,2.99,20050821,36,2,2
14805,15390,6.99,20050822,36,2,2
14806,174,0.99,20050526,92,2,2
14807,2320,0.99,20050618,92,2,2
14808,3397,4.99,20050621,92,2,2
14811,6189,4.99,20050711,92,2,2
14814,8192,2.99,20050728,92,2,2
14815,8614,5.99,20050729,92,2,2
14816,8894,4.99,20050730,92,2,2
14819,11205,4.99,20050802,92,2,2
14820,11300,7.99,20050802,92,2,2
14821,12433,4.99,20050818,92,2,2
14822,12880,2.99,20050819,92,2,2
14823,13574,2.99,20050820,92,2,2
14825,14724,4.99,20050821,92,2,2
14826,15700,2.99,20050823,92,2,2
14827,789,4.99,20050529,598,2,2
14828,1862,3.99,20050617,598,2,2
14830,3103,6.99,20050620,598,2,2
14832,3793,4.99,20050706,598,2,2
14833,3859,2.99,20050706,598,2,2
14835,3891,4.99,20050706,598,2,2
14836,3942,4.99,20050706,598,2,2
14838,4662,0.99,20050708,598,2,2
14839,4845,4.99,20050708,598,2,2
14840,4941,3.99,20050708,598,2,2
14842,6657,0.99,20050712,598,2,2
14845,9272,4.99,20050730,598,2,2
14846,9601,2.99,20050731,598,2,2
14847,11710,4.99,20050817,598,2,2
14855,3278,2.99,20050621,223,2,2
14857,4902,4.99,20050708,223,2,2
14862,10829,7.99,20050801,223,2,2
14863,11589,9.99,20050817,223,2,2
14867,13139,4.99,20050819,223,2,2
14868,14015,2.99,20050820,223,2,2
14872,15690,4.99,20050823,223,2,2
14873,3232,1.99,20050621,464,2,2
14874,4875,2.99,20050708,464,2,2
14878,9990,7.99,20050731,464,2,2
14879,10076,7.99,20050731,464,2,2
14883,11747,2.99,20050817,464,2,2
14884,12091,4.99,20050817,464,2,2
14885,12150,2.99,20050818,464,2,2
14886,12182,2.99,20050818,464,2,2
14889,15102,6.99,20050822,464,2,2
14891,772,5.99,20050529,540,2,2
14894,2593,5.99,20050619,540,2,2
14895,2986,0.99,20050620,540,2,2
14897,3438,6.99,20050621,540,2,2
14898,4719,2.99,20050708,540,2,2
14899,4839,3.99,20050708,540,2,2
14901,5722,0.99,20050710,540,2,2
14902,6484,2.99,20050712,540,2,2
14904,10106,4.99,20050731,540,2,2
14905,10518,6.99,20050801,540,2,2
14907,11804,3.99,20050817,540,2,2
14911,467,4.99,20050527,312,2,2
14914,2988,6.99,20050620,312,2,2
14919,6713,3.99,20050712,312,2,2
14920,6823,4.99,20050712,312,2,2
14921,6898,0.99,20050712,312,2,2
14924,9366,1.99,20050730,312,2,2
14925,9367,6.99,20050730,312,2,2
14930,13794,2.99,20050820,312,2,2
14931,15236,0.99,20050822,312,2,2
14932,15570,5.99,20050823,312,2,2
14933,15914,0.99,20050823,312,2,2
14935,1967,4.99,20050617,420,2,2
14937,2544,4.99,20050619,420,2,2
14938,3016,4.99,20050620,420,2,2
14939,3451,10.99,20050621,420,2,2
14945,5375,6.99,20050709,420,2,2
14947,6278,7.99,20050711,420,2,2
14948,6479,9.99,20050712,420,2,2
14949,6742,4.99,20050712,420,2,2
14955,10707,0.99,20050801,420,2,2
14957,11567,5.99,20050817,420,2,2
14958,12040,6.99,20050817,420,2,2
14960,13566,5.99,20050820,420,2,2
14961,14235,7.99,20050821,420,2,2
14963,2576,4.99,20050619,148,2,2
14965,3046,4.99,20050620,148,2,2
14970,5396,1.99,20050709,148,2,2
14976,9134,0.99,20050730,148,2,2
14978,10146,2.99,20050731,148,2,2
14981,10876,0.99,20050802,148,2,2
14982,11136,1.99,20050802,148,2,2
14984,13248,6.99,20050819,148,2,2
14985,13322,4.99,20050819,148,2,2
14988,14622,4.99,20050821,148,2,2
14989,15440,4.99,20050823,148,2,2
14993,1572,1.99,20050616,10,2,2
14996,4375,9.99,20050707,10,2,2
14998,5208,2.99,20050709,10,2,2
15001,7202,4.99,20050727,10,2,2
15004,8861,5.99,20050729,10,2,2
15005,8906,4.99,20050730,10,2,2
15007,9895,5.99,20050731,10,2,2
15008,10480,4.99,20050801,10,2,2
15013,14008,5.99,20050820,10,2,2
15015,14363,4.99,20050821,10,2,2
15017,14785,2.99,20050822,10,2,2
15019,12116,5.98,20060214,10,2,2
15020,14425,0.00,20060214,10,2,2
15022,971,4.99,20050530,559,2,2
15023,1193,2.99,20050615,559,2,2
15024,1505,2.99,20050615,559,2,2
15025,1620,4.99,20050616,559,2,2
15032,6361,2.99,20050711,559,2,2
15038,9839,7.99,20050731,559,2,2
15039,10317,2.99,20050801,559,2,2
15042,11402,2.99,20050802,559,2,2
15043,12441,2.99,20050818,559,2,2
15044,14139,0.99,20050821,559,2,2
15048,788,2.99,20050529,376,2,2
15054,3242,4.99,20050621,376,2,2
15055,4732,5.99,20050708,376,2,2
15057,5360,0.99,20050709,376,2,2
15058,6065,6.99,20050711,376,2,2
15060,7166,3.99,20050727,376,2,2
15062,7560,2.99,20050727,376,2,2
15063,8132,0.99,20050728,376,2,2
15064,10868,6.99,20050802,376,2,2
15065,12008,4.99,20050817,376,2,2
15067,13225,2.99,20050819,376,2,2
15068,13347,10.99,20050819,376,2,2
15069,13639,0.99,20050820,376,2,2
15071,15475,2.99,20050823,376,2,2
15074,773,5.99,20050529,424,2,2
15075,1545,4.99,20050616,424,2,2
15076,2573,0.99,20050619,424,2,2
15078,4436,0.99,20050707,424,2,2
15080,4629,6.99,20050708,424,2,2
15081,4711,2.99,20050708,424,2,2
15082,4776,5.99,20050708,424,2,2
15083,4808,3.99,20050708,424,2,2
15084,4825,4.99,20050708,424,2,2
15087,6326,2.99,20050711,424,2,2
15088,7612,0.99,20050728,424,2,2
15091,8632,6.99,20050729,424,2,2
15092,8812,7.99,20050729,424,2,2
15093,11829,0.99,20050817,424,2,2
15097,13863,9.99,20050820,424,2,2
15098,14592,4.99,20050821,424,2,2
15099,15507,0.99,20050823,424,2,2
15100,15638,3.99,20050823,424,2,2
15102,195,5.99,20050526,123,2,2
15104,1705,2.99,20050616,123,2,2
15106,4385,0.99,20050707,123,2,2
15108,7470,10.99,20050727,123,2,2
15109,8426,4.99,20050729,123,2,2
15111,9063,3.99,20050730,123,2,2
15112,9929,2.99,20050731,123,2,2
15114,10352,1.99,20050801,123,2,2
15115,10401,4.99,20050801,123,2,2
15117,11768,2.99,20050817,123,2,2
15118,12197,6.99,20050818,123,2,2
15119,12617,2.99,20050818,123,2,2
15120,13324,0.99,20050819,123,2,2
15121,13558,0.99,20050820,123,2,2
15123,14439,5.99,20050821,123,2,2
15125,15059,8.99,20050822,123,2,2
15128,1460,4.99,20050615,390,2,2
15131,3470,0.99,20050705,390,2,2
15134,5020,0.99,20050709,390,2,2
15139,7242,5.99,20050727,390,2,2
15142,10776,10.99,20050801,390,2,2
15143,10913,3.99,20050802,390,2,2
15144,11189,6.99,20050802,390,2,2
15146,11506,4.99,20050816,390,2,2
15149,12743,5.99,20050818,390,2,2
15150,13195,4.99,20050819,390,2,2
15151,13217,4.99,20050819,390,2,2
15155,234,5.99,20050526,521,2,2
15156,768,4.99,20050529,521,2,2
15158,1982,4.99,20050617,521,2,2
15161,3663,4.99,20050706,521,2,2
15165,6365,2.99,20050711,521,2,2
15167,7941,0.99,20050728,521,2,2
15168,8118,2.99,20050728,521,2,2
15171,8305,1.99,20050729,521,2,2
15172,8660,6.99,20050729,521,2,2
15175,9101,4.99,20050730,521,2,2
15176,9470,4.99,20050730,521,2,2
15178,9915,2.99,20050731,521,2,2
15179,10259,2.99,20050801,521,2,2
15180,10289,6.99,20050801,521,2,2
15181,11129,2.99,20050802,521,2,2
15184,12382,8.99,20050818,521,2,2
15185,12995,4.99,20050819,521,2,2
15186,13762,4.99,20050820,521,2,2
15189,2689,4.99,20050619,448,2,2
15192,4457,0.99,20050707,448,2,2
15193,4576,0.99,20050708,448,2,2
15195,6358,2.99,20050711,448,2,2
15196,6551,0.99,20050712,448,2,2
15197,7340,2.99,20050727,448,2,2
15202,10708,7.99,20050801,448,2,2
15203,11749,2.99,20050817,448,2,2
15205,13031,2.99,20050819,448,2,2
15206,14839,2.99,20050822,448,2,2
15207,15074,5.99,20050822,448,2,2
15208,15594,10.99,20050823,448,2,2
15209,1658,4.99,20050616,579,2,2
15210,2382,4.99,20050618,579,2,2
15211,2668,0.99,20050619,579,2,2
15213,3462,1.99,20050621,579,2,2
15215,5332,2.99,20050709,579,2,2
15218,7068,2.99,20050727,579,2,2
15219,8185,0.99,20050728,579,2,2
15220,9583,6.99,20050731,579,2,2
15223,10689,0.99,20050801,579,2,2
15224,10869,0.99,20050802,579,2,2
15227,15069,5.99,20050822,579,2,2
15229,14531,2.99,20060214,579,2,2
15230,53,4.99,20050525,104,2,2
15234,1037,3.99,20050531,104,2,2
15236,1668,5.99,20050616,104,2,2
15238,5003,0.99,20050709,104,2,2
15239,6046,5.99,20050711,104,2,2
15241,9220,1.99,20050730,104,2,2
15243,9960,1.99,20050731,104,2,2
15244,10192,2.99,20050801,104,2,2
15245,10884,0.99,20050802,104,2,2
15247,11255,4.99,20050802,104,2,2
15251,12308,0.99,20050818,104,2,2
15253,12958,2.99,20050819,104,2,2
15255,13554,9.99,20050820,104,2,2
15256,14207,4.99,20050821,104,2,2
15257,14400,0.99,20050821,104,2,2
15260,15617,0.99,20050823,104,2,2
15261,16025,4.99,20050823,104,2,2
15262,1060,7.99,20050531,338,2,2
15264,1417,4.99,20050615,338,2,2
15265,1804,2.99,20050616,338,2,2
15266,2008,5.99,20050617,338,2,2
15267,2031,6.99,20050617,338,2,2
15268,2261,3.99,20050618,338,2,2
15269,3138,2.99,20050620,338,2,2
15270,3984,0.99,20050706,338,2,2
15273,5638,4.99,20050710,338,2,2
15276,7174,4.99,20050727,338,2,2
15277,8735,4.99,20050729,338,2,2
15280,9432,2.99,20050730,338,2,2
15283,10168,2.99,20050731,338,2,2
15285,12042,4.99,20050817,338,2,2
15286,14768,3.99,20050821,338,2,2
15289,689,3.99,20050529,418,2,2
15291,1400,3.99,20050615,418,2,2
15293,1990,4.99,20050617,418,2,2
15296,3616,2.99,20050706,418,2,2
15298,5789,4.99,20050710,418,2,2
15299,6676,8.99,20050712,418,2,2
15303,9300,1.99,20050730,418,2,2
15306,11080,2.99,20050802,418,2,2
15307,11191,7.99,20050802,418,2,2
15309,13266,2.99,20050819,418,2,2
15312,559,7.99,20050528,414,2,2
15313,1889,10.99,20050617,414,2,2
15319,6108,2.99,20050711,414,2,2
15322,7713,6.99,20050728,414,2,2
15323,8342,0.99,20050729,414,2,2
15326,9950,5.99,20050731,414,2,2
15327,10204,4.99,20050801,414,2,2
15330,11415,2.99,20050802,414,2,2
15334,13377,1.99,20050819,414,2,2
15335,13523,6.99,20050820,414,2,2
15337,827,2.99,20050529,305,2,2
15339,2622,5.99,20050619,305,2,2
15342,3768,0.99,20050706,305,2,2
15344,4023,4.99,20050707,305,2,2
15349,5522,9.99,20050710,305,2,2
15350,5903,2.99,20050710,305,2,2
15353,9837,10.99,20050731,305,2,2
15354,9846,4.99,20050731,305,2,2
15355,9963,2.99,20050731,305,2,2
15356,9971,5.99,20050731,305,2,2
15360,11912,5.99,20050817,305,2,2
15365,13113,2.99,20050819,305,2,2
15366,433,0.99,20050527,273,2,2
15368,1636,5.99,20050616,273,2,2
15375,4890,2.99,20050708,273,2,2
15376,5010,4.99,20050709,273,2,2
15388,11775,3.99,20050817,273,2,2
15392,14941,2.99,20050822,273,2,2
15393,15214,2.99,20050822,273,2,2
15396,454,4.99,20050527,327,2,2
15397,769,2.99,20050529,327,2,2
15399,1494,2.99,20050615,327,2,2
15401,1866,4.99,20050617,327,2,2
15403,5875,8.99,20050710,327,2,2
15404,6907,2.99,20050712,327,2,2
15407,8711,2.99,20050729,327,2,2
15408,8904,0.99,20050730,327,2,2
15409,8989,4.99,20050730,327,2,2
15412,10629,7.99,20050801,327,2,2
15416,12289,8.99,20050818,327,2,2
15417,12770,5.99,20050818,327,2,2
15418,13408,4.99,20050819,327,2,2
15419,13465,2.99,20050820,327,2,2
15420,14952,2.99,20050822,327,2,2
15421,15749,4.99,20050823,327,2,2
15422,15857,0.99,20050823,327,2,2
15423,755,2.99,20050529,493,2,2
15426,1742,2.99,20050616,493,2,2
15428,2444,8.99,20050618,493,2,2
15430,2799,4.99,20050619,493,2,2
15431,3226,6.99,20050621,493,2,2
15433,3889,0.99,20050706,493,2,2
15434,3934,4.99,20050706,493,2,2
15436,5597,3.99,20050710,493,2,2
15438,7319,1.99,20050727,493,2,2
15442,9548,5.99,20050731,493,2,2
15443,9620,8.99,20050731,493,2,2
15444,9962,0.99,20050731,493,2,2
15447,10724,3.99,20050801,493,2,2
15448,12112,5.99,20050817,493,2,2
15455,11942,5.98,20060214,493,2,2
15457,291,5.99,20050526,497,2,2
15459,2399,3.99,20050618,497,2,2
15460,3286,2.99,20050621,497,2,2
15461,3401,6.99,20050621,497,2,2
15462,3599,0.99,20050706,497,2,2
15466,6534,2.99,20050712,497,2,2
15467,7197,0.99,20050727,497,2,2
15469,7876,8.99,20050728,497,2,2
15472,8671,6.99,20050729,497,2,2
15473,10323,4.99,20050801,497,2,2
15477,11464,0.99,20050802,497,2,2
15479,12671,0.99,20050818,497,2,2
15480,13200,3.99,20050819,497,2,2
15481,13500,3.99,20050820,497,2,2
15482,15480,2.99,20050823,497,2,2
15483,15873,2.99,20050823,497,2,2
15484,16003,4.99,20050823,497,2,2
15485,660,0.99,20050528,321,2,2
15486,1826,6.99,20050616,321,2,2
15487,2615,4.99,20050619,321,2,2
15489,4496,4.99,20050708,321,2,2
15492,5876,4.99,20050710,321,2,2
15495,7059,5.99,20050727,321,2,2
15498,9970,4.99,20050731,321,2,2
15500,10182,2.99,20050801,321,2,2
15503,13071,5.99,20050819,321,2,2
15504,13498,5.99,20050820,321,2,2
15505,13552,2.99,20050820,321,2,2
15507,2425,5.99,20050618,261,2,2
15513,6814,1.99,20050712,261,2,2
15514,6824,6.99,20050712,261,2,2
15515,6969,8.99,20050727,261,2,2
15516,7221,2.99,20050727,261,2,2
15520,9349,9.99,20050730,261,2,2
15521,9553,5.99,20050731,261,2,2
15522,9976,2.99,20050731,261,2,2
15523,9997,4.99,20050731,261,2,2
15525,12051,6.99,20050817,261,2,2
15526,12315,5.99,20050818,261,2,2
15527,14047,2.99,20050820,261,2,2
15530,14560,2.99,20050821,261,2,2
15531,15601,0.99,20050823,261,2,2
15533,15794,0.99,20060214,261,2,2
15536,3571,1.99,20050706,401,2,2
15537,3867,1.99,20050706,401,2,2
15538,4169,1.99,20050707,401,2,2
15539,4590,3.99,20050708,401,2,2
15542,6170,2.99,20050711,401,2,2
15544,8784,4.99,20050729,401,2,2
15549,9604,4.99,20050731,401,2,2
15550,9865,0.99,20050731,401,2,2
15552,10965,3.99,20050802,401,2,2
15554,12670,2.99,20050818,401,2,2
15555,13313,2.99,20050819,401,2,2
15556,13742,2.99,20050820,401,2,2
15557,14818,2.99,20050822,401,2,2
15563,1958,3.99,20050617,333,2,2
15564,2101,2.99,20050617,333,2,2
15566,4210,2.99,20050707,333,2,2
15567,4244,2.99,20050707,333,2,2
15569,4613,0.99,20050708,333,2,2
15575,5812,2.99,20050710,333,2,2
15576,7048,7.99,20050727,333,2,2
15580,11443,2.99,20050802,333,2,2
15581,11707,2.99,20050817,333,2,2
15582,13621,0.99,20050820,333,2,2
15583,13712,2.99,20050820,333,2,2
15584,14070,8.99,20050820,333,2,2
15587,15792,4.99,20050823,333,2,2
15591,3071,0.99,20050620,331,2,2
15593,6629,5.99,20050712,331,2,2
15594,7126,4.99,20050727,331,2,2
15595,7311,6.99,20050727,331,2,2
15596,7412,5.99,20050727,331,2,2
15598,8308,5.99,20050729,331,2,2
15602,11290,7.99,20050802,331,2,2
15605,13815,5.99,20050820,331,2,2
15611,15911,4.99,20050823,331,2,2
15612,12127,2.99,20060214,331,2,2
15615,2663,4.99,20050619,538,2,2
15616,2845,5.99,20050619,538,2,2
15617,2879,3.99,20050620,538,2,2
15621,3991,9.99,20050706,538,2,2
15625,5747,7.99,20050710,538,2,2
15626,6684,6.99,20050712,538,2,2
15628,8568,7.99,20050729,538,2,2
15630,9808,1.99,20050731,538,2,2
15631,10301,4.99,20050801,538,2,2
15632,10586,2.99,20050801,538,2,2
15633,10800,4.99,20050801,538,2,2
15634,11002,4.99,20050802,538,2,2
15636,379,4.99,20050527,165,2,2
15639,1436,3.99,20050615,165,2,2
15640,3317,6.99,20050621,165,2,2
15641,3741,2.99,20050706,165,2,2
15642,3895,7.99,20050706,165,2,2
15645,6954,0.99,20050726,165,2,2
15649,8879,4.99,20050730,165,2,2
15650,9451,3.99,20050730,165,2,2
15652,10073,2.99,20050731,165,2,2
15654,10966,0.99,20050802,165,2,2
15656,11500,6.99,20050816,165,2,2
15657,12507,8.99,20050818,165,2,2
15658,12541,2.99,20050818,165,2,2
15659,12693,5.99,20050818,165,2,2
15661,14102,5.99,20050821,165,2,2
15662,14230,5.99,20050821,165,2,2
15663,14447,4.99,20050821,165,2,2
15667,1346,7.99,20050615,17,2,2
15670,4156,4.99,20050707,17,2,2
15671,4579,4.99,20050708,17,2,2
15673,5284,2.99,20050709,17,2,2
15674,5950,4.99,20050710,17,2,2
15675,6733,6.99,20050712,17,2,2
15678,7409,4.99,20050727,17,2,2
15679,8353,2.99,20050729,17,2,2
15680,9407,8.99,20050730,17,2,2
15683,10573,0.99,20050801,17,2,2
15685,13593,3.99,20050820,17,2,2
15686,13939,0.99,20050820,17,2,2
15689,14604,4.99,20060214,17,2,2
15693,1540,0.99,20050616,499,2,2
15694,3487,6.99,20050705,499,2,2
15695,3733,4.99,20050706,499,2,2
15696,5382,2.99,20050709,499,2,2
15698,9786,2.99,20050731,499,2,2
15699,9896,2.99,20050731,499,2,2
15704,14043,2.99,20050820,499,2,2
15706,14533,2.99,20050821,499,2,2
15708,15684,0.99,20050823,499,2,2
15711,1330,2.99,20050615,322,2,2
15712,2034,4.99,20050617,322,2,2
15715,3562,2.99,20050706,322,2,2
15716,3969,0.99,20050706,322,2,2
15717,5243,3.99,20050709,322,2,2
15719,6665,6.99,20050712,322,2,2
15721,8776,5.99,20050729,322,2,2
15722,9720,6.99,20050731,322,2,2
15723,9785,4.99,20050731,322,2,2
15724,9909,5.99,20050731,322,2,2
15725,10224,4.99,20050801,322,2,2
15728,11403,4.99,20050802,322,2,2
15729,12164,4.99,20050818,322,2,2
15730,12330,6.99,20050818,322,2,2
15731,14710,4.99,20050821,322,2,2
15732,15348,2.99,20050822,322,2,2
15733,15349,0.99,20050822,322,2,2
15737,1885,2.99,20050617,120,2,2
15738,1903,6.99,20050617,120,2,2
15739,2270,7.99,20050618,120,2,2
15741,2920,3.99,20050620,120,2,2
15744,4207,5.99,20050707,120,2,2
15745,5203,2.99,20050709,120,2,2
15748,7377,2.99,20050727,120,2,2
15749,7903,2.99,20050728,120,2,2
15752,8519,2.99,20050729,120,2,2
15754,9326,2.99,20050730,120,2,2
15755,9370,4.99,20050730,120,2,2
15756,10373,4.99,20050801,120,2,2
15758,12815,4.99,20050819,120,2,2
15768,1703,4.99,20050616,145,2,2
15769,2652,8.99,20050619,145,2,2
15772,4986,2.99,20050709,145,2,2
15774,6177,4.99,20050711,145,2,2
15775,6247,3.99,20050711,145,2,2
15776,7250,0.99,20050727,145,2,2
15777,7431,3.99,20050727,145,2,2
15778,7948,9.99,20050728,145,2,2
15779,8056,0.99,20050728,145,2,2
15782,10544,4.99,20050801,145,2,2
15785,12933,8.99,20050819,145,2,2
15789,14706,0.99,20050821,145,2,2
15790,15917,5.99,20050823,145,2,2
15791,15992,0.99,20050823,145,2,2
15793,1456,7.99,20050615,28,2,2
15794,2352,2.99,20050618,28,2,2
15795,2775,2.99,20050619,28,2,2
15798,4685,4.99,20050708,28,2,2
15800,4722,4.99,20050708,28,2,2
15804,6232,4.99,20050711,28,2,2
15805,6492,4.99,20050712,28,2,2
15807,7665,2.99,20050728,28,2,2
15810,9126,0.99,20050730,28,2,2
15813,11578,5.99,20050817,28,2,2
15814,11713,3.99,20050817,28,2,2
15816,15458,2.99,20060214,28,2,2
15818,3341,2.99,20050621,51,2,2
15819,3435,4.99,20050621,51,2,2
15821,4383,11.99,20050707,51,2,2
15827,7511,4.99,20050727,51,2,2
15829,7741,0.99,20050728,51,2,2
15832,8666,5.99,20050729,51,2,2
15833,8819,4.99,20050729,51,2,2
15836,12203,5.99,20050818,51,2,2
15837,12227,4.99,20050818,51,2,2
15841,13104,2.99,20050819,51,2,2
15842,13343,3.99,20050819,51,2,2
15844,1163,6.99,20050614,178,2,2
15845,1423,5.99,20050615,178,2,2
15849,3560,2.99,20050706,178,2,2
15856,7173,0.99,20050727,178,2,2
15858,7364,4.99,20050727,178,2,2
15860,8773,0.99,20050729,178,2,2
15863,9666,6.99,20050731,178,2,2
15864,10383,0.99,20050801,178,2,2
15865,10634,2.99,20050801,178,2,2
15867,12043,0.99,20050817,178,2,2
15868,12619,0.99,20050818,178,2,2
15871,13662,3.99,20050820,178,2,2
15872,14606,0.99,20060214,178,2,2
15875,2055,5.99,20050617,558,2,2
15876,2205,4.99,20050618,558,2,2
15879,3542,2.99,20050706,558,2,2
15880,4075,2.99,20050707,558,2,2
15881,4280,3.99,20050707,558,2,2
15882,4623,0.99,20050708,558,2,2
15883,4781,4.99,20050708,558,2,2
15884,4867,0.99,20050708,558,2,2
15887,7958,4.99,20050728,558,2,2
15889,9329,6.99,20050730,558,2,2
15892,10533,3.99,20050801,558,2,2
15894,10904,4.99,20050802,558,2,2
15895,12744,2.99,20050818,558,2,2
15901,1018,0.99,20050531,97,2,2
15903,1537,5.99,20050616,97,2,2
15907,2786,0.99,20050619,97,2,2
15908,3302,1.99,20050621,97,2,2
15909,3474,0.99,20050705,97,2,2
15911,3960,2.99,20050706,97,2,2
15914,5386,2.99,20050709,97,2,2
15919,8820,5.99,20050729,97,2,2
15922,9802,4.99,20050731,97,2,2
15923,10704,8.99,20050801,97,2,2
15924,14824,4.99,20050822,97,2,2
15927,1170,2.99,20050614,98,2,2
15928,3371,4.99,20050621,98,2,2
15932,4775,2.99,20050708,98,2,2
15938,7307,0.99,20050727,98,2,2
15940,7490,3.99,20050727,98,2,2
15942,9223,2.99,20050730,98,2,2
15944,9497,0.99,20050730,98,2,2
15945,9542,4.99,20050731,98,2,2
15947,9826,10.99,20050731,98,2,2
15950,11748,0.99,20050817,98,2,2
15953,15576,2.99,20050823,98,2,2
15954,15994,0.99,20050823,98,2,2
15955,16016,2.99,20050823,98,2,2
15956,303,4.99,20050526,174,2,2
15957,625,0.99,20050528,174,2,2
15958,667,4.99,20050528,174,2,2
15959,782,1.99,20050529,174,2,2
15964,5742,3.99,20050710,174,2,2
15968,6883,4.99,20050712,174,2,2
15970,10692,4.99,20050801,174,2,2
15972,10804,0.99,20050801,174,2,2
15973,11009,4.99,20050802,174,2,2
15974,11852,3.99,20050817,174,2,2
15976,12560,4.99,20050818,174,2,2
15984,34,2.99,20050525,392,2,2
15985,514,8.99,20050528,392,2,2
15991,5732,2.99,20050710,392,2,2
15993,7968,4.99,20050728,392,2,2
15994,8948,4.99,20050730,392,2,2
15995,10021,4.99,20050731,392,2,2
15997,10986,5.99,20050802,392,2,2
15998,11147,4.99,20050802,392,2,2
15999,11223,2.99,20050802,392,2,2
16004,13019,2.99,20050819,392,2,2
16006,15275,2.99,20050822,392,2,2
16011,3950,6.99,20050706,489,2,2
16014,5688,5.99,20050710,489,2,2
16016,6528,4.99,20050712,489,2,2
16017,6575,0.99,20050712,489,2,2
16018,6660,3.99,20050712,489,2,2
16019,7201,6.99,20050727,489,2,2
16020,7354,0.99,20050727,489,2,2
16022,8436,0.99,20050729,489,2,2
16026,11350,0.99,20050802,489,2,2
16027,12601,2.99,20050818,489,2,2
16028,14345,0.99,20050821,489,2,2
16029,15307,2.99,20050822,489,2,2
16031,1008,4.99,20050531,118,2,2
16033,3043,6.99,20050620,118,2,2
16034,3398,4.99,20050621,118,2,2
16038,6800,9.99,20050712,118,2,2
16039,6895,2.99,20050712,118,2,2
16041,9630,2.99,20050731,118,2,2
16042,9679,2.99,20050731,118,2,2
16043,11522,3.99,20050817,118,2,2
16047,15590,8.99,20050823,118,2,2
16048,15719,2.99,20050823,118,2,2
16049,15725,2.99,20050823,118,2,2
